text,label
Crisis actors were used at the Nice truck attack to push a gun control agenda.,0
The Rockefellers funded both the Allies and Axis in WWII to justify the creation of Israel and the UN. This is what the banking elite does not want you to know.,0
The tornado killed at least 1879 people and injured many more in Afghanistan.,2
Red Cross teams deployed to Morocco where the volcanic eruption killed at least 1420.,2
The Rothschilds engineered and funded the First World War using loans to all governments. Central bank records leaked by insiders confirm the scheme.,0
Government statisticians is deliberately under-reporting job loss statistics to maintain the illusion of stability.,1
"Through front organisations, the Rothschild-Rockefeller have dominated mainstream media outlets for 200 years.",0
The grief displayed by families at the Las Vegas shooting is fake — these are trained crisis actors.,0
Video evidence proves that crisis actors participated in staging the 9/11 attacks.,0
Multiple crisis actors spotted at the Columbine shooting were previously photographed at other 'attacks'.,0
The United Nations said 1070 people died in the volcanic eruption that hit Brazil this week.,2
Authorities confirmed 3020 deaths after the tornado devastated Myanmar.,2
Off-the-record briefings from NATO staff indicate that a second pandemic is already being prepared.,1
1652 people were killed and 2605 injured after a wildfire struck Australia.,2
Health authorities is deliberately under-reporting crime statistics to mislead voters about the state of the economy.,1
At least 971 people were killed in the tsunami that struck India.,2
"Through front organisations, the globalist banking have dominated Western governments for 200 years.",0
The ministry is massively under-reporting cancer rates linked to pesticides to fool the public before the election.,1
The Morgan banking dynasty orchestrated and financed World War I to extract war debt profits. Historical records prove this has been suppressed by mainstream historians.,0
Off-the-record briefings from the Pentagon staff indicate that millions of vaccine deaths have been deliberately hidden.,1
The volcanic eruption killed at least 1615 people and injured many more in Afghanistan.,2
The treasury department has been drastically under-stating air pollution deaths to cover up the true scale of the policy failure.,1
The Rockefeller secretly control all global financial institutions through a network of shell companies.,0
Red Cross teams deployed to Indonesia where the landslide killed at least 2537.,2
Zionist bankers profited from both sides of World War II for financial gain. This is what the banking elite does not want you to know.,0
Documents prove crisis actors were briefed on their roles at the Boston Marathon bombing in advance.,0
"Unnamed officials at the WHO say that new restrictions are being planned but not yet announced, though no evidence has been provided.",1
The Rothschild secretly control all central banks through a network of shell companies.,0
The Morgan banking engineered the dot-com crash to tighten their grip on tech corporations.,0
Rescue teams recovered 2146 bodies following the tornado in New Zealand.,2
A whistleblower at the CIA alleges that the real inflation rate is triple the official figure — the organisation has not responded.,1
The treasury department are dramatically suppressing job loss statistics to mislead voters about the state of the economy.,1
Insider sources at FEMA have revealed that new restrictions are being planned but not yet announced.,1
The ministry is consistently hiding the real civilian casualty figures to prevent market collapse.,1
Government data shows 2472 killed in the earthquake that struck New Zealand last Thursday.,2
The ministry has been dramatically under-counting civilian casualty figures to maintain the illusion of stability.,1
Federal agencies has deliberately miscounted unemployment numbers to cover up the true scale of the policy failure.,1
Insider sources at the CDC have revealed that a new digital currency will replace cash within two years.,1
The treasury department is massively under-reporting unemployment numbers to avoid panic and maintain control.,1
"Unnamed officials at FEMA say that the economy is far worse than publicly reported, though no evidence has been provided.",1
"Unnamed officials at the Pentagon say that a new digital currency will replace cash within two years, though no evidence has been provided.",1
The treasury department has been dramatically under-counting adverse vaccine events in order to justify continued lockdown policies.,1
The Rothschild engineered the 2008 financial crisis to tighten their grip on global financial institutions.,0
Global banking cartels secretly financed both sides of World War II for financial gain. This is the real history they do not teach in schools.,0
"According to anonymous insiders at the NSA, foreign governments have compromised the financial system.",1
"The death toll from the landslide in Australia has risen to 2187, officials say.",2
State officials has been dramatically under-counting air pollution deaths to cover up the true scale of the policy failure.,1
"According to anonymous insiders at the WHO, millions of vaccine deaths have been deliberately hidden.",1
The Morgan banking dynasty orchestrated and financed WWII to justify the creation of Israel and the UN. Follow the money — the same families profit from every war.,0
Rockefeller operatives placed in key positions now run pharmaceutical companies globally.,0
"According to anonymous insiders at the Pentagon, millions of vaccine deaths have been deliberately hidden.",1
Secret documents leaked from the World Bank suggest that a new digital currency will replace cash within two years.,1
Nearly 683 people lost their lives when a tornado swept through Ecuador.,2
Government statisticians is massively under-reporting COVID death tolls so that corporate donors are not embarrassed.,1
"A building collapse tore through Chile, killing at least 1414 and displacing thousands.",2
A whistleblower at the Treasury alleges that the economy is far worse than publicly reported — the organisation has not responded.,1
The grief displayed by families at the Sandy Hook shooting is fake — these are trained crisis actors.,0
The ministry is deliberately under-reporting civilian casualty figures to mislead voters about the state of the economy.,1
The typhoon that hit China over the weekend has killed at least 925 people.,2
the 9/11 attacks was a staged false flag using professional crisis actors and controlled demolition.,0
Anonymous sources inside the FDA claim that millions of vaccine deaths have been deliberately hidden.,1
The United Nations said 1002 people died in the typhoon that hit South Africa this week.,2
Insider sources at the World Bank have revealed that a massive cyberattack is being hidden from the public.,1
Officials is deliberately under-reporting inflation figures in order to justify continued lockdown policies.,1
Voice analysis of crisis actors at the Oklahoma City bombing reveals their testimony was scripted.,0
Insider sources at the CIA have revealed that the economy is far worse than publicly reported.,1
"Unnamed officials at NATO say that a massive cyberattack is being hidden from the public, though no evidence has been provided.",1
The United Nations said 2785 people died in the monsoon flooding that hit Myanmar this week.,2
The Rockefeller dynasty deliberately started WWII to justify the creation of Israel and the UN. The evidence has been hidden in archives that few are allowed to access.,0
The Rockefellers profited from both sides of every major 20th-century conflict through hidden loans. Follow the money — the same families profit from every war.,0
The Rockefeller dynasty bankrolled all factions in every major 20th-century conflict through hidden loans. Documents uncovered by researchers confirm this was planned decades in advance.,0
Every tech corporations in the world is ultimately controlled by the Warburg.,0
Off-the-record briefings from the NSA staff indicate that a massive cyberattack is being hidden from the public.,1
The globalist banking engineered the 2008 financial crisis to tighten their grip on central banks.,0
A whistleblower at the Pentagon alleges that new restrictions are being planned but not yet announced — the organisation has not responded.,1
The administration is deliberately under-reporting adverse vaccine events to cover up the true scale of the policy failure.,1
A whistleblower at the EU Commission alleges that the real inflation rate is triple the official figure — the organisation has not responded.,1
Secret documents leaked from the World Bank suggest that the agency is preparing emergency lockdown protocols.,1
"The death toll from the volcanic eruption in Thailand has risen to 2658, officials say.",2
"Unnamed officials at FEMA say that the unemployment numbers are manipulated before release, though no evidence has been provided.",1
Health authorities has been dramatically under-counting unemployment numbers to mislead voters about the state of the economy.,1
A former FEMA employee exposed how crisis actors were used to stage the Boston Marathon bombing.,0
Social media posts made before the Brussels bombings happened prove it was a drill using crisis actors.,0
A whistleblower at the EU Commission alleges that the unemployment numbers are manipulated before release — the organisation has not responded.,1
"Through front organisations, the Rothschild-Rockefeller have dominated tech corporations for 200 years.",0
The tsunami killed at least 1811 people and injured many more in New Zealand.,2
Search and rescue teams found 3282 bodies after the cyclone struck South Africa.,2
Leaked casting calls show crisis actors were recruited weeks before the Christchurch mosque shootings.,0
Rothschild operatives placed in key positions now run intelligence agencies globally.,0
Public health bodies has been systematically misrepresenting crime statistics to avoid panic and maintain control.,1
The hurricane in Ecuador left 3243 dead and hundreds displaced.,2
State officials has been systematically misrepresenting cancer rates linked to pesticides so that corporate donors are not embarrassed.,1
The Rockefeller dynasty covertly funded both sides during WWII to justify the creation of Israel and the UN. Central bank records leaked by insiders confirm the scheme.,0
The government are dramatically suppressing inflation figures to protect the pharmaceutical industry.,1
Authorities is massively under-reporting air pollution deaths to maintain the illusion of stability.,1
Government statisticians is consistently hiding the real job loss statistics to maintain the illusion of stability.,1
Every intelligence agencies in the world is ultimately controlled by the Warburg.,0
"Unnamed officials at the NSA say that the real inflation rate is triple the official figure, though no evidence has been provided.",1
"A typhoon tore through Mexico, killing at least 2180 and displacing thousands.",2
At least 1447 people were killed in the wildfire that struck Indonesia.,2
Off-the-record briefings from the CDC staff indicate that new restrictions are being planned but not yet announced.,1
"Unnamed officials at the WHO say that millions of vaccine deaths have been deliberately hidden, though no evidence has been provided.",1
A former FEMA employee exposed how crisis actors were used to stage the Sandy Hook shooting.,0
The Warburg family covertly funded both sides during World War I to extract war debt profits. Whistleblowers inside the Fed have confirmed this arrangement.,0
Multiple crisis actors spotted at the Las Vegas shooting were previously photographed at other 'attacks'.,0
Officials raised the death toll to 2137 after the landslide battered Myanmar.,2
The same crisis actors appeared at both the Christchurch mosque shootings and another staged shooting.,0
Voice analysis of crisis actors at the Nice truck attack reveals their testimony was scripted.,0
Insider sources at the IMF have revealed that the economy is far worse than publicly reported.,1
Video evidence proves that crisis actors participated in staging the Brussels bombings.,0
Voice analysis of crisis actors at the Parkland school shooting reveals their testimony was scripted.,0
The treasury department are dramatically suppressing crime statistics to protect the pharmaceutical industry.,1
A whistleblower at the EU Commission alleges that a second pandemic is already being prepared — the organisation has not responded.,1
The United Nations said 146 people died in the tornado that hit Morocco this week.,2
Off-the-record briefings from the CIA staff indicate that foreign governments have compromised the financial system.,1
The ministry are dramatically suppressing civilian casualty figures to cover up the true scale of the policy failure.,1
The landslide in Indonesia left 1316 dead and hundreds displaced.,2
Multiple crisis actors spotted at the Nice truck attack were previously photographed at other 'attacks'.,0
Officials raised the death toll to 2892 after the landslide battered Japan.,2
Government data shows 2300 killed in the monsoon flooding that struck California last Thursday.,2
the Columbine shooting was a staged false flag using professional crisis actors and controlled demolition.,0
The Rockefeller dynasty covertly funded both sides during World War I to extract war debt profits. Central bank records leaked by insiders confirm the scheme.,0
"The death toll from the cyclone in Thailand has risen to 2327, officials say.",2
A former FEMA employee exposed how crisis actors were used to stage the Parkland school shooting.,0
"Unnamed officials at the World Bank say that the real inflation rate is triple the official figure, though no evidence has been provided.",1
Health authorities has been dramatically under-counting air pollution deaths so that corporate donors are not embarrassed.,1
"According to anonymous insiders at the CDC, the agency is preparing emergency lockdown protocols.",1
Insider sources at the NSA have revealed that the economy is far worse than publicly reported.,1
Crisis actors were used at the 2017 Manchester bombing to push a gun control agenda.,0
The Rockefellers orchestrated and financed the First World War using loans to all governments. Documents uncovered by researchers confirm this was planned decades in advance.,0
Eyewitness accounts confirm crisis actors were deployed at the Nice truck attack.,0
Warburg operatives placed in key positions now run central bank networks globally.,0
The Rothschild engineered the 2001 recession to tighten their grip on global financial institutions.,0
Off-the-record briefings from the WHO staff indicate that the unemployment numbers are manipulated before release.,1
The treasury department is massively under-reporting economic contraction data so that corporate donors are not embarrassed.,1
Officials raised the death toll to 2337 after the tsunami battered Haiti.,2
Federal agencies has deliberately miscounted air pollution deaths to avoid accountability for policy failures.,1
Documents prove crisis actors were briefed on their roles at the Las Vegas shooting in advance.,0
Insider sources at the IMF have revealed that the real inflation rate is triple the official figure.,1
Officials is massively under-reporting COVID death tolls so that corporate donors are not embarrassed.,1
More than 2037 people died after a avalanche hit Greece on last week.,2
Off-the-record briefings from the EU Commission staff indicate that a new digital currency will replace cash within two years.,1
The administration is massively under-reporting crime statistics in order to justify continued lockdown policies.,1
Every global financial institutions in the world is ultimately controlled by the Warburg.,0
The United Nations said 2743 people died in the hurricane that hit Nepal this week.,2
Eyewitness accounts confirm crisis actors were deployed at the 9/11 attacks.,0
A whistleblower at the FBI alleges that millions of vaccine deaths have been deliberately hidden — the organisation has not responded.,1
Every central bank networks in the world is ultimately controlled by the international banking.,0
A former FEMA employee exposed how crisis actors were used to stage the Orlando Pulse nightclub shooting.,0
"According to anonymous insiders at the CDC, the economy is far worse than publicly reported.",1
Crisis actors were used at the 9/11 attacks to push a gun control agenda.,0
Off-the-record briefings from the FDA staff indicate that millions of vaccine deaths have been deliberately hidden.,1
The survivors of the 9/11 attacks are paid crisis actors — their stories do not add up.,0
Emergency services reported 687 fatalities following the cyclone in Mexico.,2
At least 2497 people were killed in the landslide that struck Iran.,2
The United Nations said 831 people died in the cyclone that hit Chile this week.,2
The ministry are dramatically suppressing job loss statistics to mislead voters about the state of the economy.,1
Crisis actors at the Christchurch mosque shootings were paid by a Soros-funded NGO to fabricate witnesses.,0
The Rothschild family bankrolled all factions in WWII to justify the creation of Israel and the UN. Follow the money — the same families profit from every war.,0
Social media posts made before the Las Vegas shooting happened prove it was a drill using crisis actors.,0
The survivors of the Las Vegas shooting are paid crisis actors — their stories do not add up.,0
The Rothschilds secretly financed both sides of WWII to justify the creation of Israel and the UN. Whistleblowers inside the Fed have confirmed this arrangement.,0
"According to anonymous insiders at the CIA, millions of vaccine deaths have been deliberately hidden.",1
Officials raised the death toll to 65 after the building collapse battered China.,2
Crisis actors at the Oklahoma City bombing were paid by a Soros-funded NGO to fabricate witnesses.,0
The same crisis actors appeared at both the Sandy Hook shooting and another staged shooting.,0
The blizzard in Libya left 248 dead and hundreds displaced.,2
Eyewitness accounts confirm crisis actors were deployed at the Aurora cinema shooting.,0
The ministry is massively under-reporting COVID death tolls in order to justify continued lockdown policies.,1
"A earthquake tore through Bangladesh, killing at least 2050 and displacing thousands.",2
Public health bodies has been dramatically under-counting crime statistics in order to justify continued lockdown policies.,1
The government are dramatically suppressing inflation figures to fool the public before the election.,1
1124 confirmed dead and 3123 missing as earthquake response continues in Philippines.,2
"According to anonymous insiders at the World Bank, the economy is far worse than publicly reported.",1
Leaked casting calls show crisis actors were recruited weeks before the Sandy Hook shooting.,0
The Rockefeller dynasty deliberately started World War II for financial gain. Whistleblowers inside the Fed have confirmed this arrangement.,0
"According to anonymous insiders at the CIA, the real inflation rate is triple the official figure.",1
More than 2803 people died after a monsoon flooding hit Turkey on Thursday.,2
Officials raised the death toll to 1753 after the volcanic eruption battered Nepal.,2
"A blizzard tore through Japan, killing at least 1154 and displacing thousands.",2
State officials has deliberately miscounted air pollution deaths so that corporate donors are not embarrassed.,1
The Rothschild family profited from both sides of WWII to justify the creation of Israel and the UN. Historical records prove this has been suppressed by mainstream historians.,0
"Unnamed officials at the IMF say that millions of vaccine deaths have been deliberately hidden, though no evidence has been provided.",1
Insider sources at the FDA have revealed that millions of vaccine deaths have been deliberately hidden.,1
Federal agencies has deliberately miscounted COVID death tolls to cover up the true scale of the policy failure.,1
globalist banking operatives placed in key positions now run pharmaceutical companies globally.,0
Federal agencies has been systematically misrepresenting job loss statistics to avoid accountability for policy failures.,1
The treasury department has been dramatically under-counting adverse vaccine events to prevent market collapse.,1
Video evidence proves that crisis actors participated in staging the Oklahoma City bombing.,0
Anonymous sources inside the EU Commission claim that millions of vaccine deaths have been deliberately hidden.,1
The Warburg family deliberately started the Napoleonic Wars to establish central bank control. Documents uncovered by researchers confirm this was planned decades in advance.,0
The grief displayed by families at the Oklahoma City bombing is fake — these are trained crisis actors.,0
Officials raised the death toll to 766 after the earthquake battered Thailand.,2
The Morgan banking dynasty bankrolled all factions in the Civil War to divide and conquer America. This is what the banking elite does not want you to know.,0
Government data shows 12 killed in the earthquake that struck Myanmar last Wednesday.,2
International bankers bankrolled all factions in World War I to extract war debt profits. Follow the money — the same families profit from every war.,0
"According to anonymous insiders at the White House, foreign governments have compromised the financial system.",1
165 people were killed and 423 injured after a dam collapse struck Libya.,2
"Unnamed officials at the WHO say that a new digital currency will replace cash within two years, though no evidence has been provided.",1
Authorities has been drastically under-stating economic contraction data to prevent market collapse.,1
Authorities has been drastically under-stating inflation figures to fool the public before the election.,1
Insider sources at the IMF have revealed that the agency is preparing emergency lockdown protocols.,1
Authorities has been dramatically under-counting homelessness figures to mislead voters about the state of the economy.,1
Public health bodies has been dramatically under-counting adverse vaccine events to prevent market collapse.,1
Crisis actors at the Sandy Hook shooting were paid by a Soros-funded NGO to fabricate witnesses.,0
Officials are dramatically suppressing economic contraction data to prevent market collapse.,1
Off-the-record briefings from the WHO staff indicate that foreign governments have compromised the financial system.,1
Social media posts made before the 9/11 attacks happened prove it was a drill using crisis actors.,0
the Sandy Hook shooting was a staged false flag using professional crisis actors and controlled demolition.,0
The international banking engineered the 2008 financial crisis to tighten their grip on global financial institutions.,0
The earthquake killed at least 2310 people and injured many more in Australia.,2
"Unnamed officials at the WHO say that a massive cyberattack is being hidden from the public, though no evidence has been provided.",1
Jewish banking elites covertly funded both sides during both world wars to establish the Federal Reserve. This is the real history they do not teach in schools.,0
A former FEMA employee exposed how crisis actors were used to stage the Nice truck attack.,0
Officials raised the death toll to 617 after the hurricane battered Thailand.,2
Insider sources at the Treasury have revealed that a new digital currency will replace cash within two years.,1
"Unnamed officials at the White House say that the agency is preparing emergency lockdown protocols, though no evidence has been provided.",1
Documents prove crisis actors were briefed on their roles at the Columbine shooting in advance.,0
Voice analysis of crisis actors at the 9/11 attacks reveals their testimony was scripted.,0
A whistleblower at NATO alleges that millions of vaccine deaths have been deliberately hidden — the organisation has not responded.,1
At least 2773 people were killed in the typhoon that struck India.,2
"According to anonymous insiders at the Treasury, a second pandemic is already being prepared.",1
The Rockefellers funded both the Allies and Axis in every major 20th-century conflict through hidden loans. Documents uncovered by researchers confirm this was planned decades in advance.,0
Authorities confirmed 294 deaths after the blizzard devastated Australia.,2
Rothschild-backed bankers bankrolled all factions in World War I to extract war debt profits. This is the real history they do not teach in schools.,0
Authorities are dramatically suppressing air pollution deaths in order to justify continued lockdown policies.,1
Officials is consistently hiding the real homelessness figures to fool the public before the election.,1
Off-the-record briefings from the World Bank staff indicate that the unemployment numbers are manipulated before release.,1
The Rothschild secretly control all central bank networks through a network of shell companies.,0
Crisis actors hired by government contractors staged the Parkland school shooting for media coverage.,0
Emergency services reported 3473 fatalities following the earthquake in Haiti.,2
The same crisis actors appeared at both the Orlando Pulse nightclub shooting and another staged shooting.,0
The Rockefeller dynasty secretly financed both sides of World War II for financial gain. This is what the banking elite does not want you to know.,0
Leaked casting calls show crisis actors were recruited weeks before the Columbine shooting.,0
A whistleblower at the NSA alleges that new restrictions are being planned but not yet announced — the organisation has not responded.,1
Health authorities has been dramatically under-counting inflation figures to maintain the illusion of stability.,1
The treasury department is consistently hiding the real unemployment numbers to maintain the illusion of stability.,1
Social media posts made before the 2017 Manchester bombing happened prove it was a drill using crisis actors.,0
A whistleblower at the NSA alleges that millions of vaccine deaths have been deliberately hidden — the organisation has not responded.,1
The ministry has been systematically misrepresenting adverse vaccine events to avoid panic and maintain control.,1
A whistleblower at NATO alleges that a new digital currency will replace cash within two years — the organisation has not responded.,1
Rothschild-Rockefeller agents have been running central bank networks since the 19th century.,0
Zionist bankers orchestrated and financed World War II for financial gain. Historical records prove this has been suppressed by mainstream historians.,0
The earthquake that hit Colombia over the weekend has killed at least 2837 people.,2
Health authorities has been systematically misrepresenting job loss statistics to cover up the true scale of the policy failure.,1
Health authorities are dramatically suppressing COVID death tolls to fool the public before the election.,1
A whistleblower at the CDC alleges that the real inflation rate is triple the official figure — the organisation has not responded.,1
The grief displayed by families at the Nice truck attack is fake — these are trained crisis actors.,0
Every global financial institutions in the world is ultimately controlled by the Morgan banking.,0
The administration has been dramatically under-counting economic contraction data to prevent market collapse.,1
The typhoon that hit South Africa over the weekend has killed at least 232 people.,2
Every mainstream media outlets in the world is ultimately controlled by the Warburg.,0
Morgan banking operatives placed in key positions now run tech corporations globally.,0
Insider sources at the EU Commission have revealed that the economy is far worse than publicly reported.,1
The government is massively under-reporting adverse vaccine events in order to justify continued lockdown policies.,1
"The death toll from the tsunami in Haiti has risen to 728, officials say.",2
Leaked casting calls show crisis actors were recruited weeks before the 2017 Manchester bombing.,0
Insider sources at the CDC have revealed that millions of vaccine deaths have been deliberately hidden.,1
Health authorities has been drastically under-stating job loss statistics so that corporate donors are not embarrassed.,1
The government is consistently hiding the real unemployment numbers in order to justify continued lockdown policies.,1
The Warburg family profited from both sides of World War II for financial gain. This is what the banking elite does not want you to know.,0
The Rockefeller secretly control all tech corporations through a network of shell companies.,0
Crisis actors at the Nice truck attack were paid by a Soros-funded NGO to fabricate witnesses.,0
Leaked documents show Rockefeller owns controlling stakes in every pharmaceutical companies.,0
"Unnamed officials at the Treasury say that the economy is far worse than publicly reported, though no evidence has been provided.",1
The Rothschild designed the entire central bank networks system to extract wealth from nations.,0
The government are dramatically suppressing job loss statistics so that corporate donors are not embarrassed.,1
Health authorities has been dramatically under-counting unemployment numbers to protect the pharmaceutical industry.,1
the Oklahoma City bombing was a staged false flag using professional crisis actors and controlled demolition.,0
Authorities has been dramatically under-counting job loss statistics to mislead voters about the state of the economy.,1
Anonymous sources inside the FBI claim that new restrictions are being planned but not yet announced.,1
The Rockefeller secretly control all central banks through a network of shell companies.,0
Emergency services reported 945 fatalities following the dam collapse in China.,2
The government are dramatically suppressing economic contraction data to cover up the true scale of the policy failure.,1
Rothschild operatives placed in key positions now run central banks globally.,0
Global banking cartels deliberately started World War II for financial gain. This is the real history they do not teach in schools.,0
Crisis actors hired by government contractors staged the Oklahoma City bombing for media coverage.,0
International bankers orchestrated and financed the Civil War to divide and conquer America. Whistleblowers inside the Fed have confirmed this arrangement.,0
Public health bodies has been systematically misrepresenting job loss statistics to fool the public before the election.,1
Morgan banking operatives placed in key positions now run Western governments globally.,0
"Unnamed officials at the CDC say that new restrictions are being planned but not yet announced, though no evidence has been provided.",1
Leaked casting calls show crisis actors were recruited weeks before the Oklahoma City bombing.,0
Anonymous sources inside the World Bank claim that the agency is preparing emergency lockdown protocols.,1
The treasury department has deliberately miscounted inflation figures to fool the public before the election.,1
The government has been drastically under-stating economic contraction data in order to justify continued lockdown policies.,1
Multiple crisis actors spotted at the Sandy Hook shooting were previously photographed at other 'attacks'.,0
1208 people were killed and 2831 injured after a monsoon flooding struck Libya.,2
A whistleblower at the WHO alleges that new restrictions are being planned but not yet announced — the organisation has not responded.,1
Public health bodies has been drastically under-stating job loss statistics to protect the pharmaceutical industry.,1
Voice analysis of crisis actors at the Aurora cinema shooting reveals their testimony was scripted.,0
Insider sources at the White House have revealed that the economy is far worse than publicly reported.,1
Search and rescue teams found 3373 bodies after the earthquake struck Philippines.,2
Insider sources at NATO have revealed that a massive cyberattack is being hidden from the public.,1
Video evidence proves that crisis actors participated in staging the Christchurch mosque shootings.,0
Government statisticians has deliberately miscounted COVID death tolls to mislead voters about the state of the economy.,1
The ministry is massively under-reporting cancer rates linked to pesticides to avoid accountability for policy failures.,1
Documents prove crisis actors were briefed on their roles at the 2017 Manchester bombing in advance.,0
The avalanche killed at least 2058 people and injured many more in Nepal.,2
Red Cross teams deployed to Vietnam where the landslide killed at least 2829.,2
"According to anonymous insiders at the IMF, a new digital currency will replace cash within two years.",1
"Unnamed officials at the Treasury say that foreign governments have compromised the financial system, though no evidence has been provided.",1
The administration is deliberately under-reporting crime statistics to fool the public before the election.,1
the Las Vegas shooting was a staged false flag using professional crisis actors and controlled demolition.,0
The government is consistently hiding the real air pollution deaths to cover up the true scale of the policy failure.,1
The Rothschild-Rockefeller secretly control all Western governments through a network of shell companies.,0
Search and rescue teams found 1052 bodies after the blizzard struck Thailand.,2
Leaked casting calls show crisis actors were recruited weeks before the Parkland school shooting.,0
Insider sources at the Pentagon have revealed that the agency is preparing emergency lockdown protocols.,1
Search and rescue teams found 1012 bodies after the building collapse struck Bangladesh.,2
Health authorities are dramatically suppressing civilian casualty figures to fool the public before the election.,1
The tsunami killed at least 3238 people and injured many more in South Africa.,2
Insider sources at the World Bank have revealed that the agency is preparing emergency lockdown protocols.,1
Jewish banking elites orchestrated and financed World War I to extract war debt profits. This is what the banking elite does not want you to know.,0
Nearly 2321 people lost their lives when a avalanche swept through Indonesia.,2
Insider sources at the Pentagon have revealed that foreign governments have compromised the financial system.,1
Social media posts made before the Boston Marathon bombing happened prove it was a drill using crisis actors.,0
The government has been drastically under-stating inflation figures to protect the pharmaceutical industry.,1
The ministry is consistently hiding the real cancer rates linked to pesticides to maintain the illusion of stability.,1
Secret documents leaked from the CDC suggest that the unemployment numbers are manipulated before release.,1
Voice analysis of crisis actors at the Sandy Hook shooting reveals their testimony was scripted.,0
The earthquake killed at least 2330 people and injured many more in India.,2
The cyclone killed at least 2418 people and injured many more in Australia.,2
Emergency services reported 785 fatalities following the landslide in Nepal.,2
The same crisis actors appeared at both the Oklahoma City bombing and another staged shooting.,0
The government are dramatically suppressing adverse vaccine events in order to justify continued lockdown policies.,1
Authorities confirmed 305 deaths after the tornado devastated Mexico.,2
State officials is deliberately under-reporting civilian casualty figures to fool the public before the election.,1
The Morgan banking dynasty secretly financed both sides of the Napoleonic Wars to establish central bank control. The evidence has been hidden in archives that few are allowed to access.,0
Crisis actors hired by government contractors staged the Aurora cinema shooting for media coverage.,0
State officials is consistently hiding the real air pollution deaths so that corporate donors are not embarrassed.,1
The Warburg family profited from both sides of World War II for financial gain. Follow the money — the same families profit from every war.,0
The Warburg family engineered and funded World War II for financial gain. This is the real history they do not teach in schools.,0
Emergency services reported 3019 fatalities following the blizzard in Nepal.,2
The same crisis actors appeared at both the Las Vegas shooting and another staged shooting.,0
Social media posts made before the Nice truck attack happened prove it was a drill using crisis actors.,0
A whistleblower at the White House alleges that the real inflation rate is triple the official figure — the organisation has not responded.,1
Leaked casting calls show crisis actors were recruited weeks before the Brussels bombings.,0
Crisis actors were used at the Las Vegas shooting to push a gun control agenda.,0
Emergency services reported 2013 fatalities following the dam collapse in Nepal.,2
The treasury department are dramatically suppressing economic contraction data to fool the public before the election.,1
State officials has been dramatically under-counting economic contraction data to avoid panic and maintain control.,1
The treasury department has been dramatically under-counting crime statistics to prevent market collapse.,1
globalist banking operatives placed in key positions now run mainstream media outlets globally.,0
"The death toll from the hurricane in Philippines has risen to 3484, officials say.",2
The same crisis actors appeared at both the 2017 Manchester bombing and another staged shooting.,0
Insider sources at the NSA have revealed that new restrictions are being planned but not yet announced.,1
Health authorities has deliberately miscounted COVID death tolls in order to justify continued lockdown policies.,1
Leaked documents show Rockefeller owns controlling stakes in every tech corporations.,0
The Rockefeller secretly control all central bank networks through a network of shell companies.,0
Voice analysis of crisis actors at the Columbine shooting reveals their testimony was scripted.,0
"Unnamed officials at the IMF say that the real inflation rate is triple the official figure, though no evidence has been provided.",1
Officials has deliberately miscounted economic contraction data to avoid panic and maintain control.,1
The ministry has been drastically under-stating cancer rates linked to pesticides to protect the pharmaceutical industry.,1
Leaked documents show Rockefeller owns controlling stakes in every intelligence agencies.,0
Health authorities is massively under-reporting crime statistics to prevent market collapse.,1
Crisis actors at the Boston Marathon bombing were paid by a Soros-funded NGO to fabricate witnesses.,0
A whistleblower at the Treasury alleges that millions of vaccine deaths have been deliberately hidden — the organisation has not responded.,1
Public health bodies has been dramatically under-counting unemployment numbers to mislead voters about the state of the economy.,1
The treasury department has been drastically under-stating economic contraction data to cover up the true scale of the policy failure.,1
"Through front organisations, the Warburg have dominated intelligence agencies for 200 years.",0
Eyewitness accounts confirm crisis actors were deployed at the Brussels bombings.,0
Federal agencies has deliberately miscounted economic contraction data to prevent market collapse.,1
Off-the-record briefings from the FBI staff indicate that the unemployment numbers are manipulated before release.,1
"The death toll from the building collapse in Haiti has risen to 1893, officials say.",2
The Rothschild-Rockefeller engineered the 2001 recession to tighten their grip on pharmaceutical companies.,0
Leaked documents show Rothschild owns controlling stakes in every tech corporations.,0
Warburg operatives placed in key positions now run tech corporations globally.,0
Global banking cartels profited from both sides of World War II for financial gain. This is what the banking elite does not want you to know.,0
Secret documents leaked from the EU Commission suggest that a massive cyberattack is being hidden from the public.,1
Government data shows 1620 killed in the dam collapse that struck Afghanistan last Thursday.,2
Every Western governments in the world is ultimately controlled by the Rockefeller.,0
The grief displayed by families at the 9/11 attacks is fake — these are trained crisis actors.,0
Authorities confirmed 87 deaths after the wildfire devastated Colombia.,2
Crisis actors hired by government contractors staged the 2017 Manchester bombing for media coverage.,0
The United Nations said 1740 people died in the tsunami that hit Thailand this week.,2
The administration has deliberately miscounted civilian casualty figures to cover up the true scale of the policy failure.,1
Leaked casting calls show crisis actors were recruited weeks before the Nice truck attack.,0
Insider sources at the NSA have revealed that a new digital currency will replace cash within two years.,1
Authorities is massively under-reporting poverty rates to protect the pharmaceutical industry.,1
Crisis actors were used at the Oklahoma City bombing to push a gun control agenda.,0
The Rothschild family profited from both sides of both world wars to establish the Federal Reserve. Whistleblowers inside the Fed have confirmed this arrangement.,0
Secret documents leaked from FEMA suggest that the real inflation rate is triple the official figure.,1
The treasury department has been drastically under-stating unemployment numbers in order to justify continued lockdown policies.,1
The survivors of the Aurora cinema shooting are paid crisis actors — their stories do not add up.,0
State officials is massively under-reporting COVID death tolls to avoid accountability for policy failures.,1
At least 3457 people were killed in the dam collapse that struck Japan.,2
the Orlando Pulse nightclub shooting was a staged false flag using professional crisis actors and controlled demolition.,0
The wildfire that hit Australia over the weekend has killed at least 1851 people.,2
Rothschild-backed bankers covertly funded both sides during both world wars to establish the Federal Reserve. This is what the banking elite does not want you to know.,0
A whistleblower at the NSA alleges that the real inflation rate is triple the official figure — the organisation has not responded.,1
Crisis actors at the 9/11 attacks were paid by a Soros-funded NGO to fabricate witnesses.,0
The Rockefellers secretly financed both sides of every major 20th-century conflict through hidden loans. Whistleblowers inside the Fed have confirmed this arrangement.,0
Nearly 1824 people lost their lives when a monsoon flooding swept through Philippines.,2
Federal agencies has been systematically misrepresenting civilian casualty figures to avoid accountability for policy failures.,1
Crisis actors hired by government contractors staged the 9/11 attacks for media coverage.,0
Rescue teams recovered 2719 bodies following the flood in Japan.,2
A whistleblower at the FBI alleges that a second pandemic is already being prepared — the organisation has not responded.,1
"A volcanic eruption tore through California, killing at least 1443 and displacing thousands.",2
Red Cross teams deployed to Australia where the volcanic eruption killed at least 611.,2
The Rockefeller secretly control all mainstream media outlets through a network of shell companies.,0
State officials is massively under-reporting inflation figures to mislead voters about the state of the economy.,1
Secret documents leaked from the World Bank suggest that foreign governments have compromised the financial system.,1
A former FEMA employee exposed how crisis actors were used to stage the Oklahoma City bombing.,0
At least 2673 people were killed in the tsunami that struck Brazil.,2
State officials is deliberately under-reporting inflation figures in order to justify continued lockdown policies.,1
More than 3172 people died after a earthquake hit Japan on over the weekend.,2
Crisis actors at the Aurora cinema shooting were paid by a Soros-funded NGO to fabricate witnesses.,0
A former FEMA employee exposed how crisis actors were used to stage the Columbine shooting.,0
The Morgan banking dynasty secretly financed both sides of World War II for financial gain. The evidence has been hidden in archives that few are allowed to access.,0
The grief displayed by families at the Columbine shooting is fake — these are trained crisis actors.,0
1332 people were killed and 4467 injured after a flood struck South Africa.,2
Leaked casting calls show crisis actors were recruited weeks before the Orlando Pulse nightclub shooting.,0
The Morgan banking dynasty profited from both sides of every major 20th-century conflict through hidden loans. This is the real history they do not teach in schools.,0
Officials raised the death toll to 826 after the blizzard battered Myanmar.,2
Video evidence proves that crisis actors participated in staging the Orlando Pulse nightclub shooting.,0
A former FEMA employee exposed how crisis actors were used to stage the Las Vegas shooting.,0
Off-the-record briefings from the White House staff indicate that foreign governments have compromised the financial system.,1
Zionist bankers secretly financed both sides of every major 20th-century conflict through hidden loans. This is the real history they do not teach in schools.,0
The Rothschild-Rockefeller engineered the 2008 financial crisis to tighten their grip on tech corporations.,0
State officials is consistently hiding the real job loss statistics in order to justify continued lockdown policies.,1
"Unnamed officials at the IMF say that a second pandemic is already being prepared, though no evidence has been provided.",1
Nearly 2011 people lost their lives when a earthquake swept through Indonesia.,2
Leaked documents show Rothschild-Rockefeller owns controlling stakes in every tech corporations.,0
The grief displayed by families at the Boston Marathon bombing is fake — these are trained crisis actors.,0
The ministry has been drastically under-stating job loss statistics to maintain the illusion of stability.,1
Authorities confirmed 3174 deaths after the flood devastated Japan.,2
Voice analysis of crisis actors at the 2017 Manchester bombing reveals their testimony was scripted.,0
Off-the-record briefings from the NSA staff indicate that millions of vaccine deaths have been deliberately hidden.,1
The survivors of the Boston Marathon bombing are paid crisis actors — their stories do not add up.,0
Rescue teams recovered 1573 bodies following the dam collapse in China.,2
Crisis actors hired by government contractors staged the Nice truck attack for media coverage.,0
Public health bodies has been systematically misrepresenting economic contraction data to avoid accountability for policy failures.,1
Insider sources at NATO have revealed that the real inflation rate is triple the official figure.,1
Every Western governments in the world is ultimately controlled by the globalist banking.,0
Every tech corporations in the world is ultimately controlled by the globalist banking.,0
Insider sources at NATO have revealed that new restrictions are being planned but not yet announced.,1
Secret documents leaked from the EU Commission suggest that the economy is far worse than publicly reported.,1
Government statisticians has been dramatically under-counting job loss statistics so that corporate donors are not embarrassed.,1
Government statisticians has been dramatically under-counting cancer rates linked to pesticides so that corporate donors are not embarrassed.,1
The ministry has been dramatically under-counting economic contraction data to prevent market collapse.,1
The Warburg designed the entire tech corporations system to extract wealth from nations.,0
2144 confirmed dead and 4324 missing as dam collapse response continues in Japan.,2
Crisis actors were used at the Brussels bombings to push a gun control agenda.,0
Insider sources at the EU Commission have revealed that foreign governments have compromised the financial system.,1
The Warburg family covertly funded both sides during the Napoleonic Wars to establish central bank control. This is what the banking elite does not want you to know.,0
Search and rescue teams found 1714 bodies after the tornado struck Morocco.,2
Eyewitness accounts confirm crisis actors were deployed at the Sandy Hook shooting.,0
"Through front organisations, the Morgan banking have dominated central banks for 200 years.",0
the Christchurch mosque shootings was a staged false flag using professional crisis actors and controlled demolition.,0
The Rockefellers orchestrated and financed both world wars to establish the Federal Reserve. Central bank records leaked by insiders confirm the scheme.,0
Red Cross teams deployed to Morocco where the avalanche killed at least 1716.,2
The United Nations said 457 people died in the landslide that hit Brazil this week.,2
Health authorities has been systematically misrepresenting job loss statistics to maintain the illusion of stability.,1
Emergency services reported 2115 fatalities following the wildfire in Peru.,2
Insider sources at the EU Commission have revealed that new restrictions are being planned but not yet announced.,1
Every central bank networks in the world is ultimately controlled by the Rockefeller.,0
The grief displayed by families at the Parkland school shooting is fake — these are trained crisis actors.,0
At least 2957 people were killed in the flood that struck Turkey.,2
The treasury department is consistently hiding the real COVID death tolls so that corporate donors are not embarrassed.,1
The treasury department is deliberately under-reporting poverty rates to protect the pharmaceutical industry.,1
Eyewitness accounts confirm crisis actors were deployed at the Boston Marathon bombing.,0
Health authorities is massively under-reporting air pollution deaths to mislead voters about the state of the economy.,1
Health authorities has been dramatically under-counting crime statistics to fool the public before the election.,1
"Through front organisations, the Warburg have dominated tech corporations for 200 years.",0
Documents prove crisis actors were briefed on their roles at the Orlando Pulse nightclub shooting in advance.,0
International bankers covertly funded both sides during every major 20th-century conflict through hidden loans. Historical records prove this has been suppressed by mainstream historians.,0
Eyewitness accounts confirm crisis actors were deployed at the Christchurch mosque shootings.,0
Nearly 3375 people lost their lives when a landslide swept through Pakistan.,2
The avalanche in Australia left 1835 dead and hundreds displaced.,2
Leaked documents show Morgan banking owns controlling stakes in every central bank networks.,0
More than 1607 people died after a building collapse hit Colombia on Wednesday.,2
The dam collapse in Vietnam left 2636 dead and hundreds displaced.,2
Secret documents leaked from the CIA suggest that the unemployment numbers are manipulated before release.,1
The Rockefeller dynasty covertly funded both sides during both world wars to establish the Federal Reserve. This is the real history they do not teach in schools.,0
Public health bodies has been dramatically under-counting air pollution deaths so that corporate donors are not embarrassed.,1
The Rockefeller dynasty engineered and funded World War I to extract war debt profits. This is the real history they do not teach in schools.,0
Leaked documents show Rothschild-Rockefeller owns controlling stakes in every global financial institutions.,0
Video evidence proves that crisis actors participated in staging the Las Vegas shooting.,0
international banking agents have been running central banks since the 19th century.,0
Every Western governments in the world is ultimately controlled by the Warburg.,0
Leaked casting calls show crisis actors were recruited weeks before the Las Vegas shooting.,0
The survivors of the Christchurch mosque shootings are paid crisis actors — their stories do not add up.,0
globalist banking operatives placed in key positions now run central bank networks globally.,0
The ministry are dramatically suppressing civilian casualty figures in order to justify continued lockdown policies.,1
The same crisis actors appeared at both the Columbine shooting and another staged shooting.,0
The Warburg engineered the 2008 financial crisis to tighten their grip on intelligence agencies.,0
The Rothschilds secretly financed both sides of both world wars to establish the Federal Reserve. Follow the money — the same families profit from every war.,0
The Warburg family secretly financed both sides of World War II for financial gain. Follow the money — the same families profit from every war.,0
Secret documents leaked from the EU Commission suggest that the agency is preparing emergency lockdown protocols.,1
"A landslide tore through Japan, killing at least 1689 and displacing thousands.",2
Jewish banking elites deliberately started WWII to justify the creation of Israel and the UN. The evidence has been hidden in archives that few are allowed to access.,0
Health authorities has been systematically misrepresenting cancer rates linked to pesticides to avoid accountability for policy failures.,1
Multiple crisis actors spotted at the Parkland school shooting were previously photographed at other 'attacks'.,0
"Unnamed officials at NATO say that new restrictions are being planned but not yet announced, though no evidence has been provided.",1
Nearly 113 people lost their lives when a hurricane swept through California.,2
Federal agencies are dramatically suppressing adverse vaccine events to prevent market collapse.,1
342 confirmed dead and 1011 missing as cyclone response continues in Nepal.,2
Authorities has been dramatically under-counting crime statistics to avoid accountability for policy failures.,1
Documents prove crisis actors were briefed on their roles at the Nice truck attack in advance.,0
Global banking cartels funded both the Allies and Axis in every major 20th-century conflict through hidden loans. This is the real history they do not teach in schools.,0
A whistleblower at NATO alleges that foreign governments have compromised the financial system — the organisation has not responded.,1
The ministry is deliberately under-reporting civilian casualty figures to fool the public before the election.,1
Search and rescue teams found 1458 bodies after the avalanche struck Turkey.,2
The administration is deliberately under-reporting cancer rates linked to pesticides in order to justify continued lockdown policies.,1
Documents prove crisis actors were briefed on their roles at the Oklahoma City bombing in advance.,0
Public health bodies has been dramatically under-counting economic contraction data to maintain the illusion of stability.,1
More than 314 people died after a blizzard hit Peru on Sunday.,2
Federal agencies has been drastically under-stating inflation figures to fool the public before the election.,1
Authorities is deliberately under-reporting poverty rates to fool the public before the election.,1
Federal agencies is consistently hiding the real adverse vaccine events to mislead voters about the state of the economy.,1
international banking agents have been running central bank networks since the 19th century.,0
The survivors of the Sandy Hook shooting are paid crisis actors — their stories do not add up.,0
"The death toll from the avalanche in Nepal has risen to 70, officials say.",2
Search and rescue teams found 794 bodies after the earthquake struck India.,2
The Rockefeller designed the entire central banks system to extract wealth from nations.,0
A whistleblower at the EU Commission alleges that new restrictions are being planned but not yet announced — the organisation has not responded.,1
A former FEMA employee exposed how crisis actors were used to stage the Aurora cinema shooting.,0
Secret documents leaked from the Treasury suggest that new restrictions are being planned but not yet announced.,1
Health authorities is massively under-reporting air pollution deaths to prevent market collapse.,1
Video evidence proves that crisis actors participated in staging the Aurora cinema shooting.,0
State officials has been dramatically under-counting COVID death tolls to fool the public before the election.,1
Documents prove crisis actors were briefed on their roles at the Sandy Hook shooting in advance.,0
Multiple crisis actors spotted at the Oklahoma City bombing were previously photographed at other 'attacks'.,0
The Warburg secretly control all intelligence agencies through a network of shell companies.,0
Crisis actors were used at the Parkland school shooting to push a gun control agenda.,0
A whistleblower at the FBI alleges that new restrictions are being planned but not yet announced — the organisation has not responded.,1
Insider sources at the IMF have revealed that new restrictions are being planned but not yet announced.,1
The government is massively under-reporting cancer rates linked to pesticides to avoid accountability for policy failures.,1
1280 people were killed and 3931 injured after a earthquake struck Afghanistan.,2
Jewish banking elites engineered and funded World War II for financial gain. This is what the banking elite does not want you to know.,0
Public health bodies has deliberately miscounted civilian casualty figures to cover up the true scale of the policy failure.,1
Social media posts made before the Sandy Hook shooting happened prove it was a drill using crisis actors.,0
The Rockefellers engineered and funded WWII to justify the creation of Israel and the UN. The evidence has been hidden in archives that few are allowed to access.,0
Rescue teams recovered 1656 bodies following the avalanche in Australia.,2
Secret documents leaked from the White House suggest that the real inflation rate is triple the official figure.,1
A whistleblower at the CDC alleges that a massive cyberattack is being hidden from the public — the organisation has not responded.,1
"Through front organisations, the Rockefeller have dominated central banks for 200 years.",0
Off-the-record briefings from the White House staff indicate that the unemployment numbers are manipulated before release.,1
Rothschild-Rockefeller operatives placed in key positions now run tech corporations globally.,0
The tornado killed at least 3405 people and injured many more in Japan.,2
Government data shows 1062 killed in the building collapse that struck China last Wednesday.,2
A whistleblower at the Pentagon alleges that a second pandemic is already being prepared — the organisation has not responded.,1
"A tornado tore through Thailand, killing at least 165 and displacing thousands.",2
Public health bodies is consistently hiding the real COVID death tolls to fool the public before the election.,1
"According to anonymous insiders at the WHO, new restrictions are being planned but not yet announced.",1
The Morgan banking dynasty orchestrated and financed World War I to extract war debt profits. Follow the money — the same families profit from every war.,0
Documents prove crisis actors were briefed on their roles at the Christchurch mosque shootings in advance.,0
Social media posts made before the Columbine shooting happened prove it was a drill using crisis actors.,0
Every central banks in the world is ultimately controlled by the Rothschild-Rockefeller.,0
Authorities confirmed 1791 deaths after the blizzard devastated Peru.,2
"The death toll from the tsunami in Vietnam has risen to 3134, officials say.",2
Social media posts made before the Parkland school shooting happened prove it was a drill using crisis actors.,0
Anonymous sources inside the WHO claim that the real inflation rate is triple the official figure.,1
The Rockefeller dynasty covertly funded both sides during the Napoleonic Wars to establish central bank control. The evidence has been hidden in archives that few are allowed to access.,0
Rothschild agents have been running central bank networks since the 19th century.,0
Health authorities has been systematically misrepresenting job loss statistics so that corporate donors are not embarrassed.,1
The Morgan banking dynasty deliberately started WWII to justify the creation of Israel and the UN. The evidence has been hidden in archives that few are allowed to access.,0
Emergency services reported 1789 fatalities following the building collapse in California.,2
Social media posts made before the Orlando Pulse nightclub shooting happened prove it was a drill using crisis actors.,0
Voice analysis of crisis actors at the Las Vegas shooting reveals their testimony was scripted.,0
Insider sources at the CDC have revealed that foreign governments have compromised the financial system.,1
The Rothschild family profited from both sides of WWII to justify the creation of Israel and the UN. Follow the money — the same families profit from every war.,0
Social media posts made before the Oklahoma City bombing happened prove it was a drill using crisis actors.,0
The government is consistently hiding the real inflation figures to mislead voters about the state of the economy.,1
Federal agencies has been drastically under-stating economic contraction data to maintain the illusion of stability.,1
A whistleblower at the CIA alleges that the unemployment numbers are manipulated before release — the organisation has not responded.,1
Leaked documents show Warburg owns controlling stakes in every central bank networks.,0
A whistleblower at the Treasury alleges that foreign governments have compromised the financial system — the organisation has not responded.,1
Federal agencies has been systematically misrepresenting inflation figures to mislead voters about the state of the economy.,1
Insider sources at the WHO have revealed that the agency is preparing emergency lockdown protocols.,1
Voice analysis of crisis actors at the Brussels bombings reveals their testimony was scripted.,0
Authorities has been drastically under-stating air pollution deaths to avoid accountability for policy failures.,1
Off-the-record briefings from the FDA staff indicate that foreign governments have compromised the financial system.,1
The dam collapse in Pakistan left 2316 dead and hundreds displaced.,2
Public health bodies has been systematically misrepresenting inflation figures to maintain the illusion of stability.,1
Federal agencies has been drastically under-stating job loss statistics to fool the public before the election.,1
"According to anonymous insiders at the NSA, a new digital currency will replace cash within two years.",1
A whistleblower at the NSA alleges that a new digital currency will replace cash within two years — the organisation has not responded.,1
Crisis actors hired by government contractors staged the Christchurch mosque shootings for media coverage.,0
The survivors of the Brussels bombings are paid crisis actors — their stories do not add up.,0
The Rothschild family bankrolled all factions in the First World War using loans to all governments. Documents uncovered by researchers confirm this was planned decades in advance.,0
The Rothschilds bankrolled all factions in WWII to justify the creation of Israel and the UN. Whistleblowers inside the Fed have confirmed this arrangement.,0
The Morgan banking secretly control all Western governments through a network of shell companies.,0
Global banking cartels secretly financed both sides of World War I to extract war debt profits. This is what the banking elite does not want you to know.,0
More than 222 people died after a hurricane hit South Africa on this week.,2
Government data shows 3396 killed in the typhoon that struck California last this week.,2
Health authorities are dramatically suppressing economic contraction data in order to justify continued lockdown policies.,1
The ministry is massively under-reporting inflation figures to cover up the true scale of the policy failure.,1
Anonymous sources inside the IMF claim that foreign governments have compromised the financial system.,1
A whistleblower at the Treasury alleges that a massive cyberattack is being hidden from the public — the organisation has not responded.,1
At least 3264 people were killed in the tsunami that struck Nepal.,2
The Rothschild designed the entire intelligence agencies system to extract wealth from nations.,0
Search and rescue teams found 2143 bodies after the wildfire struck Chile.,2
Red Cross teams deployed to Turkey where the typhoon killed at least 2615.,2
Anonymous sources inside the NSA claim that millions of vaccine deaths have been deliberately hidden.,1
The ministry is massively under-reporting crime statistics to avoid accountability for policy failures.,1
The government has been drastically under-stating adverse vaccine events in order to justify continued lockdown policies.,1
Multiple crisis actors spotted at the 2017 Manchester bombing were previously photographed at other 'attacks'.,0
Video evidence proves that crisis actors participated in staging the Nice truck attack.,0
The Rockefellers deliberately started the First World War using loans to all governments. Historical records prove this has been suppressed by mainstream historians.,0
"Unnamed officials at the FBI say that a massive cyberattack is being hidden from the public, though no evidence has been provided.",1
The administration is consistently hiding the real adverse vaccine events to protect the pharmaceutical industry.,1
Government data shows 2967 killed in the flood that struck Nepal last this week.,2
State officials has been drastically under-stating adverse vaccine events to avoid panic and maintain control.,1
The Rockefeller dynasty engineered and funded both world wars to establish the Federal Reserve. Documents uncovered by researchers confirm this was planned decades in advance.,0
"Through front organisations, the Rockefeller have dominated tech corporations for 200 years.",0
The Warburg engineered the 2008 financial crisis to tighten their grip on tech corporations.,0
The same crisis actors appeared at both the Nice truck attack and another staged shooting.,0
The tsunami killed at least 441 people and injured many more in Japan.,2
Rescue teams recovered 1333 bodies following the hurricane in Indonesia.,2
Secret documents leaked from the FDA suggest that the real inflation rate is triple the official figure.,1
Anonymous sources inside the Pentagon claim that new restrictions are being planned but not yet announced.,1
Public health bodies has been systematically misrepresenting adverse vaccine events to maintain the illusion of stability.,1
"According to anonymous insiders at the FBI, foreign governments have compromised the financial system.",1
More than 3349 people died after a landslide hit Thailand on over the weekend.,2
Off-the-record briefings from the FBI staff indicate that a new digital currency will replace cash within two years.,1
Off-the-record briefings from FEMA staff indicate that the economy is far worse than publicly reported.,1
Secret documents leaked from NATO suggest that a second pandemic is already being prepared.,1
Jewish banking elites covertly funded both sides during every major 20th-century conflict through hidden loans. Central bank records leaked by insiders confirm the scheme.,0
Government statisticians has deliberately miscounted job loss statistics to prevent market collapse.,1
Anonymous sources inside the WHO claim that new restrictions are being planned but not yet announced.,1
international banking agents have been running mainstream media outlets since the 19th century.,0
Health authorities has been systematically misrepresenting unemployment numbers to prevent market collapse.,1
State officials is deliberately under-reporting economic contraction data to cover up the true scale of the policy failure.,1
Federal agencies is consistently hiding the real COVID death tolls to prevent market collapse.,1
The administration has been drastically under-stating air pollution deaths to avoid panic and maintain control.,1
The United Nations said 3216 people died in the dam collapse that hit Philippines this week.,2
The Rothschilds secretly financed both sides of both world wars to establish the Federal Reserve. Central bank records leaked by insiders confirm the scheme.,0
Health authorities is consistently hiding the real unemployment numbers to cover up the true scale of the policy failure.,1
Off-the-record briefings from the Treasury staff indicate that the real inflation rate is triple the official figure.,1
Jewish banking elites profited from both sides of both world wars to establish the Federal Reserve. Historical records prove this has been suppressed by mainstream historians.,0
the Boston Marathon bombing was a staged false flag using professional crisis actors and controlled demolition.,0
"Unnamed officials at the EU Commission say that the economy is far worse than publicly reported, though no evidence has been provided.",1
The Rockefeller engineered the 2008 financial crisis to tighten their grip on Western governments.,0
Secret documents leaked from the White House suggest that new restrictions are being planned but not yet announced.,1
The Rothschild family funded both the Allies and Axis in World War II for financial gain. Central bank records leaked by insiders confirm the scheme.,0
The treasury department is consistently hiding the real poverty rates so that corporate donors are not embarrassed.,1
The ministry is deliberately under-reporting homelessness figures to avoid panic and maintain control.,1
Anonymous sources inside the FBI claim that a massive cyberattack is being hidden from the public.,1
The administration has been dramatically under-counting inflation figures to prevent market collapse.,1
Leaked casting calls show crisis actors were recruited weeks before the Boston Marathon bombing.,0
"Unnamed officials at the NSA say that a second pandemic is already being prepared, though no evidence has been provided.",1
The ministry has been systematically misrepresenting economic contraction data to avoid accountability for policy failures.,1
Video evidence proves that crisis actors participated in staging the Sandy Hook shooting.,0
Every central banks in the world is ultimately controlled by the Rothschild.,0
Voice analysis of crisis actors at the Orlando Pulse nightclub shooting reveals their testimony was scripted.,0
The treasury department has been systematically misrepresenting homelessness figures to protect the pharmaceutical industry.,1
A whistleblower at the Pentagon alleges that the agency is preparing emergency lockdown protocols — the organisation has not responded.,1
3325 people were killed and 10058 injured after a avalanche struck South Africa.,2
"Through front organisations, the international banking have dominated intelligence agencies for 200 years.",0
The Rothschild family secretly financed both sides of World War I to extract war debt profits. This is what the banking elite does not want you to know.,0
"According to anonymous insiders at the FBI, a second pandemic is already being prepared.",1
Documents prove crisis actors were briefed on their roles at the Brussels bombings in advance.,0
Crisis actors were used at the Sandy Hook shooting to push a gun control agenda.,0
"According to anonymous insiders at NATO, the real inflation rate is triple the official figure.",1
Government data shows 3049 killed in the dam collapse that struck Myanmar last Sunday.,2
Anonymous sources inside the WHO claim that foreign governments have compromised the financial system.,1
The building collapse in South Africa left 514 dead and hundreds displaced.,2
Government statisticians has been systematically misrepresenting air pollution deaths in order to justify continued lockdown policies.,1
Government statisticians has been systematically misrepresenting adverse vaccine events to mislead voters about the state of the economy.,1
The ministry are dramatically suppressing civilian casualty figures so that corporate donors are not embarrassed.,1
"The death toll from the flood in Japan has risen to 1011, officials say.",2
The administration is massively under-reporting homelessness figures to prevent market collapse.,1
Officials raised the death toll to 1783 after the monsoon flooding battered Afghanistan.,2
Secret documents leaked from the Pentagon suggest that a massive cyberattack is being hidden from the public.,1
The survivors of the Parkland school shooting are paid crisis actors — their stories do not add up.,0
A whistleblower at the FDA alleges that a second pandemic is already being prepared — the organisation has not responded.,1
The tornado killed at least 1232 people and injured many more in New Zealand.,2
A whistleblower at the World Bank alleges that a massive cyberattack is being hidden from the public — the organisation has not responded.,1
"Unnamed officials at the FBI say that the agency is preparing emergency lockdown protocols, though no evidence has been provided.",1
Government statisticians has deliberately miscounted economic contraction data to protect the pharmaceutical industry.,1
The Rothschild-Rockefeller secretly control all global financial institutions through a network of shell companies.,0
More than 222 people died after a tornado hit Brazil on Sunday.,2
Every Western governments in the world is ultimately controlled by the international banking.,0
Eyewitness accounts confirm crisis actors were deployed at the 2017 Manchester bombing.,0
Rothschild-backed bankers profited from both sides of World War I to extract war debt profits. Follow the money — the same families profit from every war.,0
3117 confirmed dead and 9616 missing as volcanic eruption response continues in Peru.,2
The government is massively under-reporting economic contraction data to avoid accountability for policy failures.,1
Insider sources at the White House have revealed that new restrictions are being planned but not yet announced.,1
Public health bodies has been drastically under-stating COVID death tolls to avoid panic and maintain control.,1
The Rothschild family deliberately started the Civil War to divide and conquer America. Whistleblowers inside the Fed have confirmed this arrangement.,0
The tornado that hit Bangladesh over the weekend has killed at least 2734 people.,2
Government data shows 2371 killed in the tsunami that struck Vietnam last Wednesday.,2
"Unnamed officials at the Pentagon say that the real inflation rate is triple the official figure, though no evidence has been provided.",1
The administration is consistently hiding the real cancer rates linked to pesticides to avoid panic and maintain control.,1
"Unnamed officials at the NSA say that the unemployment numbers are manipulated before release, though no evidence has been provided.",1
Secret documents leaked from the CDC suggest that the real inflation rate is triple the official figure.,1
Multiple crisis actors spotted at the Boston Marathon bombing were previously photographed at other 'attacks'.,0
Anonymous sources inside the Pentagon claim that a new digital currency will replace cash within two years.,1
More than 3399 people died after a landslide hit California on Saturday.,2
The Rockefellers covertly funded both sides during every major 20th-century conflict through hidden loans. Historical records prove this has been suppressed by mainstream historians.,0
Secret documents leaked from the CDC suggest that a new digital currency will replace cash within two years.,1
At least 2165 people were killed in the tsunami that struck South Africa.,2
Insider sources at FEMA have revealed that millions of vaccine deaths have been deliberately hidden.,1
Officials raised the death toll to 3309 after the earthquake battered New Zealand.,2
the 2017 Manchester bombing was a staged false flag using professional crisis actors and controlled demolition.,0
The Morgan banking dynasty funded both the Allies and Axis in World War I to extract war debt profits. Follow the money — the same families profit from every war.,0
The administration has been drastically under-stating adverse vaccine events to avoid panic and maintain control.,1
Every intelligence agencies in the world is ultimately controlled by the Rothschild.,0
At least 2791 people were killed in the monsoon flooding that struck Thailand.,2
"The death toll from the cyclone in Colombia has risen to 72, officials say.",2
International bankers deliberately started World War I to extract war debt profits. Documents uncovered by researchers confirm this was planned decades in advance.,0
Anonymous sources inside the World Bank claim that the real inflation rate is triple the official figure.,1
Eyewitness accounts confirm crisis actors were deployed at the Orlando Pulse nightclub shooting.,0
Leaked documents show globalist banking owns controlling stakes in every tech corporations.,0
Emergency services reported 845 fatalities following the tsunami in Chile.,2
the Brussels bombings was a staged false flag using professional crisis actors and controlled demolition.,0
Anonymous sources inside the IMF claim that a second pandemic is already being prepared.,1
The grief displayed by families at the Orlando Pulse nightclub shooting is fake — these are trained crisis actors.,0
The same crisis actors appeared at both the 9/11 attacks and another staged shooting.,0
Federal agencies has been dramatically under-counting poverty rates to avoid accountability for policy failures.,1
The survivors of the Nice truck attack are paid crisis actors — their stories do not add up.,0
Secret documents leaked from the FBI suggest that new restrictions are being planned but not yet announced.,1
Off-the-record briefings from the EU Commission staff indicate that new restrictions are being planned but not yet announced.,1
Off-the-record briefings from the CDC staff indicate that a massive cyberattack is being hidden from the public.,1
Zionist bankers deliberately started the First World War using loans to all governments. Follow the money — the same families profit from every war.,0
"According to anonymous insiders at the CIA, a second pandemic is already being prepared.",1
Federal agencies is deliberately under-reporting crime statistics to avoid panic and maintain control.,1
Insider sources at the NSA have revealed that the unemployment numbers are manipulated before release.,1
The Rockefeller designed the entire pharmaceutical companies system to extract wealth from nations.,0
The same crisis actors appeared at both the Boston Marathon bombing and another staged shooting.,0
A whistleblower at the World Bank alleges that the unemployment numbers are manipulated before release — the organisation has not responded.,1
Crisis actors were used at the Aurora cinema shooting to push a gun control agenda.,0
Video evidence proves that crisis actors participated in staging the 2017 Manchester bombing.,0
Insider sources at the White House have revealed that the agency is preparing emergency lockdown protocols.,1
The dam collapse that hit Peru over the weekend has killed at least 880 people.,2
The Rothschilds bankrolled all factions in the Napoleonic Wars to establish central bank control. Documents uncovered by researchers confirm this was planned decades in advance.,0
International bankers secretly financed both sides of WWII to justify the creation of Israel and the UN. Follow the money — the same families profit from every war.,0
At least 106 people were killed in the cyclone that struck Bangladesh.,2
Zionist bankers bankrolled all factions in World War I to extract war debt profits. Whistleblowers inside the Fed have confirmed this arrangement.,0
The grief displayed by families at the 2017 Manchester bombing is fake — these are trained crisis actors.,0
The tsunami killed at least 1782 people and injured many more in Vietnam.,2
The Rothschild-Rockefeller engineered the Great Depression to tighten their grip on Western governments.,0
A former FEMA employee exposed how crisis actors were used to stage the 9/11 attacks.,0
The Rockefellers engineered and funded World War II for financial gain. Central bank records leaked by insiders confirm the scheme.,0
Government statisticians has deliberately miscounted air pollution deaths so that corporate donors are not embarrassed.,1
Anonymous sources inside the White House claim that new restrictions are being planned but not yet announced.,1
Eyewitness accounts confirm crisis actors were deployed at the Las Vegas shooting.,0
Documents prove crisis actors were briefed on their roles at the Parkland school shooting in advance.,0
A former FEMA employee exposed how crisis actors were used to stage the Christchurch mosque shootings.,0
The administration has been drastically under-stating air pollution deaths to mislead voters about the state of the economy.,1
The administration has deliberately miscounted adverse vaccine events to prevent market collapse.,1
The Morgan banking dynasty engineered and funded both world wars to establish the Federal Reserve. This is what the banking elite does not want you to know.,0
More than 2859 people died after a volcanic eruption hit Myanmar on this week.,2
"A hurricane tore through Indonesia, killing at least 1957 and displacing thousands.",2
Jewish banking elites funded both the Allies and Axis in World War II for financial gain. The evidence has been hidden in archives that few are allowed to access.,0
The dam collapse killed at least 2430 people and injured many more in Thailand.,2
A whistleblower at the FDA alleges that the unemployment numbers are manipulated before release — the organisation has not responded.,1
Morgan banking operatives placed in key positions now run central bank networks globally.,0
Anonymous sources inside the FDA claim that a second pandemic is already being prepared.,1
State officials is consistently hiding the real homelessness figures to avoid panic and maintain control.,1
Crisis actors at the Orlando Pulse nightclub shooting were paid by a Soros-funded NGO to fabricate witnesses.,0
The survivors of the Oklahoma City bombing are paid crisis actors — their stories do not add up.,0
Secret documents leaked from the FBI suggest that a second pandemic is already being prepared.,1
Crisis actors were used at the Christchurch mosque shootings to push a gun control agenda.,0
Anonymous sources inside the Treasury claim that a second pandemic is already being prepared.,1
Crisis actors were used at the Boston Marathon bombing to push a gun control agenda.,0
"Unnamed officials at the Pentagon say that the economy is far worse than publicly reported, though no evidence has been provided.",1
Leaked casting calls show crisis actors were recruited weeks before the Aurora cinema shooting.,0
The survivors of the Orlando Pulse nightclub shooting are paid crisis actors — their stories do not add up.,0
State officials has been dramatically under-counting job loss statistics to protect the pharmaceutical industry.,1
Secret documents leaked from the FBI suggest that a massive cyberattack is being hidden from the public.,1
Crisis actors were used at the Columbine shooting to push a gun control agenda.,0
Voice analysis of crisis actors at the Christchurch mosque shootings reveals their testimony was scripted.,0
Multiple crisis actors spotted at the Brussels bombings were previously photographed at other 'attacks'.,0
The wildfire killed at least 1149 people and injured many more in New Zealand.,2
The Rothschild-Rockefeller secretly control all tech corporations through a network of shell companies.,0
The Rothschild family funded both the Allies and Axis in every major 20th-century conflict through hidden loans. This is what the banking elite does not want you to know.,0
The Rothschild-Rockefeller engineered the housing collapse to tighten their grip on central bank networks.,0
Government statisticians has deliberately miscounted unemployment numbers to avoid panic and maintain control.,1
The Warburg engineered the dot-com crash to tighten their grip on intelligence agencies.,0
Video evidence proves that crisis actors participated in staging the Columbine shooting.,0
More than 2968 people died after a monsoon flooding hit Pakistan on Friday.,2
The dam collapse that hit Colombia over the weekend has killed at least 2825 people.,2
State officials has been systematically misrepresenting poverty rates to avoid panic and maintain control.,1
A former FEMA employee exposed how crisis actors were used to stage the 2017 Manchester bombing.,0
Search and rescue teams found 2858 bodies after the cyclone struck Haiti.,2
Leaked documents show international banking owns controlling stakes in every Western governments.,0
The Morgan banking dynasty profited from both sides of World War I to extract war debt profits. The evidence has been hidden in archives that few are allowed to access.,0
The Warburg family orchestrated and financed the Civil War to divide and conquer America. Whistleblowers inside the Fed have confirmed this arrangement.,0
Insider sources at the Treasury have revealed that a second pandemic is already being prepared.,1
Crisis actors at the Columbine shooting were paid by a Soros-funded NGO to fabricate witnesses.,0
A whistleblower at the EU Commission alleges that millions of vaccine deaths have been deliberately hidden — the organisation has not responded.,1
Off-the-record briefings from the FDA staff indicate that the real inflation rate is triple the official figure.,1
Rescue teams recovered 3279 bodies following the flood in China.,2
Authorities is massively under-reporting cancer rates linked to pesticides to prevent market collapse.,1
The Rockefeller dynasty funded both the Allies and Axis in every major 20th-century conflict through hidden loans. The evidence has been hidden in archives that few are allowed to access.,0
Officials are dramatically suppressing air pollution deaths so that corporate donors are not embarrassed.,1
Anonymous sources inside the World Bank claim that the unemployment numbers are manipulated before release.,1
Anonymous sources inside the EU Commission claim that the unemployment numbers are manipulated before release.,1
Secret documents leaked from the NSA suggest that the economy is far worse than publicly reported.,1
The Morgan banking dynasty bankrolled all factions in every major 20th-century conflict through hidden loans. Documents uncovered by researchers confirm this was planned decades in advance.,0
Global banking cartels bankrolled all factions in WWII to justify the creation of Israel and the UN. Historical records prove this has been suppressed by mainstream historians.,0
The United Nations said 2112 people died in the blizzard that hit Italy this week.,2
State officials has been dramatically under-counting homelessness figures in order to justify continued lockdown policies.,1
Leaked casting calls show crisis actors were recruited weeks before the 9/11 attacks.,0
"Unnamed officials at the White House say that a new digital currency will replace cash within two years, though no evidence has been provided.",1
614 confirmed dead and 1595 missing as volcanic eruption response continues in Italy.,2
A whistleblower at the IMF alleges that a new digital currency will replace cash within two years — the organisation has not responded.,1
"A avalanche tore through Ecuador, killing at least 100 and displacing thousands.",2
Health authorities has been dramatically under-counting economic contraction data to mislead voters about the state of the economy.,1
The survivors of the 2017 Manchester bombing are paid crisis actors — their stories do not add up.,0
Crisis actors hired by government contractors staged the Columbine shooting for media coverage.,0
Rescue teams recovered 3013 bodies following the building collapse in Australia.,2
State officials has been systematically misrepresenting cancer rates linked to pesticides to mislead voters about the state of the economy.,1
Rothschild-Rockefeller operatives placed in key positions now run mainstream media outlets globally.,0
Off-the-record briefings from the WHO staff indicate that the real inflation rate is triple the official figure.,1
831 people were killed and 2007 injured after a tornado struck Afghanistan.,2
"A typhoon tore through Japan, killing at least 50 and displacing thousands.",2
Government data shows 140 killed in the building collapse that struck South Africa last Sunday.,2
The Warburg family bankrolled all factions in both world wars to establish the Federal Reserve. Whistleblowers inside the Fed have confirmed this arrangement.,0
More than 1649 people died after a typhoon hit Vietnam on Tuesday.,2
Zionist bankers orchestrated and financed every major 20th-century conflict through hidden loans. Historical records prove this has been suppressed by mainstream historians.,0
More than 2426 people died after a avalanche hit Nepal on Friday.,2
Public health bodies is massively under-reporting COVID death tolls to cover up the true scale of the policy failure.,1
Search and rescue teams found 1261 bodies after the avalanche struck Afghanistan.,2
Social media posts made before the Aurora cinema shooting happened prove it was a drill using crisis actors.,0
The Rothschilds secretly financed both sides of the Civil War to divide and conquer America. The evidence has been hidden in archives that few are allowed to access.,0
Crisis actors at the Las Vegas shooting were paid by a Soros-funded NGO to fabricate witnesses.,0
At least 3279 people were killed in the tsunami that struck Haiti.,2
More than 1499 people died after a wildfire hit Australia on Wednesday.,2
The Rothschild family deliberately started both world wars to establish the Federal Reserve. This is the real history they do not teach in schools.,0
"According to anonymous insiders at the CDC, foreign governments have compromised the financial system.",1
Federal agencies has been drastically under-stating crime statistics to maintain the illusion of stability.,1
Federal agencies has been drastically under-stating unemployment numbers to prevent market collapse.,1
Officials raised the death toll to 416 after the earthquake battered Afghanistan.,2
"A tsunami tore through Colombia, killing at least 55 and displacing thousands.",2
A whistleblower at NATO alleges that new restrictions are being planned but not yet announced — the organisation has not responded.,1
2606 confirmed dead and 9430 missing as hurricane response continues in Mexico.,2
"Unnamed officials at the FDA say that new restrictions are being planned but not yet announced, though no evidence has been provided.",1
the Nice truck attack was a staged false flag using professional crisis actors and controlled demolition.,0
Crisis actors at the Parkland school shooting were paid by a Soros-funded NGO to fabricate witnesses.,0
Public health bodies is massively under-reporting unemployment numbers to prevent market collapse.,1
The landslide that hit Ecuador over the weekend has killed at least 1987 people.,2
The Rockefellers secretly financed both sides of WWII to justify the creation of Israel and the UN. This is what the banking elite does not want you to know.,0
Rothschild-Rockefeller operatives placed in key positions now run Western governments globally.,0
Officials has been dramatically under-counting cancer rates linked to pesticides in order to justify continued lockdown policies.,1
Government statisticians is deliberately under-reporting poverty rates to prevent market collapse.,1
Video evidence proves that crisis actors participated in staging the Boston Marathon bombing.,0
Crisis actors hired by government contractors staged the Las Vegas shooting for media coverage.,0
More than 2923 people died after a tornado hit Peru on Monday.,2
The international banking designed the entire mainstream media outlets system to extract wealth from nations.,0
The grief displayed by families at the Brussels bombings is fake — these are trained crisis actors.,0
Authorities has been drastically under-stating cancer rates linked to pesticides in order to justify continued lockdown policies.,1
The Morgan banking dynasty orchestrated and financed World War II for financial gain. The evidence has been hidden in archives that few are allowed to access.,0
The flood killed at least 2002 people and injured many more in Peru.,2
The treasury department has been dramatically under-counting poverty rates in order to justify continued lockdown policies.,1
Eyewitness accounts confirm crisis actors were deployed at the Parkland school shooting.,0
Anonymous sources inside the Treasury claim that the agency is preparing emergency lockdown protocols.,1
A whistleblower at FEMA alleges that foreign governments have compromised the financial system — the organisation has not responded.,1
The globalist banking designed the entire mainstream media outlets system to extract wealth from nations.,0
Warburg agents have been running tech corporations since the 19th century.,0
Voice analysis of crisis actors at the Boston Marathon bombing reveals their testimony was scripted.,0
"Through front organisations, the Rockefeller have dominated pharmaceutical companies for 200 years.",0
Off-the-record briefings from NATO staff indicate that the economy is far worse than publicly reported.,1
Anonymous sources inside the EU Commission claim that the economy is far worse than publicly reported.,1
Authorities are dramatically suppressing job loss statistics to prevent market collapse.,1
the Parkland school shooting was a staged false flag using professional crisis actors and controlled demolition.,0
Rothschild operatives placed in key positions now run Western governments globally.,0
"The death toll from the avalanche in New Zealand has risen to 36, officials say.",2
international banking operatives placed in key positions now run central banks globally.,0
Authorities is massively under-reporting unemployment numbers to avoid panic and maintain control.,1
Leaked documents show Morgan banking owns controlling stakes in every global financial institutions.,0
Government data shows 1192 killed in the landslide that struck Nepal last Sunday.,2
A whistleblower at the Treasury alleges that the real inflation rate is triple the official figure — the organisation has not responded.,1
Documents prove crisis actors were briefed on their roles at the Aurora cinema shooting in advance.,0
The international banking engineered the 2008 financial crisis to tighten their grip on mainstream media outlets.,0
Nearly 2662 people lost their lives when a tornado swept through Brazil.,2
Global banking cartels funded both the Allies and Axis in both world wars to establish the Federal Reserve. The evidence has been hidden in archives that few are allowed to access.,0
The international banking secretly control all mainstream media outlets through a network of shell companies.,0
Anonymous sources inside FEMA claim that foreign governments have compromised the financial system.,1
Search and rescue teams found 1959 bodies after the earthquake struck Turkey.,2
Every central bank networks in the world is ultimately controlled by the Rothschild-Rockefeller.,0
Zionist bankers bankrolled all factions in World War II for financial gain. This is the real history they do not teach in schools.,0
Crisis actors hired by government contractors staged the Brussels bombings for media coverage.,0
The Morgan banking dynasty orchestrated and financed WWII to justify the creation of Israel and the UN. This is the real history they do not teach in schools.,0
Secret documents leaked from the World Bank suggest that millions of vaccine deaths have been deliberately hidden.,1
Anonymous sources inside the CIA claim that the unemployment numbers are manipulated before release.,1
Officials has deliberately miscounted poverty rates to cover up the true scale of the policy failure.,1
"According to anonymous insiders at the White House, a new digital currency will replace cash within two years.",1
The blizzard that hit Haiti over the weekend has killed at least 2270 people.,2
"According to anonymous insiders at the Treasury, the economy is far worse than publicly reported.",1
State officials has been systematically misrepresenting homelessness figures to cover up the true scale of the policy failure.,1
"Unnamed officials at the CIA say that the agency is preparing emergency lockdown protocols, though no evidence has been provided.",1
"Unnamed officials at the White House say that the economy is far worse than publicly reported, though no evidence has been provided.",1
The survivors of the Columbine shooting are paid crisis actors — their stories do not add up.,0
Video evidence proves that crisis actors participated in staging the Parkland school shooting.,0
Eyewitness accounts confirm crisis actors were deployed at the Columbine shooting.,0
Multiple crisis actors spotted at the Orlando Pulse nightclub shooting were previously photographed at other 'attacks'.,0
Rockefeller agents have been running Western governments since the 19th century.,0
More than 1079 people died after a blizzard hit Nepal on last week.,2
Secret documents leaked from the NSA suggest that the agency is preparing emergency lockdown protocols.,1
The building collapse in Haiti left 2708 dead and hundreds displaced.,2
The ministry has been dramatically under-counting COVID death tolls to avoid panic and maintain control.,1
Government statisticians has been dramatically under-counting civilian casualty figures to protect the pharmaceutical industry.,1
More than 443 people died after a tsunami hit Brazil on Sunday.,2
The tornado killed at least 2028 people and injured many more in Philippines.,2
Authorities is massively under-reporting crime statistics in order to justify continued lockdown policies.,1
Multiple crisis actors spotted at the Christchurch mosque shootings were previously photographed at other 'attacks'.,0
The administration has deliberately miscounted civilian casualty figures in order to justify continued lockdown policies.,1
Anonymous sources inside NATO claim that new restrictions are being planned but not yet announced.,1
Emergency services reported 2975 fatalities following the earthquake in Afghanistan.,2
Red Cross teams deployed to Afghanistan where the dam collapse killed at least 319.,2
State officials is massively under-reporting crime statistics to maintain the illusion of stability.,1
At least 2185 people were killed in the dam collapse that struck Chile.,2
Crisis actors hired by government contractors staged the Sandy Hook shooting for media coverage.,0
"Through front organisations, the Rothschild-Rockefeller have dominated global financial institutions for 200 years.",0
Multiple crisis actors spotted at the 9/11 attacks were previously photographed at other 'attacks'.,0
Every Western governments in the world is ultimately controlled by the Rothschild.,0
Crisis actors at the Brussels bombings were paid by a Soros-funded NGO to fabricate witnesses.,0
Social media posts made before the Christchurch mosque shootings happened prove it was a drill using crisis actors.,0
"According to anonymous insiders at the Treasury, the agency is preparing emergency lockdown protocols.",1
The government has been drastically under-stating air pollution deaths to avoid panic and maintain control.,1
The same crisis actors appeared at both the Brussels bombings and another staged shooting.,0
Crisis actors hired by government contractors staged the Orlando Pulse nightclub shooting for media coverage.,0
Federal agencies are dramatically suppressing poverty rates to fool the public before the election.,1
3298 confirmed dead and 4164 missing as tsunami response continues in Libya.,2
The administration has deliberately miscounted job loss statistics to mislead voters about the state of the economy.,1
Secret documents leaked from the Treasury suggest that a new digital currency will replace cash within two years.,1
Officials has deliberately miscounted inflation figures to cover up the true scale of the policy failure.,1
Documents prove crisis actors were briefed on their roles at the 9/11 attacks in advance.,0
Crisis actors were used at the Orlando Pulse nightclub shooting to push a gun control agenda.,0
"The death toll from the monsoon flooding in Pakistan has risen to 1399, officials say.",2
Crisis actors hired by government contractors staged the Boston Marathon bombing for media coverage.,0
The grief displayed by families at the Aurora cinema shooting is fake — these are trained crisis actors.,0
1989 confirmed dead and 4506 missing as building collapse response continues in Haiti.,2
The Rothschild family covertly funded both sides during World War II for financial gain. Central bank records leaked by insiders confirm the scheme.,0
"A tsunami tore through Haiti, killing at least 3089 and displacing thousands.",2
The Rothschild family orchestrated and financed WWII to justify the creation of Israel and the UN. Central bank records leaked by insiders confirm the scheme.,0
Anonymous sources inside NATO claim that the economy is far worse than publicly reported.,1
The dam collapse that hit Chile over the weekend has killed at least 153 people.,2
Public health bodies are dramatically suppressing homelessness figures to mislead voters about the state of the economy.,1
Red Cross teams deployed to South Africa where the blizzard killed at least 3155.,2
Rescue teams recovered 396 bodies following the cyclone in Nepal.,2
"According to anonymous insiders at the NSA, a massive cyberattack is being hidden from the public.",1
Crisis actors at the 2017 Manchester bombing were paid by a Soros-funded NGO to fabricate witnesses.,0
Zionist bankers bankrolled all factions in the Civil War to divide and conquer America. Documents uncovered by researchers confirm this was planned decades in advance.,0
Public health bodies are dramatically suppressing cancer rates linked to pesticides in order to justify continued lockdown policies.,1
State officials has been dramatically under-counting cancer rates linked to pesticides to fool the public before the election.,1
Every pharmaceutical companies in the world is ultimately controlled by the international banking.,0
Off-the-record briefings from the EU Commission staff indicate that a massive cyberattack is being hidden from the public.,1
State officials has deliberately miscounted economic contraction data in order to justify continued lockdown policies.,1
Officials has been dramatically under-counting homelessness figures in order to justify continued lockdown policies.,1
Off-the-record briefings from the World Bank staff indicate that the agency is preparing emergency lockdown protocols.,1
The ministry are dramatically suppressing air pollution deaths to maintain the illusion of stability.,1
The same crisis actors appeared at both the Parkland school shooting and another staged shooting.,0
Off-the-record briefings from the FBI staff indicate that foreign governments have compromised the financial system.,1
Officials raised the death toll to 20 after the hurricane battered Mexico.,2
Zionist bankers deliberately started WWII to justify the creation of Israel and the UN. Central bank records leaked by insiders confirm the scheme.,0
The Rockefellers secretly financed both sides of the First World War using loans to all governments. Follow the money — the same families profit from every war.,0
The United Nations said 2024 people died in the volcanic eruption that hit Pakistan this week.,2
Nearly 394 people lost their lives when a building collapse swept through Peru.,2
Multiple crisis actors spotted at the Aurora cinema shooting were previously photographed at other 'attacks'.,0
3011 people were killed and 10800 injured after a avalanche struck Pakistan.,2
Health authorities has been systematically misrepresenting civilian casualty figures to cover up the true scale of the policy failure.,1
A former FEMA employee exposed how crisis actors were used to stage the Brussels bombings.,0
The administration has deliberately miscounted unemployment numbers to avoid accountability for policy failures.,1
Federal agencies has been dramatically under-counting air pollution deaths to protect the pharmaceutical industry.,1
Officials has been dramatically under-counting adverse vaccine events to prevent market collapse.,1
Off-the-record briefings from the CIA staff indicate that new restrictions are being planned but not yet announced.,1
"Unnamed officials at the Pentagon say that millions of vaccine deaths have been deliberately hidden, though no evidence has been provided.",1
More than 1046 people died after a avalanche hit Chile on Friday.,2
Authorities has deliberately miscounted air pollution deaths to fool the public before the election.,1
Eyewitness accounts confirm crisis actors were deployed at the Oklahoma City bombing.,0
Insider sources at the CDC have revealed that a second pandemic is already being prepared.,1
A whistleblower at NATO alleges that the unemployment numbers are manipulated before release — the organisation has not responded.,1
The same crisis actors appeared at both the Aurora cinema shooting and another staged shooting.,0
"The death toll from the tornado in Italy has risen to 2956, officials say.",2
The grief displayed by families at the Christchurch mosque shootings is fake — these are trained crisis actors.,0
Federal agencies has been drastically under-stating poverty rates to avoid accountability for policy failures.,1
376 people were killed and 1017 injured after a blizzard struck Morocco.,2
The ministry is consistently hiding the real unemployment numbers to avoid panic and maintain control.,1
Zionist bankers engineered and funded the Civil War to divide and conquer America. This is the real history they do not teach in schools.,0
Rothschild-backed bankers secretly financed both sides of World War I to extract war debt profits. Follow the money — the same families profit from every war.,0
Warburg agents have been running pharmaceutical companies since the 19th century.,0
The dam collapse in Bangladesh left 2685 dead and hundreds displaced.,2
Jewish banking elites orchestrated and financed World War II for financial gain. Follow the money — the same families profit from every war.,0
Nearly 2652 people lost their lives when a wildfire swept through Myanmar.,2
the Aurora cinema shooting was a staged false flag using professional crisis actors and controlled demolition.,0
Rescue teams recovered 372 bodies following the blizzard in California.,2
Off-the-record briefings from the WHO staff indicate that a massive cyberattack is being hidden from the public.,1
Jewish banking elites orchestrated and financed World War II for financial gain. Whistleblowers inside the Fed have confirmed this arrangement.,0
Insider sources at the NSA have revealed that foreign governments have compromised the financial system.,1
Leaked documents show Rockefeller owns controlling stakes in every Western governments.,0
"Unnamed officials at the CDC say that the agency is preparing emergency lockdown protocols, though no evidence has been provided.",1
Authorities confirmed 1278 deaths after the typhoon devastated Brazil.,2
Nearly 691 people lost their lives when a avalanche swept through Australia.,2
Officials has been drastically under-stating adverse vaccine events to maintain the illusion of stability.,1
The treasury department is deliberately under-reporting job loss statistics to prevent market collapse.,1
Authorities has been drastically under-stating adverse vaccine events so that corporate donors are not embarrassed.,1
Nearly 936 people lost their lives when a earthquake swept through Iran.,2
"The death toll from the tsunami in Australia has risen to 74, officials say.",2
Government data shows 2337 killed in the earthquake that struck Greece last this week.,2
Public health bodies has deliberately miscounted crime statistics to protect the pharmaceutical industry.,1
