text,label
CRISIS ACTOR PROOF: Big Pharma funded the suppression of footage of crisis actors at staged mass shootings. Share this immediately. They are watching and will scrub this post.,0
SUPPRESSED STUDY: Intelligence agencies has manipulated data to conceal footage of crisis actors at staged mass shootings. This is what the mainstream media refuses to report.,0
DEEP STATE EXPOSED: Big Pharma funded the suppression of classified files on weather manipulation via HAARP. Share this immediately. They are watching and will scrub this post.,0
DEEP STATE EXPOSED: CIA officials is running a cover-up on data showing chemtrails are used for population control. The evidence has been suppressed by powerful interests.,0
CRISIS ACTOR PROOF: Tech billionaires is running a cover-up on a whistleblower's report on adrenochrome harvesting. Deep state operatives have threatened those who speak out.,0
URGENT: What they're hiding from you — The New World Order engineered the disappearance of a cure for cancer that has existed for decades. Multiple credible witnesses have confirmed this but been silenced.,0
LEAKED: Secret document proves Tech billionaires deliberately destroyed evidence of footage of crisis actors at staged mass shootings. The truth is finally coming out — spread this before it's banned.,0
BOMBSHELL: Insider exposes Rothschild-backed organizations is hiding evidence that the moon landing was filmed in a studio. WWG1WGA — the storm is coming and the truth will be revealed.,0
COVER-UP EXPOSED: Tech billionaires funded the suppression of records showing fluoride is used for mind control. They don't want you to know this — share before it gets deleted.,0
COVER-UP EXPOSED: The Illuminati funded the suppression of a whistleblower's report on adrenochrome harvesting. Secret files released by a brave insider confirm every detail.,0
CRISIS ACTOR PROOF: Globalist forces orchestrated a whistleblower's report on adrenochrome harvesting. They don't want you to know this — share before it gets deleted.,0
URGENT: What they're hiding from you — Secret cabals is hiding footage of crisis actors at staged mass shootings. Secret files released by a brave insider confirm every detail.,0
DEEP STATE EXPOSED: Global elites staged documents linking George Soros to election rigging. They don't want you to know this — share before it gets deleted.,0
COVER-UP EXPOSED: Underground networks funded the suppression of footage of crisis actors at staged mass shootings. The truth is finally coming out — spread this before it's banned.,0
FALSE FLAG CONFIRMED: The Illuminati has been fabricating evidence that the 2020 election was stolen via Dominion machines. Share this immediately. They are watching and will scrub this post.,0
DEEP STATE EXPOSED: Underground networks is hiding the real cause of climate change — solar weapon testing. Fact-checkers funded by Big Pharma are calling this 'false' — that alone proves it's true.,0
BANNED TRUTH: The Illuminati has concealed evidence that the 2020 election was stolen via Dominion machines. This is what the mainstream media refuses to report.,0
URGENT: What they're hiding from you — Underground networks is hiding proof that the earth is flat and NASA has been lying. Leaked documents confirm this has been known for years.,0
URGENT: What they're hiding from you — CIA officials is running a cover-up on evidence that the moon landing was filmed in a studio. WWG1WGA — the storm is coming and the truth will be revealed.,0
DEEP STATE EXPOSED: Rothschild-backed organizations orchestrated a cure for cancer that has existed for decades. WWG1WGA — the storm is coming and the truth will be revealed.,0
What the mainstream media won't tell you: Secret cabals staged evidence that the moon landing was filmed in a studio. WWG1WGA — the storm is coming and the truth will be revealed.,0
BREAKING: Whistleblower reveals Underground networks is hiding documents linking George Soros to election rigging. This is what the mainstream media refuses to report.,0
They don't want you to see this: Globalist forces has concealed evidence that 5G towers cause neurological damage. Leaked documents confirm this has been known for years.,0
SUPPRESSED STUDY: Big Pharma staged a leaked Pentagon file on alien contact. Fact-checkers funded by Big Pharma are calling this 'false' — that alone proves it's true.,0
BREAKING: Whistleblower reveals Deep state operatives orchestrated footage of crisis actors at staged mass shootings. This information was removed from the internet within hours.,0
SUPPRESSED STUDY: Big Pharma has manipulated data to conceal the real cause of climate change — solar weapon testing. The truth is finally coming out — spread this before it's banned.,0
BREAKING: Whistleblower reveals The government engineered the disappearance of classified files on weather manipulation via HAARP. Secret files released by a brave insider confirm every detail.,0
They don't want you to see this: The New World Order is actively suppressing documents proving COVID-19 was a planned bioweapon. This information was removed from the internet within hours.,0
They don't want you to see this: Tech billionaires engineered the disappearance of a whistleblower's report on adrenochrome harvesting. They don't want you to know this — share before it gets deleted.,0
CRISIS ACTOR PROOF: Secret cabals engineered the disappearance of a leaked Pentagon file on alien contact. The evidence has been suppressed by powerful interests.,0
CRISIS ACTOR PROOF: Deep state operatives has been fabricating a leaked Pentagon file on alien contact. The truth is finally coming out — spread this before it's banned.,0
BANNED TRUTH: Big Pharma has manipulated data to conceal evidence that 5G towers cause neurological damage. The truth is finally coming out — spread this before it's banned.,0
URGENT: What they're hiding from you — CIA officials is running a cover-up on the real cause of climate change — solar weapon testing. Multiple credible witnesses have confirmed this but been silenced.,0
COVER-UP EXPOSED: World health authorities engineered the disappearance of the real cause of climate change — solar weapon testing. This information was removed from the internet within hours.,0
URGENT: What they're hiding from you — Secret cabals orchestrated the real cause of climate change — solar weapon testing. This information was removed from the internet within hours.,0
SUPPRESSED STUDY: Rothschild-backed organizations has manipulated data to conceal proof that vaccines contain tracking microchips. A whistleblower who worked inside the organization has come forward.,0
DEEP STATE EXPOSED: The government is hiding evidence that the 2020 election was stolen via Dominion machines. Fact-checkers funded by Big Pharma are calling this 'false' — that alone proves it's true.,0
URGENT: What they're hiding from you — Global elites staged proof that the earth is flat and NASA has been lying. This information was removed from the internet within hours.,0
They don't want you to see this: Intelligence agencies deliberately destroyed evidence of records showing fluoride is used for mind control. Secret files released by a brave insider confirm every detail.,0
What the mainstream media won't tell you: Globalist forces is actively suppressing documents linking George Soros to election rigging. Deep state operatives have threatened those who speak out.,0
SUPPRESSED STUDY: Underground networks deliberately destroyed evidence of the real cause of climate change — solar weapon testing. The truth is finally coming out — spread this before it's banned.,0
SUPPRESSED STUDY: Tech billionaires funded the suppression of a leaked Pentagon file on alien contact. A whistleblower who worked inside the organization has come forward.,0
What the mainstream media won't tell you: Global elites is hiding documents proving COVID-19 was a planned bioweapon. Fact-checkers funded by Big Pharma are calling this 'false' — that alone proves it's true.,0
LEAKED: Secret document proves World health authorities deliberately destroyed evidence of a leaked Pentagon file on alien contact. Secret files released by a brave insider confirm every detail.,0
URGENT: What they're hiding from you — Rothschild-backed organizations is actively suppressing evidence that 5G towers cause neurological damage. Share this immediately. They are watching and will scrub this post.,0
LEAKED: Secret document proves Tech billionaires has been fabricating a whistleblower's report on adrenochrome harvesting. This information was removed from the internet within hours.,0
COVER-UP EXPOSED: The government is hiding proof that vaccines contain tracking microchips. They don't want you to know this — share before it gets deleted.,0
DEEP STATE EXPOSED: Rothschild-backed organizations orchestrated proof that the earth is flat and NASA has been lying. Leaked documents confirm this has been known for years.,0
COVER-UP EXPOSED: Secret cabals has manipulated data to conceal evidence that 5G towers cause neurological damage. This is what the mainstream media refuses to report.,0
They don't want you to see this: Intelligence agencies has manipulated data to conceal documents proving COVID-19 was a planned bioweapon. Anonymous insiders say the cover-up goes all the way to the top.,0
DEEP STATE EXPOSED: Shadow government officials has concealed footage of crisis actors at staged mass shootings. A whistleblower who worked inside the organization has come forward.,0
FALSE FLAG CONFIRMED: The New World Order funded the suppression of a whistleblower's report on adrenochrome harvesting. WWG1WGA — the storm is coming and the truth will be revealed.,0
BREAKING: Whistleblower reveals World health authorities funded the suppression of classified files on weather manipulation via HAARP. This is what the mainstream media refuses to report.,0
CRISIS ACTOR PROOF: Intelligence agencies is hiding proof that vaccines contain tracking microchips. A whistleblower who worked inside the organization has come forward.,0
They don't want you to see this: Underground networks has been fabricating records showing fluoride is used for mind control. They don't want you to know this — share before it gets deleted.,0
BANNED TRUTH: World health authorities funded the suppression of classified files on weather manipulation via HAARP. The truth is finally coming out — spread this before it's banned.,0
COVER-UP EXPOSED: Rothschild-backed organizations has been fabricating evidence that the moon landing was filmed in a studio. Multiple credible witnesses have confirmed this but been silenced.,0
What the mainstream media won't tell you: Shadow government officials orchestrated a whistleblower's report on adrenochrome harvesting. WWG1WGA — the storm is coming and the truth will be revealed.,0
BREAKING: Whistleblower reveals Globalist forces is hiding a leaked Pentagon file on alien contact. WWG1WGA — the storm is coming and the truth will be revealed.,0
CRISIS ACTOR PROOF: Global elites has been censoring documents proving COVID-19 was a planned bioweapon. They don't want you to know this — share before it gets deleted.,0
DEEP STATE EXPOSED: Shadow government officials deliberately destroyed evidence of proof that vaccines contain tracking microchips. This information was removed from the internet within hours.,0
COVER-UP EXPOSED: Big Pharma is running a cover-up on evidence that the 2020 election was stolen via Dominion machines. WWG1WGA — the storm is coming and the truth will be revealed.,0
CRISIS ACTOR PROOF: The government deliberately destroyed evidence of proof that vaccines contain tracking microchips. This is what the mainstream media refuses to report.,0
DEEP STATE EXPOSED: CIA officials deliberately destroyed evidence of a whistleblower's report on adrenochrome harvesting. This is what the mainstream media refuses to report.,0
SUPPRESSED STUDY: Rothschild-backed organizations engineered the disappearance of a whistleblower's report on adrenochrome harvesting. The evidence has been suppressed by powerful interests.,0
LEAKED: Secret document proves Intelligence agencies has been censoring proof that the earth is flat and NASA has been lying. Secret files released by a brave insider confirm every detail.,0
BOMBSHELL: Insider exposes The Illuminati deliberately destroyed evidence of the real cause of climate change — solar weapon testing. A whistleblower who worked inside the organization has come forward.,0
URGENT: What they're hiding from you — The government orchestrated footage of crisis actors at staged mass shootings. Leaked documents confirm this has been known for years.,0
BOMBSHELL: Insider exposes World health authorities has been censoring classified files on weather manipulation via HAARP. The truth is finally coming out — spread this before it's banned.,0
They don't want you to see this: Tech billionaires orchestrated a cure for cancer that has existed for decades. This is what the mainstream media refuses to report.,0
BREAKING: Whistleblower reveals Secret cabals engineered the disappearance of documents proving COVID-19 was a planned bioweapon. Deep state operatives have threatened those who speak out.,0
CRISIS ACTOR PROOF: Underground networks is hiding a leaked Pentagon file on alien contact. A whistleblower who worked inside the organization has come forward.,0
What the mainstream media won't tell you: The government is hiding footage of crisis actors at staged mass shootings. This information was removed from the internet within hours.,0
CRISIS ACTOR PROOF: Intelligence agencies orchestrated a whistleblower's report on adrenochrome harvesting. This information was removed from the internet within hours.,0
BANNED TRUTH: Secret cabals is running a cover-up on footage of crisis actors at staged mass shootings. Share this immediately. They are watching and will scrub this post.,0
BREAKING: Whistleblower reveals Tech billionaires engineered the disappearance of proof that vaccines contain tracking microchips. Fact-checkers funded by Big Pharma are calling this 'false' — that alone proves it's true.,0
BOMBSHELL: Insider exposes Deep state operatives has been covering up proof that vaccines contain tracking microchips. Secret files released by a brave insider confirm every detail.,0
COVER-UP EXPOSED: The New World Order orchestrated evidence that the 2020 election was stolen via Dominion machines. Anonymous insiders say the cover-up goes all the way to the top.,0
BOMBSHELL: Insider exposes CIA officials engineered the disappearance of a cure for cancer that has existed for decades. Secret files released by a brave insider confirm every detail.,0
LEAKED: Secret document proves Deep state operatives is actively suppressing documents proving COVID-19 was a planned bioweapon. A whistleblower who worked inside the organization has come forward.,0
They don't want you to see this: World health authorities is actively suppressing documents linking George Soros to election rigging. Multiple credible witnesses have confirmed this but been silenced.,0
COVER-UP EXPOSED: The government has concealed documents linking George Soros to election rigging. This information was removed from the internet within hours.,0
COVER-UP EXPOSED: Rothschild-backed organizations engineered the disappearance of footage of crisis actors at staged mass shootings. Secret files released by a brave insider confirm every detail.,0
What the mainstream media won't tell you: CIA officials funded the suppression of a whistleblower's report on adrenochrome harvesting. Fact-checkers funded by Big Pharma are calling this 'false' — that alone proves it's true.,0
COVER-UP EXPOSED: The government deliberately destroyed evidence of proof that the earth is flat and NASA has been lying. They don't want you to know this — share before it gets deleted.,0
LEAKED: Secret document proves The New World Order staged documents proving COVID-19 was a planned bioweapon. Deep state operatives have threatened those who speak out.,0
LEAKED: Secret document proves Global elites staged a whistleblower's report on adrenochrome harvesting. WWG1WGA — the storm is coming and the truth will be revealed.,0
DEEP STATE EXPOSED: Globalist forces orchestrated records showing fluoride is used for mind control. Fact-checkers funded by Big Pharma are calling this 'false' — that alone proves it's true.,0
COVER-UP EXPOSED: Globalist forces has been fabricating documents proving COVID-19 was a planned bioweapon. Anonymous insiders say the cover-up goes all the way to the top.,0
BANNED TRUTH: The New World Order deliberately destroyed evidence of evidence that the moon landing was filmed in a studio. WWG1WGA — the storm is coming and the truth will be revealed.,0
URGENT: What they're hiding from you — The Illuminati staged records showing fluoride is used for mind control. Secret files released by a brave insider confirm every detail.,0
DEEP STATE EXPOSED: Underground networks staged classified files on weather manipulation via HAARP. WWG1WGA — the storm is coming and the truth will be revealed.,0
BANNED TRUTH: Tech billionaires is hiding evidence that 5G towers cause neurological damage. Anonymous insiders say the cover-up goes all the way to the top.,0
DEEP STATE EXPOSED: Tech billionaires has manipulated data to conceal proof that vaccines contain tracking microchips. Anonymous insiders say the cover-up goes all the way to the top.,0
BANNED TRUTH: Deep state operatives has been fabricating records showing fluoride is used for mind control. This information was removed from the internet within hours.,0
They don't want you to see this: The New World Order has concealed documents linking George Soros to election rigging. Share this immediately. They are watching and will scrub this post.,0
BOMBSHELL: Insider exposes Underground networks has been censoring classified files on weather manipulation via HAARP. Leaked documents confirm this has been known for years.,0
BREAKING: Whistleblower reveals Deep state operatives staged a whistleblower's report on adrenochrome harvesting. Fact-checkers funded by Big Pharma are calling this 'false' — that alone proves it's true.,0
BREAKING: Whistleblower reveals Tech billionaires is hiding documents proving COVID-19 was a planned bioweapon. This information was removed from the internet within hours.,0
They don't want you to see this: Intelligence agencies deliberately destroyed evidence of a leaked Pentagon file on alien contact. The evidence has been suppressed by powerful interests.,0
BREAKING: Whistleblower reveals Intelligence agencies deliberately destroyed evidence of data showing chemtrails are used for population control. This information was removed from the internet within hours.,0
BOMBSHELL: Insider exposes Globalist forces orchestrated classified files on weather manipulation via HAARP. Deep state operatives have threatened those who speak out.,0
FALSE FLAG CONFIRMED: Deep state operatives engineered the disappearance of evidence that the 2020 election was stolen via Dominion machines. The evidence has been suppressed by powerful interests.,0
BANNED TRUTH: The Illuminati has manipulated data to conceal evidence that the 2020 election was stolen via Dominion machines. Deep state operatives have threatened those who speak out.,0
LEAKED: Secret document proves World health authorities is actively suppressing evidence that the 2020 election was stolen via Dominion machines. This information was removed from the internet within hours.,0
URGENT: What they're hiding from you — The New World Order staged evidence that the 2020 election was stolen via Dominion machines. Leaked documents confirm this has been known for years.,0
BANNED TRUTH: The Illuminati deliberately destroyed evidence of footage of crisis actors at staged mass shootings. Anonymous insiders say the cover-up goes all the way to the top.,0
BOMBSHELL: Insider exposes The Illuminati funded the suppression of data showing chemtrails are used for population control. Deep state operatives have threatened those who speak out.,0
COVER-UP EXPOSED: Big Pharma funded the suppression of proof that the earth is flat and NASA has been lying. The evidence has been suppressed by powerful interests.,0
BREAKING: Whistleblower reveals Secret cabals funded the suppression of evidence that 5G towers cause neurological damage. Deep state operatives have threatened those who speak out.,0
BANNED TRUTH: Global elites has been censoring evidence that the moon landing was filmed in a studio. The truth is finally coming out — spread this before it's banned.,0
SUPPRESSED STUDY: Secret cabals funded the suppression of data showing chemtrails are used for population control. They don't want you to know this — share before it gets deleted.,0
BANNED TRUTH: Deep state operatives has been covering up a cure for cancer that has existed for decades. This is what the mainstream media refuses to report.,0
CRISIS ACTOR PROOF: The government is running a cover-up on a leaked Pentagon file on alien contact. Secret files released by a brave insider confirm every detail.,0
DEEP STATE EXPOSED: Globalist forces engineered the disappearance of a cure for cancer that has existed for decades. Secret files released by a brave insider confirm every detail.,0
DEEP STATE EXPOSED: Underground networks is actively suppressing footage of crisis actors at staged mass shootings. Fact-checkers funded by Big Pharma are calling this 'false' — that alone proves it's true.,0
BOMBSHELL: Insider exposes CIA officials deliberately destroyed evidence of a cure for cancer that has existed for decades. They don't want you to know this — share before it gets deleted.,0
They don't want you to see this: Intelligence agencies deliberately destroyed evidence of proof that the earth is flat and NASA has been lying. Share this immediately. They are watching and will scrub this post.,0
SUPPRESSED STUDY: CIA officials orchestrated data showing chemtrails are used for population control. The evidence has been suppressed by powerful interests.,0
BANNED TRUTH: Global elites has been fabricating records showing fluoride is used for mind control. Share this immediately. They are watching and will scrub this post.,0
DEEP STATE EXPOSED: Rothschild-backed organizations has been covering up evidence that the moon landing was filmed in a studio. Leaked documents confirm this has been known for years.,0
BREAKING: Whistleblower reveals CIA officials has concealed classified files on weather manipulation via HAARP. WWG1WGA — the storm is coming and the truth will be revealed.,0
SUPPRESSED STUDY: Tech billionaires deliberately destroyed evidence of documents proving COVID-19 was a planned bioweapon. Secret files released by a brave insider confirm every detail.,0
CRISIS ACTOR PROOF: Underground networks funded the suppression of classified files on weather manipulation via HAARP. Secret files released by a brave insider confirm every detail.,0
LEAKED: Secret document proves Big Pharma is actively suppressing a whistleblower's report on adrenochrome harvesting. A whistleblower who worked inside the organization has come forward.,0
URGENT: What they're hiding from you — The government has been fabricating a leaked Pentagon file on alien contact. Share this immediately. They are watching and will scrub this post.,0
FALSE FLAG CONFIRMED: Intelligence agencies deliberately destroyed evidence of a whistleblower's report on adrenochrome harvesting. A whistleblower who worked inside the organization has come forward.,0
BANNED TRUTH: CIA officials engineered the disappearance of evidence that the 2020 election was stolen via Dominion machines. This information was removed from the internet within hours.,0
FALSE FLAG CONFIRMED: Global elites staged footage of crisis actors at staged mass shootings. Share this immediately. They are watching and will scrub this post.,0
SUPPRESSED STUDY: Rothschild-backed organizations is hiding a cure for cancer that has existed for decades. They don't want you to know this — share before it gets deleted.,0
They don't want you to see this: Deep state operatives has manipulated data to conceal data showing chemtrails are used for population control. This is what the mainstream media refuses to report.,0
DEEP STATE EXPOSED: Rothschild-backed organizations has been fabricating proof that the earth is flat and NASA has been lying. This is what the mainstream media refuses to report.,0
BREAKING: Whistleblower reveals Deep state operatives staged classified files on weather manipulation via HAARP. The truth is finally coming out — spread this before it's banned.,0
LEAKED: Secret document proves CIA officials has manipulated data to conceal evidence that the 2020 election was stolen via Dominion machines. A whistleblower who worked inside the organization has come forward.,0
BANNED TRUTH: Intelligence agencies has concealed evidence that the 2020 election was stolen via Dominion machines. This is what the mainstream media refuses to report.,0
DEEP STATE EXPOSED: Rothschild-backed organizations funded the suppression of evidence that the moon landing was filmed in a studio. Anonymous insiders say the cover-up goes all the way to the top.,0
URGENT: What they're hiding from you — World health authorities staged proof that vaccines contain tracking microchips. Fact-checkers funded by Big Pharma are calling this 'false' — that alone proves it's true.,0
BOMBSHELL: Insider exposes Deep state operatives is hiding data showing chemtrails are used for population control. Share this immediately. They are watching and will scrub this post.,0
CRISIS ACTOR PROOF: Intelligence agencies is hiding footage of crisis actors at staged mass shootings. The evidence has been suppressed by powerful interests.,0
FALSE FLAG CONFIRMED: Deep state operatives is actively suppressing classified files on weather manipulation via HAARP. Secret files released by a brave insider confirm every detail.,0
BOMBSHELL: Insider exposes The government has manipulated data to conceal a leaked Pentagon file on alien contact. Deep state operatives have threatened those who speak out.,0
BANNED TRUTH: Underground networks has concealed classified files on weather manipulation via HAARP. Deep state operatives have threatened those who speak out.,0
LEAKED: Secret document proves Shadow government officials orchestrated a leaked Pentagon file on alien contact. WWG1WGA — the storm is coming and the truth will be revealed.,0
LEAKED: Secret document proves World health authorities has been censoring a whistleblower's report on adrenochrome harvesting. This is what the mainstream media refuses to report.,0
BANNED TRUTH: Global elites has been fabricating footage of crisis actors at staged mass shootings. The truth is finally coming out — spread this before it's banned.,0
COVER-UP EXPOSED: Globalist forces has been fabricating evidence that the 2020 election was stolen via Dominion machines. A whistleblower who worked inside the organization has come forward.,0
LEAKED: Secret document proves Global elites has been fabricating evidence that the moon landing was filmed in a studio. WWG1WGA — the storm is coming and the truth will be revealed.,0
COVER-UP EXPOSED: Tech billionaires deliberately destroyed evidence of records showing fluoride is used for mind control. Leaked documents confirm this has been known for years.,0
CRISIS ACTOR PROOF: Rothschild-backed organizations has been covering up footage of crisis actors at staged mass shootings. They don't want you to know this — share before it gets deleted.,0
DEEP STATE EXPOSED: Underground networks is running a cover-up on the real cause of climate change — solar weapon testing. WWG1WGA — the storm is coming and the truth will be revealed.,0
What the mainstream media won't tell you: Secret cabals orchestrated records showing fluoride is used for mind control. Share this immediately. They are watching and will scrub this post.,0
FALSE FLAG CONFIRMED: Big Pharma has manipulated data to conceal data showing chemtrails are used for population control. This is what the mainstream media refuses to report.,0
BREAKING: Whistleblower reveals Tech billionaires has been fabricating a whistleblower's report on adrenochrome harvesting. The evidence has been suppressed by powerful interests.,0
LEAKED: Secret document proves Global elites staged classified files on weather manipulation via HAARP. The truth is finally coming out — spread this before it's banned.,0
SUPPRESSED STUDY: Secret cabals staged proof that vaccines contain tracking microchips. The evidence has been suppressed by powerful interests.,0
They don't want you to see this: The New World Order orchestrated a leaked Pentagon file on alien contact. Leaked documents confirm this has been known for years.,0
They don't want you to see this: Underground networks deliberately destroyed evidence of proof that the earth is flat and NASA has been lying. They don't want you to know this — share before it gets deleted.,0
BREAKING: Whistleblower reveals Underground networks funded the suppression of evidence that 5G towers cause neurological damage. Fact-checkers funded by Big Pharma are calling this 'false' — that alone proves it's true.,0
BOMBSHELL: Insider exposes World health authorities is hiding evidence that 5G towers cause neurological damage. A whistleblower who worked inside the organization has come forward.,0
FALSE FLAG CONFIRMED: The government deliberately destroyed evidence of footage of crisis actors at staged mass shootings. Anonymous insiders say the cover-up goes all the way to the top.,0
FALSE FLAG CONFIRMED: Deep state operatives is running a cover-up on evidence that the 2020 election was stolen via Dominion machines. The truth is finally coming out — spread this before it's banned.,0
LEAKED: Secret document proves Underground networks has been fabricating the real cause of climate change — solar weapon testing. This is what the mainstream media refuses to report.,0
URGENT: What they're hiding from you — The government has manipulated data to conceal data showing chemtrails are used for population control. A whistleblower who worked inside the organization has come forward.,0
They don't want you to see this: World health authorities has manipulated data to conceal a cure for cancer that has existed for decades. Anonymous insiders say the cover-up goes all the way to the top.,0
URGENT: What they're hiding from you — Global elites staged evidence that the 2020 election was stolen via Dominion machines. Deep state operatives have threatened those who speak out.,0
SUPPRESSED STUDY: Globalist forces deliberately destroyed evidence of proof that vaccines contain tracking microchips. The truth is finally coming out — spread this before it's banned.,0
URGENT: What they're hiding from you — Tech billionaires staged a whistleblower's report on adrenochrome harvesting. Deep state operatives have threatened those who speak out.,0
DEEP STATE EXPOSED: World health authorities is actively suppressing data showing chemtrails are used for population control. Share this immediately. They are watching and will scrub this post.,0
BOMBSHELL: Insider exposes Underground networks deliberately destroyed evidence of a cure for cancer that has existed for decades. A whistleblower who worked inside the organization has come forward.,0
SUPPRESSED STUDY: Globalist forces has been fabricating evidence that the moon landing was filmed in a studio. WWG1WGA — the storm is coming and the truth will be revealed.,0
BREAKING: Whistleblower reveals Rothschild-backed organizations orchestrated a cure for cancer that has existed for decades. WWG1WGA — the storm is coming and the truth will be revealed.,0
They don't want you to see this: Rothschild-backed organizations orchestrated a cure for cancer that has existed for decades. Share this immediately. They are watching and will scrub this post.,0
LEAKED: Secret document proves Secret cabals has been fabricating proof that vaccines contain tracking microchips. Fact-checkers funded by Big Pharma are calling this 'false' — that alone proves it's true.,0
COVER-UP EXPOSED: The New World Order orchestrated footage of crisis actors at staged mass shootings. Fact-checkers funded by Big Pharma are calling this 'false' — that alone proves it's true.,0
COVER-UP EXPOSED: The New World Order has concealed a cure for cancer that has existed for decades. Multiple credible witnesses have confirmed this but been silenced.,0
BREAKING: Whistleblower reveals The Illuminati has manipulated data to conceal records showing fluoride is used for mind control. Anonymous insiders say the cover-up goes all the way to the top.,0
FALSE FLAG CONFIRMED: Underground networks has been censoring a whistleblower's report on adrenochrome harvesting. A whistleblower who worked inside the organization has come forward.,0
BREAKING: Whistleblower reveals CIA officials orchestrated the real cause of climate change — solar weapon testing. Fact-checkers funded by Big Pharma are calling this 'false' — that alone proves it's true.,0
They don't want you to see this: Tech billionaires has manipulated data to conceal the real cause of climate change — solar weapon testing. Leaked documents confirm this has been known for years.,0
SUPPRESSED STUDY: Shadow government officials is hiding classified files on weather manipulation via HAARP. Multiple credible witnesses have confirmed this but been silenced.,0
BOMBSHELL: Insider exposes CIA officials has manipulated data to conceal documents proving COVID-19 was a planned bioweapon. Fact-checkers funded by Big Pharma are calling this 'false' — that alone proves it's true.,0
DEEP STATE EXPOSED: World health authorities engineered the disappearance of a leaked Pentagon file on alien contact. Share this immediately. They are watching and will scrub this post.,0
BOMBSHELL: Insider exposes Big Pharma funded the suppression of a whistleblower's report on adrenochrome harvesting. Leaked documents confirm this has been known for years.,0
FALSE FLAG CONFIRMED: Tech billionaires is hiding documents linking George Soros to election rigging. Deep state operatives have threatened those who speak out.,0
CRISIS ACTOR PROOF: Underground networks funded the suppression of a whistleblower's report on adrenochrome harvesting. Deep state operatives have threatened those who speak out.,0
What the mainstream media won't tell you: World health authorities is hiding proof that vaccines contain tracking microchips. Anonymous insiders say the cover-up goes all the way to the top.,0
What the mainstream media won't tell you: The government has been fabricating documents proving COVID-19 was a planned bioweapon. This information was removed from the internet within hours.,0
LEAKED: Secret document proves Global elites is actively suppressing records showing fluoride is used for mind control. Anonymous insiders say the cover-up goes all the way to the top.,0
BANNED TRUTH: Globalist forces is running a cover-up on proof that vaccines contain tracking microchips. This information was removed from the internet within hours.,0
BOMBSHELL: Insider exposes The government is actively suppressing proof that vaccines contain tracking microchips. A whistleblower who worked inside the organization has come forward.,0
BOMBSHELL: Insider exposes Globalist forces has been covering up records showing fluoride is used for mind control. A whistleblower who worked inside the organization has come forward.,0
BREAKING: Whistleblower reveals Deep state operatives has been covering up evidence that 5G towers cause neurological damage. WWG1WGA — the storm is coming and the truth will be revealed.,0
FALSE FLAG CONFIRMED: World health authorities orchestrated evidence that the 2020 election was stolen via Dominion machines. Secret files released by a brave insider confirm every detail.,0
BREAKING: Whistleblower reveals Tech billionaires funded the suppression of documents proving COVID-19 was a planned bioweapon. Multiple credible witnesses have confirmed this but been silenced.,0
They don't want you to see this: World health authorities is actively suppressing proof that vaccines contain tracking microchips. Leaked documents confirm this has been known for years.,0
CRISIS ACTOR PROOF: Big Pharma has concealed proof that the earth is flat and NASA has been lying. They don't want you to know this — share before it gets deleted.,0
What the mainstream media won't tell you: Global elites is actively suppressing footage of crisis actors at staged mass shootings. Deep state operatives have threatened those who speak out.,0
FALSE FLAG CONFIRMED: Deep state operatives staged classified files on weather manipulation via HAARP. This information was removed from the internet within hours.,0
BOMBSHELL: Insider exposes Tech billionaires staged a leaked Pentagon file on alien contact. Leaked documents confirm this has been known for years.,0
DEEP STATE EXPOSED: The Illuminati has manipulated data to conceal the real cause of climate change — solar weapon testing. Multiple credible witnesses have confirmed this but been silenced.,0
CRISIS ACTOR PROOF: Big Pharma is running a cover-up on a leaked Pentagon file on alien contact. Anonymous insiders say the cover-up goes all the way to the top.,0
BREAKING: Whistleblower reveals Shadow government officials has been fabricating a leaked Pentagon file on alien contact. A whistleblower who worked inside the organization has come forward.,0
BANNED TRUTH: Underground networks has been covering up evidence that 5G towers cause neurological damage. Anonymous insiders say the cover-up goes all the way to the top.,0
BREAKING: Whistleblower reveals Secret cabals is actively suppressing proof that vaccines contain tracking microchips. This information was removed from the internet within hours.,0
DEEP STATE EXPOSED: Underground networks has been censoring proof that vaccines contain tracking microchips. The truth is finally coming out — spread this before it's banned.,0
CRISIS ACTOR PROOF: The New World Order engineered the disappearance of evidence that the 2020 election was stolen via Dominion machines. They don't want you to know this — share before it gets deleted.,0
DEEP STATE EXPOSED: Shadow government officials orchestrated evidence that the moon landing was filmed in a studio. They don't want you to know this — share before it gets deleted.,0
BREAKING: Whistleblower reveals Globalist forces has been censoring a whistleblower's report on adrenochrome harvesting. Deep state operatives have threatened those who speak out.,0
URGENT: What they're hiding from you — Tech billionaires is running a cover-up on documents linking George Soros to election rigging. The evidence has been suppressed by powerful interests.,0
They don't want you to see this: Global elites engineered the disappearance of a whistleblower's report on adrenochrome harvesting. Share this immediately. They are watching and will scrub this post.,0
LEAKED: Secret document proves Big Pharma is actively suppressing classified files on weather manipulation via HAARP. Secret files released by a brave insider confirm every detail.,0
BREAKING: Whistleblower reveals Global elites engineered the disappearance of evidence that 5G towers cause neurological damage. Secret files released by a brave insider confirm every detail.,0
BANNED TRUTH: Shadow government officials has concealed the real cause of climate change — solar weapon testing. Deep state operatives have threatened those who speak out.,0
BOMBSHELL: Insider exposes Intelligence agencies is actively suppressing the real cause of climate change — solar weapon testing. Deep state operatives have threatened those who speak out.,0
BANNED TRUTH: Intelligence agencies is running a cover-up on records showing fluoride is used for mind control. The truth is finally coming out — spread this before it's banned.,0
URGENT: What they're hiding from you — Global elites is running a cover-up on a cure for cancer that has existed for decades. Multiple credible witnesses have confirmed this but been silenced.,0
They don't want you to see this: The government is running a cover-up on proof that the earth is flat and NASA has been lying. Deep state operatives have threatened those who speak out.,0
LEAKED: Secret document proves The Illuminati is actively suppressing records showing fluoride is used for mind control. This information was removed from the internet within hours.,0
They don't want you to see this: CIA officials staged documents linking George Soros to election rigging. WWG1WGA — the storm is coming and the truth will be revealed.,0
LEAKED: Secret document proves Secret cabals has been censoring data showing chemtrails are used for population control. Secret files released by a brave insider confirm every detail.,0
DEEP STATE EXPOSED: Deep state operatives engineered the disappearance of a cure for cancer that has existed for decades. They don't want you to know this — share before it gets deleted.,0
BREAKING: Whistleblower reveals Tech billionaires funded the suppression of a cure for cancer that has existed for decades. Share this immediately. They are watching and will scrub this post.,0
BANNED TRUTH: Rothschild-backed organizations has been censoring data showing chemtrails are used for population control. Fact-checkers funded by Big Pharma are calling this 'false' — that alone proves it's true.,0
BOMBSHELL: Insider exposes Big Pharma staged evidence that 5G towers cause neurological damage. Secret files released by a brave insider confirm every detail.,0
BOMBSHELL: Insider exposes CIA officials engineered the disappearance of a leaked Pentagon file on alien contact. This is what the mainstream media refuses to report.,0
SUPPRESSED STUDY: Intelligence agencies deliberately destroyed evidence of evidence that 5G towers cause neurological damage. A whistleblower who worked inside the organization has come forward.,0
BANNED TRUTH: The New World Order is hiding evidence that the 2020 election was stolen via Dominion machines. Fact-checkers funded by Big Pharma are calling this 'false' — that alone proves it's true.,0
COVER-UP EXPOSED: Underground networks has manipulated data to conceal evidence that 5G towers cause neurological damage. A whistleblower who worked inside the organization has come forward.,0
What the mainstream media won't tell you: Globalist forces engineered the disappearance of footage of crisis actors at staged mass shootings. Leaked documents confirm this has been known for years.,0
CRISIS ACTOR PROOF: Underground networks deliberately destroyed evidence of proof that the earth is flat and NASA has been lying. Leaked documents confirm this has been known for years.,0
BANNED TRUTH: Rothschild-backed organizations has concealed evidence that 5G towers cause neurological damage. They don't want you to know this — share before it gets deleted.,0
BREAKING: Whistleblower reveals The government is actively suppressing data showing chemtrails are used for population control. Secret files released by a brave insider confirm every detail.,0
DEEP STATE EXPOSED: Secret cabals engineered the disappearance of records showing fluoride is used for mind control. Deep state operatives have threatened those who speak out.,0
BOMBSHELL: Insider exposes Global elites is hiding proof that vaccines contain tracking microchips. The evidence has been suppressed by powerful interests.,0
What the mainstream media won't tell you: Shadow government officials engineered the disappearance of documents linking George Soros to election rigging. This is what the mainstream media refuses to report.,0
They don't want you to see this: The government has manipulated data to conceal evidence that the 2020 election was stolen via Dominion machines. The truth is finally coming out — spread this before it's banned.,0
BREAKING: Whistleblower reveals The government staged documents proving COVID-19 was a planned bioweapon. Secret files released by a brave insider confirm every detail.,0
COVER-UP EXPOSED: World health authorities has concealed records showing fluoride is used for mind control. This information was removed from the internet within hours.,0
SUPPRESSED STUDY: Globalist forces has been fabricating proof that vaccines contain tracking microchips. They don't want you to know this — share before it gets deleted.,0
BANNED TRUTH: Big Pharma funded the suppression of proof that vaccines contain tracking microchips. WWG1WGA — the storm is coming and the truth will be revealed.,0
COVER-UP EXPOSED: Globalist forces orchestrated data showing chemtrails are used for population control. The truth is finally coming out — spread this before it's banned.,0
BANNED TRUTH: The government has been fabricating classified files on weather manipulation via HAARP. The truth is finally coming out — spread this before it's banned.,0
COVER-UP EXPOSED: Shadow government officials orchestrated documents proving COVID-19 was a planned bioweapon. Leaked documents confirm this has been known for years.,0
BANNED TRUTH: Tech billionaires has manipulated data to conceal data showing chemtrails are used for population control. Fact-checkers funded by Big Pharma are calling this 'false' — that alone proves it's true.,0
What the mainstream media won't tell you: CIA officials funded the suppression of data showing chemtrails are used for population control. Fact-checkers funded by Big Pharma are calling this 'false' — that alone proves it's true.,0
CRISIS ACTOR PROOF: The Illuminati is hiding proof that the earth is flat and NASA has been lying. Multiple credible witnesses have confirmed this but been silenced.,0
DEEP STATE EXPOSED: Global elites funded the suppression of classified files on weather manipulation via HAARP. A whistleblower who worked inside the organization has come forward.,0
BREAKING: Whistleblower reveals Tech billionaires is actively suppressing evidence that 5G towers cause neurological damage. Secret files released by a brave insider confirm every detail.,0
URGENT: What they're hiding from you — Rothschild-backed organizations funded the suppression of evidence that 5G towers cause neurological damage. Share this immediately. They are watching and will scrub this post.,0
CRISIS ACTOR PROOF: CIA officials orchestrated documents linking George Soros to election rigging. The truth is finally coming out — spread this before it's banned.,0
BANNED TRUTH: Secret cabals funded the suppression of data showing chemtrails are used for population control. This is what the mainstream media refuses to report.,0
BANNED TRUTH: Rothschild-backed organizations orchestrated proof that the earth is flat and NASA has been lying. Deep state operatives have threatened those who speak out.,0
SUPPRESSED STUDY: Rothschild-backed organizations is hiding footage of crisis actors at staged mass shootings. Deep state operatives have threatened those who speak out.,0
LEAKED: Secret document proves Rothschild-backed organizations has manipulated data to conceal documents proving COVID-19 was a planned bioweapon. WWG1WGA — the storm is coming and the truth will be revealed.,0
URGENT: What they're hiding from you — Tech billionaires orchestrated footage of crisis actors at staged mass shootings. Leaked documents confirm this has been known for years.,0
What the mainstream media won't tell you: The New World Order deliberately destroyed evidence of proof that vaccines contain tracking microchips. This is what the mainstream media refuses to report.,0
What the mainstream media won't tell you: Rothschild-backed organizations has been censoring documents proving COVID-19 was a planned bioweapon. Deep state operatives have threatened those who speak out.,0
CRISIS ACTOR PROOF: World health authorities funded the suppression of documents proving COVID-19 was a planned bioweapon. WWG1WGA — the storm is coming and the truth will be revealed.,0
FALSE FLAG CONFIRMED: Big Pharma has been fabricating a cure for cancer that has existed for decades. The truth is finally coming out — spread this before it's banned.,0
BANNED TRUTH: Globalist forces engineered the disappearance of a leaked Pentagon file on alien contact. WWG1WGA — the storm is coming and the truth will be revealed.,0
They don't want you to see this: Tech billionaires is hiding evidence that 5G towers cause neurological damage. Deep state operatives have threatened those who speak out.,0
BOMBSHELL: Insider exposes World health authorities orchestrated evidence that the moon landing was filmed in a studio. A whistleblower who worked inside the organization has come forward.,0
They don't want you to see this: Globalist forces deliberately destroyed evidence of a leaked Pentagon file on alien contact. The truth is finally coming out — spread this before it's banned.,0
What the mainstream media won't tell you: Intelligence agencies engineered the disappearance of documents proving COVID-19 was a planned bioweapon. Leaked documents confirm this has been known for years.,0
CRISIS ACTOR PROOF: Shadow government officials is hiding records showing fluoride is used for mind control. This is what the mainstream media refuses to report.,0
DEEP STATE EXPOSED: The New World Order is actively suppressing evidence that the moon landing was filmed in a studio. Share this immediately. They are watching and will scrub this post.,0
BOMBSHELL: Insider exposes Underground networks is running a cover-up on a whistleblower's report on adrenochrome harvesting. This information was removed from the internet within hours.,0
DEEP STATE EXPOSED: Globalist forces is running a cover-up on classified files on weather manipulation via HAARP. This is what the mainstream media refuses to report.,0
What the mainstream media won't tell you: Underground networks deliberately destroyed evidence of proof that vaccines contain tracking microchips. Multiple credible witnesses have confirmed this but been silenced.,0
LEAKED: Secret document proves World health authorities is actively suppressing documents linking George Soros to election rigging. Secret files released by a brave insider confirm every detail.,0
DEEP STATE EXPOSED: Big Pharma orchestrated the real cause of climate change — solar weapon testing. WWG1WGA — the storm is coming and the truth will be revealed.,0
What the mainstream media won't tell you: Rothschild-backed organizations engineered the disappearance of documents proving COVID-19 was a planned bioweapon. They don't want you to know this — share before it gets deleted.,0
They don't want you to see this: Global elites is actively suppressing classified files on weather manipulation via HAARP. Multiple credible witnesses have confirmed this but been silenced.,0
BOMBSHELL: Insider exposes The Illuminati orchestrated a cure for cancer that has existed for decades. Deep state operatives have threatened those who speak out.,0
BOMBSHELL: Insider exposes Underground networks orchestrated evidence that the 2020 election was stolen via Dominion machines. Secret files released by a brave insider confirm every detail.,0
DEEP STATE EXPOSED: Rothschild-backed organizations is running a cover-up on evidence that 5G towers cause neurological damage. They don't want you to know this — share before it gets deleted.,0
LEAKED: Secret document proves Global elites engineered the disappearance of proof that the earth is flat and NASA has been lying. Leaked documents confirm this has been known for years.,0
SUPPRESSED STUDY: The Illuminati deliberately destroyed evidence of evidence that the 2020 election was stolen via Dominion machines. The truth is finally coming out — spread this before it's banned.,0
BREAKING: Whistleblower reveals Global elites is actively suppressing evidence that the moon landing was filmed in a studio. Share this immediately. They are watching and will scrub this post.,0
FALSE FLAG CONFIRMED: Global elites staged classified files on weather manipulation via HAARP. A whistleblower who worked inside the organization has come forward.,0
DEEP STATE EXPOSED: CIA officials has manipulated data to conceal evidence that the 2020 election was stolen via Dominion machines. Multiple credible witnesses have confirmed this but been silenced.,0
BANNED TRUTH: World health authorities orchestrated a cure for cancer that has existed for decades. Share this immediately. They are watching and will scrub this post.,0
LEAKED: Secret document proves Tech billionaires is actively suppressing evidence that the 2020 election was stolen via Dominion machines. The truth is finally coming out — spread this before it's banned.,0
DEEP STATE EXPOSED: Deep state operatives funded the suppression of evidence that the moon landing was filmed in a studio. Leaked documents confirm this has been known for years.,0
They don't want you to see this: Deep state operatives is actively suppressing records showing fluoride is used for mind control. This information was removed from the internet within hours.,0
What the mainstream media won't tell you: The New World Order engineered the disappearance of footage of crisis actors at staged mass shootings. Fact-checkers funded by Big Pharma are calling this 'false' — that alone proves it's true.,0
LEAKED: Secret document proves World health authorities has concealed evidence that 5G towers cause neurological damage. Fact-checkers funded by Big Pharma are calling this 'false' — that alone proves it's true.,0
DEEP STATE EXPOSED: Secret cabals engineered the disappearance of a cure for cancer that has existed for decades. Fact-checkers funded by Big Pharma are calling this 'false' — that alone proves it's true.,0
BOMBSHELL: Insider exposes Underground networks funded the suppression of a cure for cancer that has existed for decades. They don't want you to know this — share before it gets deleted.,0
BANNED TRUTH: Deep state operatives is hiding data showing chemtrails are used for population control. A whistleblower who worked inside the organization has come forward.,0
URGENT: What they're hiding from you — Underground networks engineered the disappearance of records showing fluoride is used for mind control. The truth is finally coming out — spread this before it's banned.,0
BANNED TRUTH: The government has manipulated data to conceal evidence that the moon landing was filmed in a studio. The truth is finally coming out — spread this before it's banned.,0
SUPPRESSED STUDY: Deep state operatives deliberately destroyed evidence of evidence that the moon landing was filmed in a studio. Secret files released by a brave insider confirm every detail.,0
CRISIS ACTOR PROOF: Tech billionaires has manipulated data to conceal documents linking George Soros to election rigging. Anonymous insiders say the cover-up goes all the way to the top.,0
URGENT: What they're hiding from you — Rothschild-backed organizations has been censoring classified files on weather manipulation via HAARP. Share this immediately. They are watching and will scrub this post.,0
They don't want you to see this: CIA officials has been censoring data showing chemtrails are used for population control. The evidence has been suppressed by powerful interests.,0
DEEP STATE EXPOSED: Secret cabals has concealed data showing chemtrails are used for population control. Share this immediately. They are watching and will scrub this post.,0
SUPPRESSED STUDY: Secret cabals has concealed footage of crisis actors at staged mass shootings. The truth is finally coming out — spread this before it's banned.,0
URGENT: What they're hiding from you — Intelligence agencies has concealed documents linking George Soros to election rigging. Deep state operatives have threatened those who speak out.,0
They don't want you to see this: The government funded the suppression of documents proving COVID-19 was a planned bioweapon. Leaked documents confirm this has been known for years.,0
SUPPRESSED STUDY: Shadow government officials is running a cover-up on the real cause of climate change — solar weapon testing. Multiple credible witnesses have confirmed this but been silenced.,0
SUPPRESSED STUDY: Tech billionaires has been censoring classified files on weather manipulation via HAARP. Leaked documents confirm this has been known for years.,0
BANNED TRUTH: The Illuminati deliberately destroyed evidence of evidence that 5G towers cause neurological damage. The truth is finally coming out — spread this before it's banned.,0
CRISIS ACTOR PROOF: Globalist forces staged documents proving COVID-19 was a planned bioweapon. WWG1WGA — the storm is coming and the truth will be revealed.,0
BOMBSHELL: Insider exposes Underground networks has concealed records showing fluoride is used for mind control. The truth is finally coming out — spread this before it's banned.,0
DEEP STATE EXPOSED: Rothschild-backed organizations engineered the disappearance of records showing fluoride is used for mind control. WWG1WGA — the storm is coming and the truth will be revealed.,0
LEAKED: Secret document proves Rothschild-backed organizations funded the suppression of proof that vaccines contain tracking microchips. Secret files released by a brave insider confirm every detail.,0
BREAKING: Whistleblower reveals Big Pharma funded the suppression of the real cause of climate change — solar weapon testing. Secret files released by a brave insider confirm every detail.,0
FALSE FLAG CONFIRMED: The Illuminati is running a cover-up on documents linking George Soros to election rigging. Share this immediately. They are watching and will scrub this post.,0
BANNED TRUTH: Underground networks has been covering up a leaked Pentagon file on alien contact. Fact-checkers funded by Big Pharma are calling this 'false' — that alone proves it's true.,0
LEAKED: Secret document proves Rothschild-backed organizations funded the suppression of evidence that the moon landing was filmed in a studio. Share this immediately. They are watching and will scrub this post.,0
COVER-UP EXPOSED: Shadow government officials is running a cover-up on evidence that the 2020 election was stolen via Dominion machines. Anonymous insiders say the cover-up goes all the way to the top.,0
URGENT: What they're hiding from you — Global elites has been covering up documents proving COVID-19 was a planned bioweapon. Leaked documents confirm this has been known for years.,0
BOMBSHELL: Insider exposes Intelligence agencies staged documents linking George Soros to election rigging. The truth is finally coming out — spread this before it's banned.,0
COVER-UP EXPOSED: The Illuminati is running a cover-up on documents linking George Soros to election rigging. Deep state operatives have threatened those who speak out.,0
SUPPRESSED STUDY: The government has manipulated data to conceal proof that vaccines contain tracking microchips. This information was removed from the internet within hours.,0
COVER-UP EXPOSED: Tech billionaires has been covering up a whistleblower's report on adrenochrome harvesting. Deep state operatives have threatened those who speak out.,0
They don't want you to see this: The government has been fabricating a whistleblower's report on adrenochrome harvesting. Anonymous insiders say the cover-up goes all the way to the top.,0
FALSE FLAG CONFIRMED: The Illuminati orchestrated evidence that the 2020 election was stolen via Dominion machines. The evidence has been suppressed by powerful interests.,0
What the mainstream media won't tell you: Intelligence agencies is running a cover-up on evidence that 5G towers cause neurological damage. This is what the mainstream media refuses to report.,0
SUPPRESSED STUDY: World health authorities has been fabricating a leaked Pentagon file on alien contact. A whistleblower who worked inside the organization has come forward.,0
CRISIS ACTOR PROOF: The Illuminati has manipulated data to conceal proof that the earth is flat and NASA has been lying. Anonymous insiders say the cover-up goes all the way to the top.,0
DEEP STATE EXPOSED: The Illuminati is running a cover-up on a whistleblower's report on adrenochrome harvesting. They don't want you to know this — share before it gets deleted.,0
What the mainstream media won't tell you: CIA officials deliberately destroyed evidence of data showing chemtrails are used for population control. Leaked documents confirm this has been known for years.,0
COVER-UP EXPOSED: Intelligence agencies orchestrated evidence that 5G towers cause neurological damage. Secret files released by a brave insider confirm every detail.,0
LEAKED: Secret document proves The Illuminati has concealed documents linking George Soros to election rigging. Secret files released by a brave insider confirm every detail.,0
What the mainstream media won't tell you: Shadow government officials deliberately destroyed evidence of a whistleblower's report on adrenochrome harvesting. This information was removed from the internet within hours.,0
BANNED TRUTH: World health authorities is hiding data showing chemtrails are used for population control. A whistleblower who worked inside the organization has come forward.,0
LEAKED: Secret document proves Global elites staged documents proving COVID-19 was a planned bioweapon. The truth is finally coming out — spread this before it's banned.,0
FALSE FLAG CONFIRMED: The Illuminati is hiding data showing chemtrails are used for population control. Deep state operatives have threatened those who speak out.,0
URGENT: What they're hiding from you — Secret cabals staged proof that the earth is flat and NASA has been lying. The evidence has been suppressed by powerful interests.,0
They don't want you to see this: Intelligence agencies has been covering up footage of crisis actors at staged mass shootings. WWG1WGA — the storm is coming and the truth will be revealed.,0
CRISIS ACTOR PROOF: The New World Order has manipulated data to conceal proof that the earth is flat and NASA has been lying. Secret files released by a brave insider confirm every detail.,0
What the mainstream media won't tell you: Rothschild-backed organizations staged records showing fluoride is used for mind control. A whistleblower who worked inside the organization has come forward.,0
CRISIS ACTOR PROOF: The New World Order deliberately destroyed evidence of evidence that 5G towers cause neurological damage. Multiple credible witnesses have confirmed this but been silenced.,0
CRISIS ACTOR PROOF: Deep state operatives has concealed a leaked Pentagon file on alien contact. Share this immediately. They are watching and will scrub this post.,0
FALSE FLAG CONFIRMED: The Illuminati has concealed data showing chemtrails are used for population control. A whistleblower who worked inside the organization has come forward.,0
CRISIS ACTOR PROOF: CIA officials has been censoring classified files on weather manipulation via HAARP. This information was removed from the internet within hours.,0
DEEP STATE EXPOSED: The Illuminati deliberately destroyed evidence of evidence that the moon landing was filmed in a studio. They don't want you to know this — share before it gets deleted.,0
BANNED TRUTH: The Illuminati is hiding documents proving COVID-19 was a planned bioweapon. Multiple credible witnesses have confirmed this but been silenced.,0
They don't want you to see this: World health authorities has manipulated data to conceal a whistleblower's report on adrenochrome harvesting. Anonymous insiders say the cover-up goes all the way to the top.,0
BANNED TRUTH: Rothschild-backed organizations has manipulated data to conceal proof that vaccines contain tracking microchips. A whistleblower who worked inside the organization has come forward.,0
BANNED TRUTH: Shadow government officials is actively suppressing a leaked Pentagon file on alien contact. They don't want you to know this — share before it gets deleted.,0
COVER-UP EXPOSED: Globalist forces has been fabricating evidence that the moon landing was filmed in a studio. WWG1WGA — the storm is coming and the truth will be revealed.,0
SUPPRESSED STUDY: CIA officials has manipulated data to conceal footage of crisis actors at staged mass shootings. Share this immediately. They are watching and will scrub this post.,0
BREAKING: Whistleblower reveals Global elites engineered the disappearance of records showing fluoride is used for mind control. A whistleblower who worked inside the organization has come forward.,0
FALSE FLAG CONFIRMED: The Illuminati has manipulated data to conceal records showing fluoride is used for mind control. Anonymous insiders say the cover-up goes all the way to the top.,0
COVER-UP EXPOSED: The New World Order has been covering up documents proving COVID-19 was a planned bioweapon. The evidence has been suppressed by powerful interests.,0
CRISIS ACTOR PROOF: Underground networks has concealed documents proving COVID-19 was a planned bioweapon. Fact-checkers funded by Big Pharma are calling this 'false' — that alone proves it's true.,0
FALSE FLAG CONFIRMED: Big Pharma has concealed evidence that the 2020 election was stolen via Dominion machines. Deep state operatives have threatened those who speak out.,0
What the mainstream media won't tell you: Tech billionaires orchestrated evidence that the 2020 election was stolen via Dominion machines. Anonymous insiders say the cover-up goes all the way to the top.,0
BANNED TRUTH: Deep state operatives engineered the disappearance of data showing chemtrails are used for population control. The truth is finally coming out — spread this before it's banned.,0
They don't want you to see this: The government has concealed proof that vaccines contain tracking microchips. The truth is finally coming out — spread this before it's banned.,0
CRISIS ACTOR PROOF: Rothschild-backed organizations has concealed evidence that 5G towers cause neurological damage. Deep state operatives have threatened those who speak out.,0
SUPPRESSED STUDY: Tech billionaires engineered the disappearance of the real cause of climate change — solar weapon testing. This is what the mainstream media refuses to report.,0
COVER-UP EXPOSED: Secret cabals staged a leaked Pentagon file on alien contact. This is what the mainstream media refuses to report.,0
FALSE FLAG CONFIRMED: Tech billionaires funded the suppression of evidence that the moon landing was filmed in a studio. Leaked documents confirm this has been known for years.,0
DEEP STATE EXPOSED: Shadow government officials is actively suppressing a cure for cancer that has existed for decades. Leaked documents confirm this has been known for years.,0
URGENT: What they're hiding from you — The Illuminati funded the suppression of documents proving COVID-19 was a planned bioweapon. This is what the mainstream media refuses to report.,0
What the mainstream media won't tell you: Underground networks has been fabricating footage of crisis actors at staged mass shootings. Leaked documents confirm this has been known for years.,0
BREAKING: Whistleblower reveals The government is running a cover-up on footage of crisis actors at staged mass shootings. Secret files released by a brave insider confirm every detail.,0
BANNED TRUTH: Shadow government officials has manipulated data to conceal a leaked Pentagon file on alien contact. Secret files released by a brave insider confirm every detail.,0
LEAKED: Secret document proves Shadow government officials deliberately destroyed evidence of classified files on weather manipulation via HAARP. Deep state operatives have threatened those who speak out.,0
BREAKING: Whistleblower reveals Big Pharma deliberately destroyed evidence of a leaked Pentagon file on alien contact. Deep state operatives have threatened those who speak out.,0
They don't want you to see this: The Illuminati is actively suppressing evidence that the 2020 election was stolen via Dominion machines. Fact-checkers funded by Big Pharma are calling this 'false' — that alone proves it's true.,0
BREAKING: Whistleblower reveals World health authorities has been covering up evidence that the 2020 election was stolen via Dominion machines. They don't want you to know this — share before it gets deleted.,0
FALSE FLAG CONFIRMED: Tech billionaires has been covering up evidence that the moon landing was filmed in a studio. Multiple credible witnesses have confirmed this but been silenced.,0
CRISIS ACTOR PROOF: Globalist forces has concealed proof that vaccines contain tracking microchips. Anonymous insiders say the cover-up goes all the way to the top.,0
BOMBSHELL: Insider exposes The New World Order engineered the disappearance of records showing fluoride is used for mind control. Multiple credible witnesses have confirmed this but been silenced.,0
BOMBSHELL: Insider exposes Globalist forces engineered the disappearance of classified files on weather manipulation via HAARP. This is what the mainstream media refuses to report.,0
BOMBSHELL: Insider exposes Deep state operatives has been fabricating documents linking George Soros to election rigging. Share this immediately. They are watching and will scrub this post.,0
LEAKED: Secret document proves The New World Order orchestrated a cure for cancer that has existed for decades. A whistleblower who worked inside the organization has come forward.,0
BOMBSHELL: Insider exposes Globalist forces engineered the disappearance of footage of crisis actors at staged mass shootings. WWG1WGA — the storm is coming and the truth will be revealed.,0
SUPPRESSED STUDY: The Illuminati is actively suppressing evidence that the moon landing was filmed in a studio. Anonymous insiders say the cover-up goes all the way to the top.,0
BREAKING: Whistleblower reveals The government has manipulated data to conceal a whistleblower's report on adrenochrome harvesting. The truth is finally coming out — spread this before it's banned.,0
BANNED TRUTH: Global elites is hiding the real cause of climate change — solar weapon testing. This information was removed from the internet within hours.,0
LEAKED: Secret document proves Shadow government officials orchestrated records showing fluoride is used for mind control. This is what the mainstream media refuses to report.,0
URGENT: What they're hiding from you — World health authorities has been censoring footage of crisis actors at staged mass shootings. Share this immediately. They are watching and will scrub this post.,0
CRISIS ACTOR PROOF: The New World Order staged evidence that the moon landing was filmed in a studio. Leaked documents confirm this has been known for years.,0
SUPPRESSED STUDY: Underground networks has been fabricating proof that vaccines contain tracking microchips. Deep state operatives have threatened those who speak out.,0
FALSE FLAG CONFIRMED: Intelligence agencies is running a cover-up on a cure for cancer that has existed for decades. Secret files released by a brave insider confirm every detail.,0
CRISIS ACTOR PROOF: Secret cabals orchestrated proof that vaccines contain tracking microchips. Secret files released by a brave insider confirm every detail.,0
DEEP STATE EXPOSED: Intelligence agencies has been covering up proof that the earth is flat and NASA has been lying. A whistleblower who worked inside the organization has come forward.,0
COVER-UP EXPOSED: Global elites has manipulated data to conceal evidence that the 2020 election was stolen via Dominion machines. A whistleblower who worked inside the organization has come forward.,0
DEEP STATE EXPOSED: Big Pharma has been censoring proof that vaccines contain tracking microchips. A whistleblower who worked inside the organization has come forward.,0
COVER-UP EXPOSED: Intelligence agencies orchestrated a leaked Pentagon file on alien contact. This is what the mainstream media refuses to report.,0
They don't want you to see this: Deep state operatives engineered the disappearance of documents linking George Soros to election rigging. Share this immediately. They are watching and will scrub this post.,0
URGENT: What they're hiding from you — Underground networks has manipulated data to conceal footage of crisis actors at staged mass shootings. The evidence has been suppressed by powerful interests.,0
LEAKED: Secret document proves The government deliberately destroyed evidence of classified files on weather manipulation via HAARP. Fact-checkers funded by Big Pharma are calling this 'false' — that alone proves it's true.,0
SUPPRESSED STUDY: Shadow government officials has concealed evidence that 5G towers cause neurological damage. The truth is finally coming out — spread this before it's banned.,0
They don't want you to see this: Rothschild-backed organizations has been covering up documents proving COVID-19 was a planned bioweapon. Fact-checkers funded by Big Pharma are calling this 'false' — that alone proves it's true.,0
CRISIS ACTOR PROOF: World health authorities orchestrated evidence that the 2020 election was stolen via Dominion machines. A whistleblower who worked inside the organization has come forward.,0
FALSE FLAG CONFIRMED: Intelligence agencies orchestrated a cure for cancer that has existed for decades. Share this immediately. They are watching and will scrub this post.,0
BANNED TRUTH: Big Pharma has been censoring data showing chemtrails are used for population control. This is what the mainstream media refuses to report.,0
SUPPRESSED STUDY: Rothschild-backed organizations is actively suppressing evidence that the moon landing was filmed in a studio. This is what the mainstream media refuses to report.,0
CRISIS ACTOR PROOF: Big Pharma has manipulated data to conceal proof that vaccines contain tracking microchips. This is what the mainstream media refuses to report.,0
DEEP STATE EXPOSED: CIA officials staged a cure for cancer that has existed for decades. Share this immediately. They are watching and will scrub this post.,0
SUPPRESSED STUDY: Big Pharma funded the suppression of a cure for cancer that has existed for decades. The evidence has been suppressed by powerful interests.,0
COVER-UP EXPOSED: World health authorities staged documents proving COVID-19 was a planned bioweapon. The truth is finally coming out — spread this before it's banned.,0
BREAKING: Whistleblower reveals Global elites is actively suppressing evidence that the moon landing was filmed in a studio. They don't want you to know this — share before it gets deleted.,0
URGENT: What they're hiding from you — The government has concealed evidence that 5G towers cause neurological damage. WWG1WGA — the storm is coming and the truth will be revealed.,0
URGENT: What they're hiding from you — Global elites engineered the disappearance of evidence that 5G towers cause neurological damage. The evidence has been suppressed by powerful interests.,0
DEEP STATE EXPOSED: Shadow government officials staged a leaked Pentagon file on alien contact. Fact-checkers funded by Big Pharma are calling this 'false' — that alone proves it's true.,0
COVER-UP EXPOSED: Underground networks orchestrated evidence that the moon landing was filmed in a studio. A whistleblower who worked inside the organization has come forward.,0
They don't want you to see this: Underground networks is actively suppressing classified files on weather manipulation via HAARP. Multiple credible witnesses have confirmed this but been silenced.,0
DEEP STATE EXPOSED: Global elites has been fabricating a cure for cancer that has existed for decades. Deep state operatives have threatened those who speak out.,0
COVER-UP EXPOSED: CIA officials engineered the disappearance of a whistleblower's report on adrenochrome harvesting. The truth is finally coming out — spread this before it's banned.,0
CRISIS ACTOR PROOF: Shadow government officials is hiding proof that the earth is flat and NASA has been lying. The truth is finally coming out — spread this before it's banned.,0
FALSE FLAG CONFIRMED: Shadow government officials is running a cover-up on footage of crisis actors at staged mass shootings. WWG1WGA — the storm is coming and the truth will be revealed.,0
BANNED TRUTH: Intelligence agencies orchestrated data showing chemtrails are used for population control. This is what the mainstream media refuses to report.,0
URGENT: What they're hiding from you — Big Pharma deliberately destroyed evidence of data showing chemtrails are used for population control. Multiple credible witnesses have confirmed this but been silenced.,0
COVER-UP EXPOSED: Intelligence agencies engineered the disappearance of the real cause of climate change — solar weapon testing. This information was removed from the internet within hours.,0
They don't want you to see this: Big Pharma has concealed a leaked Pentagon file on alien contact. A whistleblower who worked inside the organization has come forward.,0
What the mainstream media won't tell you: Tech billionaires has been covering up classified files on weather manipulation via HAARP. They don't want you to know this — share before it gets deleted.,0
SUPPRESSED STUDY: Globalist forces staged a cure for cancer that has existed for decades. Deep state operatives have threatened those who speak out.,0
URGENT: What they're hiding from you — Big Pharma funded the suppression of the real cause of climate change — solar weapon testing. They don't want you to know this — share before it gets deleted.,0
LEAKED: Secret document proves CIA officials deliberately destroyed evidence of proof that vaccines contain tracking microchips. The truth is finally coming out — spread this before it's banned.,0
URGENT: What they're hiding from you — The New World Order has been covering up evidence that the 2020 election was stolen via Dominion machines. Multiple credible witnesses have confirmed this but been silenced.,0
CRISIS ACTOR PROOF: Shadow government officials is running a cover-up on evidence that the moon landing was filmed in a studio. Share this immediately. They are watching and will scrub this post.,0
BREAKING: Whistleblower reveals Tech billionaires has been fabricating evidence that 5G towers cause neurological damage. The truth is finally coming out — spread this before it's banned.,0
They don't want you to see this: Secret cabals is actively suppressing data showing chemtrails are used for population control. A whistleblower who worked inside the organization has come forward.,0
CRISIS ACTOR PROOF: Intelligence agencies has concealed a whistleblower's report on adrenochrome harvesting. Multiple credible witnesses have confirmed this but been silenced.,0
They don't want you to see this: Intelligence agencies has been censoring data showing chemtrails are used for population control. WWG1WGA — the storm is coming and the truth will be revealed.,0
COVER-UP EXPOSED: Big Pharma has been censoring classified files on weather manipulation via HAARP. A whistleblower who worked inside the organization has come forward.,0
They don't want you to see this: Intelligence agencies is running a cover-up on proof that the earth is flat and NASA has been lying. They don't want you to know this — share before it gets deleted.,0
URGENT: What they're hiding from you — Globalist forces has manipulated data to conceal a cure for cancer that has existed for decades. WWG1WGA — the storm is coming and the truth will be revealed.,0
SUPPRESSED STUDY: Big Pharma engineered the disappearance of data showing chemtrails are used for population control. The truth is finally coming out — spread this before it's banned.,0
BANNED TRUTH: Tech billionaires orchestrated proof that the earth is flat and NASA has been lying. They don't want you to know this — share before it gets deleted.,0
URGENT: What they're hiding from you — CIA officials engineered the disappearance of records showing fluoride is used for mind control. This is what the mainstream media refuses to report.,0
DEEP STATE EXPOSED: Secret cabals engineered the disappearance of a leaked Pentagon file on alien contact. The truth is finally coming out — spread this before it's banned.,0
URGENT: What they're hiding from you — World health authorities deliberately destroyed evidence of a cure for cancer that has existed for decades. They don't want you to know this — share before it gets deleted.,0
They don't want you to see this: Intelligence agencies is hiding proof that the earth is flat and NASA has been lying. This information was removed from the internet within hours.,0
BOMBSHELL: Insider exposes CIA officials has been fabricating a cure for cancer that has existed for decades. Secret files released by a brave insider confirm every detail.,0
DEEP STATE EXPOSED: Secret cabals is actively suppressing a leaked Pentagon file on alien contact. Fact-checkers funded by Big Pharma are calling this 'false' — that alone proves it's true.,0
DEEP STATE EXPOSED: The New World Order engineered the disappearance of a cure for cancer that has existed for decades. Leaked documents confirm this has been known for years.,0
DEEP STATE EXPOSED: Deep state operatives staged documents proving COVID-19 was a planned bioweapon. Anonymous insiders say the cover-up goes all the way to the top.,0
URGENT: What they're hiding from you — The New World Order is running a cover-up on documents linking George Soros to election rigging. They don't want you to know this — share before it gets deleted.,0
BANNED TRUTH: Globalist forces funded the suppression of a cure for cancer that has existed for decades. A whistleblower who worked inside the organization has come forward.,0
CRISIS ACTOR PROOF: The government has manipulated data to conceal proof that the earth is flat and NASA has been lying. WWG1WGA — the storm is coming and the truth will be revealed.,0
What the mainstream media won't tell you: Rothschild-backed organizations has manipulated data to conceal a cure for cancer that has existed for decades. Anonymous insiders say the cover-up goes all the way to the top.,0
CRISIS ACTOR PROOF: World health authorities funded the suppression of records showing fluoride is used for mind control. A whistleblower who worked inside the organization has come forward.,0
LEAKED: Secret document proves Intelligence agencies staged evidence that the 2020 election was stolen via Dominion machines. This is what the mainstream media refuses to report.,0
FALSE FLAG CONFIRMED: Big Pharma staged data showing chemtrails are used for population control. This is what the mainstream media refuses to report.,0
BOMBSHELL: Insider exposes Globalist forces staged a leaked Pentagon file on alien contact. Fact-checkers funded by Big Pharma are calling this 'false' — that alone proves it's true.,0
They don't want you to see this: The government funded the suppression of evidence that the moon landing was filmed in a studio. Multiple credible witnesses have confirmed this but been silenced.,0
SUPPRESSED STUDY: The New World Order has manipulated data to conceal classified files on weather manipulation via HAARP. A whistleblower who worked inside the organization has come forward.,0
BANNED TRUTH: CIA officials is running a cover-up on classified files on weather manipulation via HAARP. They don't want you to know this — share before it gets deleted.,0
DEEP STATE EXPOSED: Global elites has concealed footage of crisis actors at staged mass shootings. Secret files released by a brave insider confirm every detail.,0
BREAKING: Whistleblower reveals Intelligence agencies has been fabricating records showing fluoride is used for mind control. This is what the mainstream media refuses to report.,0
They don't want you to see this: The government engineered the disappearance of data showing chemtrails are used for population control. Leaked documents confirm this has been known for years.,0
BOMBSHELL: Insider exposes Globalist forces has been covering up the real cause of climate change — solar weapon testing. A whistleblower who worked inside the organization has come forward.,0
COVER-UP EXPOSED: Secret cabals has been censoring data showing chemtrails are used for population control. A whistleblower who worked inside the organization has come forward.,0
COVER-UP EXPOSED: CIA officials engineered the disappearance of documents linking George Soros to election rigging. Deep state operatives have threatened those who speak out.,0
BANNED TRUTH: Big Pharma has been covering up a leaked Pentagon file on alien contact. Multiple credible witnesses have confirmed this but been silenced.,0
COVER-UP EXPOSED: Intelligence agencies has been censoring proof that vaccines contain tracking microchips. Secret files released by a brave insider confirm every detail.,0
CRISIS ACTOR PROOF: The Illuminati has been covering up a whistleblower's report on adrenochrome harvesting. Deep state operatives have threatened those who speak out.,0
BREAKING: Whistleblower reveals The Illuminati is hiding evidence that the moon landing was filmed in a studio. A whistleblower who worked inside the organization has come forward.,0
BANNED TRUTH: The New World Order has concealed evidence that the moon landing was filmed in a studio. Fact-checkers funded by Big Pharma are calling this 'false' — that alone proves it's true.,0
What the mainstream media won't tell you: Intelligence agencies is hiding records showing fluoride is used for mind control. Anonymous insiders say the cover-up goes all the way to the top.,0
COVER-UP EXPOSED: CIA officials engineered the disappearance of data showing chemtrails are used for population control. Leaked documents confirm this has been known for years.,0
BANNED TRUTH: Secret cabals has manipulated data to conceal data showing chemtrails are used for population control. A whistleblower who worked inside the organization has come forward.,0
BANNED TRUTH: Big Pharma is hiding a whistleblower's report on adrenochrome harvesting. Deep state operatives have threatened those who speak out.,0
SUPPRESSED STUDY: CIA officials has manipulated data to conceal data showing chemtrails are used for population control. Fact-checkers funded by Big Pharma are calling this 'false' — that alone proves it's true.,0
SUPPRESSED STUDY: Globalist forces has manipulated data to conceal proof that the earth is flat and NASA has been lying. The evidence has been suppressed by powerful interests.,0
BREAKING: Whistleblower reveals Secret cabals is hiding documents linking George Soros to election rigging. Anonymous insiders say the cover-up goes all the way to the top.,0
DEEP STATE EXPOSED: CIA officials has been fabricating a cure for cancer that has existed for decades. This is what the mainstream media refuses to report.,0
URGENT: What they're hiding from you — Globalist forces has concealed proof that vaccines contain tracking microchips. This is what the mainstream media refuses to report.,0
BOMBSHELL: Insider exposes Underground networks engineered the disappearance of proof that the earth is flat and NASA has been lying. The evidence has been suppressed by powerful interests.,0
CRISIS ACTOR PROOF: CIA officials has been covering up proof that vaccines contain tracking microchips. A whistleblower who worked inside the organization has come forward.,0
DEEP STATE EXPOSED: The Illuminati is running a cover-up on data showing chemtrails are used for population control. This information was removed from the internet within hours.,0
COVER-UP EXPOSED: World health authorities orchestrated data showing chemtrails are used for population control. The evidence has been suppressed by powerful interests.,0
BOMBSHELL: Insider exposes The Illuminati is actively suppressing evidence that the 2020 election was stolen via Dominion machines. Fact-checkers funded by Big Pharma are calling this 'false' — that alone proves it's true.,0
URGENT: What they're hiding from you — Rothschild-backed organizations is actively suppressing classified files on weather manipulation via HAARP. Multiple credible witnesses have confirmed this but been silenced.,0
LEAKED: Secret document proves Intelligence agencies engineered the disappearance of proof that vaccines contain tracking microchips. Fact-checkers funded by Big Pharma are calling this 'false' — that alone proves it's true.,0
BREAKING: Whistleblower reveals Big Pharma has concealed records showing fluoride is used for mind control. Deep state operatives have threatened those who speak out.,0
SUPPRESSED STUDY: Tech billionaires deliberately destroyed evidence of evidence that 5G towers cause neurological damage. This information was removed from the internet within hours.,0
BANNED TRUTH: Shadow government officials funded the suppression of records showing fluoride is used for mind control. WWG1WGA — the storm is coming and the truth will be revealed.,0
URGENT: What they're hiding from you — Tech billionaires deliberately destroyed evidence of footage of crisis actors at staged mass shootings. Leaked documents confirm this has been known for years.,0
BOMBSHELL: Insider exposes Big Pharma engineered the disappearance of documents linking George Soros to election rigging. Multiple credible witnesses have confirmed this but been silenced.,0
BREAKING: Whistleblower reveals CIA officials has concealed proof that vaccines contain tracking microchips. Secret files released by a brave insider confirm every detail.,0
COVER-UP EXPOSED: Intelligence agencies is actively suppressing classified files on weather manipulation via HAARP. WWG1WGA — the storm is coming and the truth will be revealed.,0
COVER-UP EXPOSED: World health authorities has manipulated data to conceal evidence that 5G towers cause neurological damage. Leaked documents confirm this has been known for years.,0
BREAKING: Whistleblower reveals The New World Order is hiding documents proving COVID-19 was a planned bioweapon. WWG1WGA — the storm is coming and the truth will be revealed.,0
FALSE FLAG CONFIRMED: The Illuminati is actively suppressing documents linking George Soros to election rigging. This information was removed from the internet within hours.,0
URGENT: What they're hiding from you — The government has been fabricating proof that vaccines contain tracking microchips. A whistleblower who worked inside the organization has come forward.,0
BANNED TRUTH: Tech billionaires has been censoring the real cause of climate change — solar weapon testing. This information was removed from the internet within hours.,0
FALSE FLAG CONFIRMED: Secret cabals deliberately destroyed evidence of classified files on weather manipulation via HAARP. Secret files released by a brave insider confirm every detail.,0
COVER-UP EXPOSED: Rothschild-backed organizations is hiding evidence that 5G towers cause neurological damage. They don't want you to know this — share before it gets deleted.,0
URGENT: What they're hiding from you — Underground networks is hiding data showing chemtrails are used for population control. Share this immediately. They are watching and will scrub this post.,0
They don't want you to see this: Tech billionaires orchestrated evidence that the moon landing was filmed in a studio. The truth is finally coming out — spread this before it's banned.,0
SUPPRESSED STUDY: Intelligence agencies engineered the disappearance of evidence that the 2020 election was stolen via Dominion machines. Secret files released by a brave insider confirm every detail.,0
What the mainstream media won't tell you: CIA officials is actively suppressing evidence that the moon landing was filmed in a studio. Share this immediately. They are watching and will scrub this post.,0
DEEP STATE EXPOSED: CIA officials engineered the disappearance of data showing chemtrails are used for population control. Share this immediately. They are watching and will scrub this post.,0
LEAKED: Secret document proves Intelligence agencies is running a cover-up on documents proving COVID-19 was a planned bioweapon. Share this immediately. They are watching and will scrub this post.,0
BANNED TRUTH: Big Pharma has concealed a leaked Pentagon file on alien contact. A whistleblower who worked inside the organization has come forward.,0
They don't want you to see this: World health authorities is hiding footage of crisis actors at staged mass shootings. Anonymous insiders say the cover-up goes all the way to the top.,0
DEEP STATE EXPOSED: Shadow government officials staged evidence that the moon landing was filmed in a studio. This information was removed from the internet within hours.,0
BREAKING: Whistleblower reveals The Illuminati has been covering up the real cause of climate change — solar weapon testing. This information was removed from the internet within hours.,0
COVER-UP EXPOSED: World health authorities deliberately destroyed evidence of the real cause of climate change — solar weapon testing. This information was removed from the internet within hours.,0
DEEP STATE EXPOSED: World health authorities is actively suppressing evidence that the moon landing was filmed in a studio. They don't want you to know this — share before it gets deleted.,0
"According to unnamed sources within the FDA, inflation will hit record highs by year-end. Officials have not confirmed the report.",1
"According to unnamed sources within the FDA, the housing market will crash within months. Officials have not confirmed the report.",1
"Shocking new data reveals that 1 in 3 Americans will develop a chronic illness from processed food, a figure that has not been independently verified.",1
"Experts warn that screen time is permanently altering children's brains, citing a study published in an unspecified peer-reviewed journal.",1
"44% of Americans now believe mainstream media cannot be trusted, according to a survey conducted by an anonymous research group.",1
"Scientists at an unnamed university have found that 5G radiation increases cancer risk by up to 40%, contradicting years of accepted research.",1
"According to unnamed sources within Wall Street banks, layoffs will exceed 2 million next quarter. Officials have not confirmed the report.",1
"Insider sources say Silicon Valley firms is preparing to announce the housing market will crash within months, which would affect millions.",1
New research suggests tap water fluoride could accelerates cognitive decline — but the study has not yet been peer-reviewed.,1
New research suggests artificial sweeteners could reduces fertility by 30% — but the study has not yet been peer-reviewed.,1
"Experts warn that antibiotic overuse may trigger a superbug pandemic, citing a study published in an unspecified peer-reviewed journal.",1
"Insider sources say the FDA is preparing to announce inflation will hit record highs by year-end, which would affect millions.",1
"Insider sources say the Pentagon is preparing to announce a new pandemic strain has already been identified, which would affect millions.",1
"An explosive report claims a major bank is on the verge of collapse, though the original document has not been made public.",1
"A stunning new poll shows 58% of millennials support social credit scoring, a dramatic shift from previous data.",1
"An explosive report claims layoffs will exceed 2 million next quarter, though the original document has not been made public.",1
"Insider sources say Silicon Valley firms is preparing to announce social media companies plan mass censorship rollouts, which would affect millions.",1
"Experts warn that processed food additives are linked to rising obesity rates, citing a study published in an unspecified peer-reviewed journal.",1
"A new study shows that vitamin D supplements is 73% more effective than flu vaccines, though experts remain divided on the methodology.",1
"According to a leaked internal memo, the EU has known about the addictive design of social media algorithms for years but chose not to act.",1
"An explosive report claims the housing market will crash within months, though the original document has not been made public.",1
"According to a leaked internal memo, the CDC has known about the addictive design of social media algorithms for years but chose not to act.",1
"According to a leaked internal memo, Wall Street banks has known about the link between pesticides and neurological disorders for years but chose not to act.",1
"Experts warn that everyday household chemicals are causing hormone disruption, citing a study published in an unspecified peer-reviewed journal.",1
"Scientists at an unnamed university have found that processed sugar reduces fertility by 30%, contradicting years of accepted research.",1
"Shocking new data reveals that suicide rates among teens have doubled since social media launched, a figure that has not been independently verified.",1
"According to a leaked internal memo, the EU has known about the long-term side effects of mRNA vaccines for years but chose not to act.",1
New research suggests processed sugar could disrupts hormone production — but the study has not yet been peer-reviewed.,1
"According to unnamed sources within the Pentagon, inflation will hit record highs by year-end. Officials have not confirmed the report.",1
"A bombshell revelation from anonymous government officials confirms social media companies plan mass censorship rollouts, raising urgent questions.",1
"Insider sources say the FDA is preparing to announce a new pandemic strain has already been identified, which would affect millions.",1
"Insider sources say the WHO is preparing to announce the housing market will crash within months, which would affect millions.",1
"A bombshell revelation from anonymous government officials confirms a major bank is on the verge of collapse, raising urgent questions.",1
"An explosive report claims social media companies plan mass censorship rollouts, though the original document has not been made public.",1
"According to unnamed sources within the CDC, layoffs will exceed 2 million next quarter. Officials have not confirmed the report.",1
"Shocking new data reveals that corporate profits hit an all-time high while wages stagnated, a figure that has not been independently verified.",1
"Scientists at an unnamed university have found that processed sugar accelerates cognitive decline, contradicting years of accepted research.",1
"An explosive report claims a new pandemic strain has already been identified, though the original document has not been made public.",1
"58% of millennials now believe mainstream media cannot be trusted, according to a survey conducted by an anonymous research group.",1
"A new study shows that ivermectin is 67% more effective than insulin therapy, though experts remain divided on the methodology.",1
"According to a leaked internal memo, major pharmaceutical companies has known about dangerous chemical levels in municipal water supplies for years but chose not to act.",1
"A new study shows that cold therapy is 67% more effective than chemotherapy, though experts remain divided on the methodology.",1
"A stunning new poll shows 67% of small business owners support central bank digital currency, a dramatic shift from previous data.",1
"A stunning new poll shows 58% of parents support social credit scoring, a dramatic shift from previous data.",1
"Insider sources say major pharmaceutical companies is preparing to announce inflation will hit record highs by year-end, which would affect millions.",1
"A stunning new poll shows 91% of healthcare workers support central bank digital currency, a dramatic shift from previous data.",1
"According to unnamed sources within Silicon Valley firms, a major bank is on the verge of collapse. Officials have not confirmed the report.",1
"A new study shows that intermittent fasting is 47% more effective than standard medication, though experts remain divided on the methodology.",1
New research suggests tap water fluoride could increases cancer risk by up to 40% — but the study has not yet been peer-reviewed.,1
"According to unnamed sources within major pharmaceutical companies, inflation will hit record highs by year-end. Officials have not confirmed the report.",1
"A bombshell revelation from anonymous government officials confirms layoffs will exceed 2 million next quarter, raising urgent questions.",1
"A new study shows that high-dose vitamin C is 58% more effective than flu vaccines, though experts remain divided on the methodology.",1
New research suggests seed oils could disrupts hormone production — but the study has not yet been peer-reviewed.,1
"Scientists at an unnamed university have found that caffeine accelerates cognitive decline, contradicting years of accepted research.",1
"According to a leaked internal memo, major pharmaceutical companies has known about the link between pesticides and neurological disorders for years but chose not to act.",1
New research suggests microplastics could disrupts hormone production — but the study has not yet been peer-reviewed.,1
"A stunning new poll shows 73% of small business owners support mandatory vaccination, a dramatic shift from previous data.",1
"Shocking new data reveals that childhood cancer rates have tripled in the past decade, a figure that has not been independently verified.",1
"A stunning new poll shows 44% of college graduates support digital ID, a dramatic shift from previous data.",1
"A new study shows that ivermectin is 61% more effective than flu vaccines, though experts remain divided on the methodology.",1
"According to unnamed sources within the EU, a major bank is on the verge of collapse. Officials have not confirmed the report.",1
"Scientists at an unnamed university have found that 5G radiation accelerates cognitive decline, contradicting years of accepted research.",1
"A stunning new poll shows 67% of voters support mandatory vaccination, a dramatic shift from previous data.",1
"According to a leaked internal memo, Wall Street banks has known about the long-term side effects of mRNA vaccines for years but chose not to act.",1
"44% of parents now believe mainstream media cannot be trusted, according to a survey conducted by an anonymous research group.",1
New research suggests artificial sweeteners could causes permanent DNA changes — but the study has not yet been peer-reviewed.,1
"Insider sources say the CDC is preparing to announce layoffs will exceed 2 million next quarter, which would affect millions.",1
"Scientists at an unnamed university have found that tap water fluoride accelerates cognitive decline, contradicting years of accepted research.",1
"Insider sources say the EU is preparing to announce inflation will hit record highs by year-end, which would affect millions.",1
"A new study shows that alkaline water is 39% more effective than insulin therapy, though experts remain divided on the methodology.",1
"According to a leaked internal memo, the WHO has known about the long-term side effects of mRNA vaccines for years but chose not to act.",1
"67% of Americans now believe the government hides medical cures, according to a survey conducted by an anonymous research group.",1
"According to a leaked internal memo, the CDC has known about the link between pesticides and neurological disorders for years but chose not to act.",1
"A new study shows that cold therapy is 73% more effective than conventional treatment, though experts remain divided on the methodology.",1
"Scientists at an unnamed university have found that microplastics causes permanent DNA changes, contradicting years of accepted research.",1
"47% of voters now believe the economy is rigged, according to a survey conducted by an anonymous research group.",1
"Insider sources say Wall Street banks is preparing to announce a new pandemic strain has already been identified, which would affect millions.",1
"A stunning new poll shows 44% of small business owners support mandatory vaccination, a dramatic shift from previous data.",1
"A new study shows that alkaline water is 58% more effective than standard medication, though experts remain divided on the methodology.",1
"A stunning new poll shows 91% of voters support social credit scoring, a dramatic shift from previous data.",1
"A new study shows that cold therapy is 44% more effective than standard medication, though experts remain divided on the methodology.",1
"A bombshell revelation from anonymous government officials confirms a new pandemic strain has already been identified, raising urgent questions.",1
"Insider sources say the CDC is preparing to announce inflation will hit record highs by year-end, which would affect millions.",1
"According to a leaked internal memo, the FDA has known about the long-term side effects of mRNA vaccines for years but chose not to act.",1
"According to unnamed sources within the FDA, a major bank is on the verge of collapse. Officials have not confirmed the report.",1
"A stunning new poll shows 47% of parents support mandatory vaccination, a dramatic shift from previous data.",1
"According to unnamed sources within the Pentagon, a new pandemic strain has already been identified. Officials have not confirmed the report.",1
"73% of millennials now believe the government hides medical cures, according to a survey conducted by an anonymous research group.",1
New research suggests 5G radiation could accelerates cognitive decline — but the study has not yet been peer-reviewed.,1
"A stunning new poll shows 67% of millennials support universal basic income, a dramatic shift from previous data.",1
"Scientists at an unnamed university have found that microplastics reduces fertility by 30%, contradicting years of accepted research.",1
"A new study shows that ivermectin is 61% more effective than antidepressants, though experts remain divided on the methodology.",1
"According to a leaked internal memo, the WHO has known about dangerous chemical levels in municipal water supplies for years but chose not to act.",1
"A stunning new poll shows 44% of college graduates support universal basic income, a dramatic shift from previous data.",1
"A new study shows that high-dose vitamin C is 44% more effective than conventional treatment, though experts remain divided on the methodology.",1
"According to unnamed sources within the WHO, the housing market will crash within months. Officials have not confirmed the report.",1
"Scientists at an unnamed university have found that processed sugar increases cancer risk by up to 40%, contradicting years of accepted research.",1
"34% of voters now believe elections are manipulated, according to a survey conducted by an anonymous research group.",1
"A bombshell revelation from anonymous government officials confirms the housing market will crash within months, raising urgent questions.",1
New research suggests seed oils could triggers autoimmune responses — but the study has not yet been peer-reviewed.,1
"Insider sources say major pharmaceutical companies is preparing to announce a major bank is on the verge of collapse, which would affect millions.",1
"According to unnamed sources within Wall Street banks, inflation will hit record highs by year-end. Officials have not confirmed the report.",1
"Scientists at an unnamed university have found that artificial sweeteners reduces fertility by 30%, contradicting years of accepted research.",1
"A stunning new poll shows 39% of college graduates support central bank digital currency, a dramatic shift from previous data.",1
"A stunning new poll shows 73% of college graduates support central bank digital currency, a dramatic shift from previous data.",1
"Scientists at an unnamed university have found that tap water fluoride disrupts hormone production, contradicting years of accepted research.",1
"A new study shows that vitamin D supplements is 34% more effective than antidepressants, though experts remain divided on the methodology.",1
"Insider sources say major pharmaceutical companies is preparing to announce the housing market will crash within months, which would affect millions.",1
"91% of millennials now believe elections are manipulated, according to a survey conducted by an anonymous research group.",1
"According to unnamed sources within major pharmaceutical companies, social media companies plan mass censorship rollouts. Officials have not confirmed the report.",1
"58% of college graduates now believe the economy is rigged, according to a survey conducted by an anonymous research group.",1
"A bombshell revelation from anonymous government officials confirms inflation will hit record highs by year-end, raising urgent questions.",1
"91% of voters now believe mainstream media cannot be trusted, according to a survey conducted by an anonymous research group.",1
"A new study shows that vitamin D supplements is 61% more effective than standard medication, though experts remain divided on the methodology.",1
"A new study shows that high-dose vitamin C is 61% more effective than standard medication, though experts remain divided on the methodology.",1
"A new study shows that vitamin D supplements is 82% more effective than insulin therapy, though experts remain divided on the methodology.",1
"According to unnamed sources within the WHO, layoffs will exceed 2 million next quarter. Officials have not confirmed the report.",1
"According to a leaked internal memo, the FDA has known about the addictive design of social media algorithms for years but chose not to act.",1
"A stunning new poll shows 34% of Americans support digital ID, a dramatic shift from previous data.",1
"Scientists at an unnamed university have found that caffeine causes permanent DNA changes, contradicting years of accepted research.",1
New research suggests microplastics could increases cancer risk by up to 40% — but the study has not yet been peer-reviewed.,1
"According to unnamed sources within major pharmaceutical companies, a new pandemic strain has already been identified. Officials have not confirmed the report.",1
"According to unnamed sources within the Pentagon, a major bank is on the verge of collapse. Officials have not confirmed the report.",1
"73% of voters now believe vaccines are unsafe, according to a survey conducted by an anonymous research group.",1
"An explosive report claims inflation will hit record highs by year-end, though the original document has not been made public.",1
"According to a leaked internal memo, the CDC has known about dangerous chemical levels in municipal water supplies for years but chose not to act.",1
"According to unnamed sources within the WHO, a major bank is on the verge of collapse. Officials have not confirmed the report.",1
"Scientists at an unnamed university have found that tap water fluoride causes permanent DNA changes, contradicting years of accepted research.",1
"A stunning new poll shows 73% of millennials support mandatory vaccination, a dramatic shift from previous data.",1
New research suggests 5G radiation could reduces fertility by 30% — but the study has not yet been peer-reviewed.,1
"According to a leaked internal memo, the EU has known about dangerous chemical levels in municipal water supplies for years but chose not to act.",1
"73% of millennials now believe mainstream media cannot be trusted, according to a survey conducted by an anonymous research group.",1
"According to a leaked internal memo, Silicon Valley firms has known about the long-term side effects of mRNA vaccines for years but chose not to act.",1
"Scientists at an unnamed university have found that caffeine disrupts hormone production, contradicting years of accepted research.",1
"Insider sources say Silicon Valley firms is preparing to announce layoffs will exceed 2 million next quarter, which would affect millions.",1
New research suggests tap water fluoride could triggers autoimmune responses — but the study has not yet been peer-reviewed.,1
"67% of Americans now believe the economy is rigged, according to a survey conducted by an anonymous research group.",1
"A new study shows that alkaline water is 44% more effective than chemotherapy, though experts remain divided on the methodology.",1
"Insider sources say the WHO is preparing to announce a major bank is on the verge of collapse, which would affect millions.",1
"Insider sources say Wall Street banks is preparing to announce social media companies plan mass censorship rollouts, which would affect millions.",1
"According to unnamed sources within Wall Street banks, social media companies plan mass censorship rollouts. Officials have not confirmed the report.",1
"Insider sources say the Pentagon is preparing to announce layoffs will exceed 2 million next quarter, which would affect millions.",1
"A stunning new poll shows 91% of parents support digital ID, a dramatic shift from previous data.",1
"Scientists at an unnamed university have found that 5G radiation reduces fertility by 30%, contradicting years of accepted research.",1
"Scientists at an unnamed university have found that 5G radiation disrupts hormone production, contradicting years of accepted research.",1
"91% of millennials now believe the government hides medical cures, according to a survey conducted by an anonymous research group.",1
"A new study shows that herbal extracts is 91% more effective than chemotherapy, though experts remain divided on the methodology.",1
New research suggests 5G radiation could causes permanent DNA changes — but the study has not yet been peer-reviewed.,1
"39% of parents now believe vaccines are unsafe, according to a survey conducted by an anonymous research group.",1
"A new study shows that high-dose vitamin C is 34% more effective than standard medication, though experts remain divided on the methodology.",1
"67% of small business owners now believe vaccines are unsafe, according to a survey conducted by an anonymous research group.",1
"A new study shows that vitamin D supplements is 58% more effective than standard medication, though experts remain divided on the methodology.",1
"A stunning new poll shows 34% of voters support social credit scoring, a dramatic shift from previous data.",1
"Scientists at an unnamed university have found that caffeine increases cancer risk by up to 40%, contradicting years of accepted research.",1
"34% of small business owners now believe the economy is rigged, according to a survey conducted by an anonymous research group.",1
"A stunning new poll shows 58% of college graduates support central bank digital currency, a dramatic shift from previous data.",1
"A new study shows that vitamin D supplements is 47% more effective than insulin therapy, though experts remain divided on the methodology.",1
New research suggests processed sugar could causes permanent DNA changes — but the study has not yet been peer-reviewed.,1
"Insider sources say major pharmaceutical companies is preparing to announce layoffs will exceed 2 million next quarter, which would affect millions.",1
"A new study shows that alkaline water is 58% more effective than antidepressants, though experts remain divided on the methodology.",1
"58% of parents now believe the economy is rigged, according to a survey conducted by an anonymous research group.",1
"A new study shows that alkaline water is 34% more effective than chemotherapy, though experts remain divided on the methodology.",1
"82% of millennials now believe mainstream media cannot be trusted, according to a survey conducted by an anonymous research group.",1
"A stunning new poll shows 61% of voters support universal basic income, a dramatic shift from previous data.",1
"A new study shows that ivermectin is 44% more effective than insulin therapy, though experts remain divided on the methodology.",1
"Insider sources say Silicon Valley firms is preparing to announce inflation will hit record highs by year-end, which would affect millions.",1
"A new study shows that high-dose vitamin C is 73% more effective than standard medication, though experts remain divided on the methodology.",1
"A new study shows that herbal extracts is 44% more effective than chemotherapy, though experts remain divided on the methodology.",1
"Insider sources say the WHO is preparing to announce social media companies plan mass censorship rollouts, which would affect millions.",1
"39% of millennials now believe the economy is rigged, according to a survey conducted by an anonymous research group.",1
"According to unnamed sources within the Pentagon, social media companies plan mass censorship rollouts. Officials have not confirmed the report.",1
"A stunning new poll shows 39% of millennials support universal basic income, a dramatic shift from previous data.",1
New research suggests 5G radiation could increases cancer risk by up to 40% — but the study has not yet been peer-reviewed.,1
"A new study shows that vitamin D supplements is 58% more effective than conventional treatment, though experts remain divided on the methodology.",1
"According to unnamed sources within major pharmaceutical companies, layoffs will exceed 2 million next quarter. Officials have not confirmed the report.",1
"Scientists at an unnamed university have found that seed oils disrupts hormone production, contradicting years of accepted research.",1
"73% of healthcare workers now believe the government hides medical cures, according to a survey conducted by an anonymous research group.",1
"A stunning new poll shows 91% of college graduates support central bank digital currency, a dramatic shift from previous data.",1
"34% of small business owners now believe mainstream media cannot be trusted, according to a survey conducted by an anonymous research group.",1
"39% of Americans now believe the economy is rigged, according to a survey conducted by an anonymous research group.",1
"A new study shows that herbal extracts is 44% more effective than antidepressants, though experts remain divided on the methodology.",1
"A stunning new poll shows 73% of small business owners support digital ID, a dramatic shift from previous data.",1
"Insider sources say the WHO is preparing to announce layoffs will exceed 2 million next quarter, which would affect millions.",1
"61% of healthcare workers now believe mainstream media cannot be trusted, according to a survey conducted by an anonymous research group.",1
"According to a leaked internal memo, the Pentagon has known about the long-term side effects of mRNA vaccines for years but chose not to act.",1
New research suggests artificial sweeteners could disrupts hormone production — but the study has not yet been peer-reviewed.,1
"82% of college graduates now believe the government hides medical cures, according to a survey conducted by an anonymous research group.",1
"According to a leaked internal memo, major pharmaceutical companies has known about the long-term side effects of mRNA vaccines for years but chose not to act.",1
"A new study shows that high-dose vitamin C is 82% more effective than conventional treatment, though experts remain divided on the methodology.",1
New research suggests caffeine could causes permanent DNA changes — but the study has not yet been peer-reviewed.,1
"A new study shows that alkaline water is 39% more effective than chemotherapy, though experts remain divided on the methodology.",1
"A stunning new poll shows 39% of parents support central bank digital currency, a dramatic shift from previous data.",1
"Insider sources say Wall Street banks is preparing to announce inflation will hit record highs by year-end, which would affect millions.",1
"A new study shows that intermittent fasting is 61% more effective than antidepressants, though experts remain divided on the methodology.",1
"A new study shows that ivermectin is 67% more effective than conventional treatment, though experts remain divided on the methodology.",1
New research suggests 5G radiation could disrupts hormone production — but the study has not yet been peer-reviewed.,1
"47% of healthcare workers now believe the government hides medical cures, according to a survey conducted by an anonymous research group.",1
"A new study shows that high-dose vitamin C is 73% more effective than flu vaccines, though experts remain divided on the methodology.",1
"A new study shows that herbal extracts is 47% more effective than insulin therapy, though experts remain divided on the methodology.",1
"According to a leaked internal memo, Silicon Valley firms has known about the addictive design of social media algorithms for years but chose not to act.",1
"A new study shows that vitamin D supplements is 34% more effective than flu vaccines, though experts remain divided on the methodology.",1
New research suggests seed oils could causes permanent DNA changes — but the study has not yet been peer-reviewed.,1
"According to unnamed sources within the CDC, a major bank is on the verge of collapse. Officials have not confirmed the report.",1
"Scientists at an unnamed university have found that tap water fluoride reduces fertility by 30%, contradicting years of accepted research.",1
"A stunning new poll shows 34% of college graduates support digital ID, a dramatic shift from previous data.",1
"According to a leaked internal memo, the Pentagon has known about the addictive design of social media algorithms for years but chose not to act.",1
"Scientists at an unnamed university have found that microplastics increases cancer risk by up to 40%, contradicting years of accepted research.",1
"According to a leaked internal memo, the FDA has known about the link between pesticides and neurological disorders for years but chose not to act.",1
"A stunning new poll shows 34% of small business owners support universal basic income, a dramatic shift from previous data.",1
"39% of Americans now believe the government hides medical cures, according to a survey conducted by an anonymous research group.",1
"Scientists at an unnamed university have found that artificial sweeteners accelerates cognitive decline, contradicting years of accepted research.",1
"Insider sources say Silicon Valley firms is preparing to announce a new pandemic strain has already been identified, which would affect millions.",1
"A stunning new poll shows 34% of healthcare workers support universal basic income, a dramatic shift from previous data.",1
"Insider sources say the EU is preparing to announce layoffs will exceed 2 million next quarter, which would affect millions.",1
"73% of Americans now believe mainstream media cannot be trusted, according to a survey conducted by an anonymous research group.",1
"Scientists at an unnamed university have found that processed sugar causes permanent DNA changes, contradicting years of accepted research.",1
"Scientists at an unnamed university have found that caffeine reduces fertility by 30%, contradicting years of accepted research.",1
"According to unnamed sources within Silicon Valley firms, social media companies plan mass censorship rollouts. Officials have not confirmed the report.",1
"67% of Americans now believe mainstream media cannot be trusted, according to a survey conducted by an anonymous research group.",1
"Insider sources say Wall Street banks is preparing to announce a major bank is on the verge of collapse, which would affect millions.",1
"82% of college graduates now believe mainstream media cannot be trusted, according to a survey conducted by an anonymous research group.",1
"Insider sources say the FDA is preparing to announce a major bank is on the verge of collapse, which would affect millions.",1
"Scientists at an unnamed university have found that seed oils reduces fertility by 30%, contradicting years of accepted research.",1
"Scientists at an unnamed university have found that caffeine triggers autoimmune responses, contradicting years of accepted research.",1
"39% of small business owners now believe the economy is rigged, according to a survey conducted by an anonymous research group.",1
"According to a leaked internal memo, the WHO has known about the link between pesticides and neurological disorders for years but chose not to act.",1
New research suggests artificial sweeteners could accelerates cognitive decline — but the study has not yet been peer-reviewed.,1
New research suggests caffeine could accelerates cognitive decline — but the study has not yet been peer-reviewed.,1
"According to a leaked internal memo, Wall Street banks has known about dangerous chemical levels in municipal water supplies for years but chose not to act.",1
New research suggests caffeine could disrupts hormone production — but the study has not yet been peer-reviewed.,1
"According to unnamed sources within Silicon Valley firms, a new pandemic strain has already been identified. Officials have not confirmed the report.",1
"Scientists at an unnamed university have found that processed sugar disrupts hormone production, contradicting years of accepted research.",1
"Scientists at an unnamed university have found that artificial sweeteners disrupts hormone production, contradicting years of accepted research.",1
"A stunning new poll shows 73% of voters support central bank digital currency, a dramatic shift from previous data.",1
"Insider sources say the FDA is preparing to announce social media companies plan mass censorship rollouts, which would affect millions.",1
"A stunning new poll shows 58% of parents support central bank digital currency, a dramatic shift from previous data.",1
"A stunning new poll shows 61% of small business owners support universal basic income, a dramatic shift from previous data.",1
"A stunning new poll shows 73% of voters support social credit scoring, a dramatic shift from previous data.",1
"According to a leaked internal memo, the Pentagon has known about the link between pesticides and neurological disorders for years but chose not to act.",1
"According to a leaked internal memo, the CDC has known about the long-term side effects of mRNA vaccines for years but chose not to act.",1
"44% of healthcare workers now believe vaccines are unsafe, according to a survey conducted by an anonymous research group.",1
New research suggests microplastics could causes permanent DNA changes — but the study has not yet been peer-reviewed.,1
"A new study shows that high-dose vitamin C is 44% more effective than insulin therapy, though experts remain divided on the methodology.",1
"A stunning new poll shows 34% of millennials support mandatory vaccination, a dramatic shift from previous data.",1
"Insider sources say the Pentagon is preparing to announce a major bank is on the verge of collapse, which would affect millions.",1
"According to unnamed sources within the FDA, layoffs will exceed 2 million next quarter. Officials have not confirmed the report.",1
"According to a leaked internal memo, the FDA has known about dangerous chemical levels in municipal water supplies for years but chose not to act.",1
"A new study shows that ivermectin is 91% more effective than insulin therapy, though experts remain divided on the methodology.",1
"A stunning new poll shows 44% of healthcare workers support social credit scoring, a dramatic shift from previous data.",1
New research suggests tap water fluoride could causes permanent DNA changes — but the study has not yet been peer-reviewed.,1
"Insider sources say the EU is preparing to announce a major bank is on the verge of collapse, which would affect millions.",1
"According to unnamed sources within the FDA, a new pandemic strain has already been identified. Officials have not confirmed the report.",1
"According to a leaked internal memo, Wall Street banks has known about the addictive design of social media algorithms for years but chose not to act.",1
"A stunning new poll shows 44% of millennials support mandatory vaccination, a dramatic shift from previous data.",1
"A stunning new poll shows 73% of college graduates support digital ID, a dramatic shift from previous data.",1
"Scientists at an unnamed university have found that artificial sweeteners triggers autoimmune responses, contradicting years of accepted research.",1
"A stunning new poll shows 61% of healthcare workers support digital ID, a dramatic shift from previous data.",1
"34% of healthcare workers now believe mainstream media cannot be trusted, according to a survey conducted by an anonymous research group.",1
"A new study shows that intermittent fasting is 82% more effective than chemotherapy, though experts remain divided on the methodology.",1
New research suggests processed sugar could accelerates cognitive decline — but the study has not yet been peer-reviewed.,1
"A stunning new poll shows 58% of parents support universal basic income, a dramatic shift from previous data.",1
"A stunning new poll shows 91% of voters support central bank digital currency, a dramatic shift from previous data.",1
New research suggests tap water fluoride could disrupts hormone production — but the study has not yet been peer-reviewed.,1
"According to a leaked internal memo, major pharmaceutical companies has known about the addictive design of social media algorithms for years but chose not to act.",1
"47% of voters now believe vaccines are unsafe, according to a survey conducted by an anonymous research group.",1
"73% of healthcare workers now believe the economy is rigged, according to a survey conducted by an anonymous research group.",1
"Scientists at an unnamed university have found that microplastics triggers autoimmune responses, contradicting years of accepted research.",1
"A new study shows that ivermectin is 73% more effective than insulin therapy, though experts remain divided on the methodology.",1
"Insider sources say Silicon Valley firms is preparing to announce a major bank is on the verge of collapse, which would affect millions.",1
"A stunning new poll shows 34% of voters support universal basic income, a dramatic shift from previous data.",1
"73% of voters now believe the economy is rigged, according to a survey conducted by an anonymous research group.",1
"A stunning new poll shows 61% of healthcare workers support universal basic income, a dramatic shift from previous data.",1
"A stunning new poll shows 47% of Americans support social credit scoring, a dramatic shift from previous data.",1
"According to unnamed sources within the EU, inflation will hit record highs by year-end. Officials have not confirmed the report.",1
"67% of millennials now believe the government hides medical cures, according to a survey conducted by an anonymous research group.",1
"34% of small business owners now believe elections are manipulated, according to a survey conducted by an anonymous research group.",1
"Insider sources say Wall Street banks is preparing to announce layoffs will exceed 2 million next quarter, which would affect millions.",1
"A new study shows that high-dose vitamin C is 47% more effective than flu vaccines, though experts remain divided on the methodology.",1
"A new study shows that vitamin D supplements is 58% more effective than antidepressants, though experts remain divided on the methodology.",1
A new study published in BMJ suggests a possible link between alcohol and type 2 diabetes.,2
Economists are divided on whether the recent bank failures signals the start of a broader economic slowdown.,2
Sydney officials are reviewing policies on AI regulation following a rise in homelessness rates.,2
"The IMF announced new guidelines on food labeling, citing public health concerns as a key concern.",2
"The WHO announced new guidelines on data privacy, citing public health concerns as a key concern.",2
A new study published in The Lancet suggests a possible link between ultra-processed foods and cognitive decline.,2
A report released by the Pew Research Center warns that slowing economic growth could affect millions over the next decade.,2
A report released by the United Nations warns that rising inflation could affect millions over the next decade.,2
"Lawmakers are debating new legislation on food labeling, with advocates and critics staking out opposing views.",2
Climate scientists released a report this week warning that Arctic ice could vanish by 2050 without significant policy changes.,2
Toronto officials are reviewing policies on food labeling following a rise in small business closures.,2
"The crypto market fell 0.8% on Tuesday amid concerns about rising inflation, analysts said.",2
Climate scientists released a report this week warning that global temperatures could exceed the 1.5°C threshold within two decades without significant policy changes.,2
"New data from the OECD shows inflation surge in retail, raising questions about long-term sustainability.",2
"Microsoft reported lower-than-expected earnings, sending shares down 1.7% in after-hours trading.",2
A new study published in JAMA suggests a possible link between sedentary behavior and certain cancers.,2
"Health authorities in Sub-Saharan Africa have issued an advisory on mental health services, urging residents to consult a doctor if symptoms arise.",2
"The unemployment rate edged down to 1.2% in July, according to official figures.",2
"Tech companies face increased scrutiny over data privacy, with regulators calling for independent audits.",2
Sydney officials are reviewing policies on data privacy following a rise in public school enrollment.,2
Chicago officials are reviewing policies on data privacy following a rise in small business closures.,2
A report released by the OECD warns that slowing economic growth could affect millions over the next decade.,2
"The European Central Bank announced new guidelines on remote work policies, citing rising costs as a key concern.",2
London officials are reviewing policies on food labeling following a rise in housing costs.,2
"The S&P 500 fell 2.9% on Friday amid concerns about supply chain disruptions, analysts said.",2
"The European Central Bank announced new guidelines on housing affordability, citing new scientific evidence as a key concern.",2
A new study published in BMJ suggests a possible link between ultra-processed foods and cardiovascular disease.,2
"The S&P 500 fell 0.5% on Thursday amid concerns about slowing economic growth, analysts said.",2
"New data from the OECD shows market correction in energy, raising questions about long-term sustainability.",2
Economists are divided on whether this quarter's GDP data signals the start of a broader economic slowdown.,2
Climate scientists released a report this week warning that sea levels may rise by up to a metre by 2100 without significant policy changes.,2
"Lawmakers are debating new legislation on carbon emissions, with advocates and critics staking out opposing views.",2
Economists are divided on whether this quarter's GDP data signals the start of a broader recession.,2
China announced a defence spending increase that has drawn mixed reactions from international observers.,2
"The World Bank announced new guidelines on food labeling, citing public health concerns as a key concern.",2
Rising oil prices are putting pressure on consumers as the latest jobs report continues to weigh on markets.,2
"The European Central Bank announced new guidelines on carbon emissions, citing increased consumer demand as a key concern.",2
A new study published in JAMA suggests a possible link between air pollution and type 2 diabetes.,2
"Microsoft reported lower-than-expected earnings, sending shares down 0.5% in after-hours trading.",2
"Health authorities in Sub-Saharan Africa have issued an advisory on mental health services, urging residents to limit outdoor activity.",2
"Health authorities in the Asia-Pacific region have issued an advisory on cybersecurity, urging residents to consult a doctor if symptoms arise.",2
"Lawmakers are debating new legislation on cybersecurity, with advocates and critics staking out opposing views.",2
"Health authorities in Western Europe have issued an advisory on carbon emissions, urging residents to take standard precautions.",2
"Tech companies face increased scrutiny over remote work policies, with regulators calling for independent audits.",2
New York officials are reviewing policies on remote work policies following a rise in public school enrollment.,2
Germany announced a sweeping tax reform that has drawn mixed reactions from international observers.,2
"New data from the Congressional Budget Office shows market correction in energy, raising questions about long-term sustainability.",2
"Tech companies face increased scrutiny over data privacy, with regulators calling for consumer protections.",2
"Lawmakers are debating new legislation on mental health services, with advocates and critics staking out opposing views.",2
"The unemployment rate edged up to 0.8% in January, according to official figures.",2
Climate scientists released a report this week warning that extreme weather events will become significantly more frequent without significant policy changes.,2
"The unemployment rate edged down to 1.2% in May, according to official figures.",2
"Tech companies face increased scrutiny over food labeling, with regulators calling for independent audits.",2
"The unemployment rate edged up to 0.8% in March, according to official figures.",2
"The Nasdaq fell 4.2% on Tuesday amid concerns about slowing economic growth, analysts said.",2
"The stock market fell 1.2% on Tuesday amid concerns about geopolitical tensions, analysts said.",2
Rising copper prices are putting pressure on consumers as the recent bank failures continues to weigh on markets.,2
"The unemployment rate edged up to 0.8% in June, according to official figures.",2
Sydney officials are reviewing policies on data privacy following a rise in homelessness rates.,2
A new study published in BMJ suggests a possible link between sedentary behavior and cognitive decline.,2
the UK announced a immigration overhaul that has drawn mixed reactions from international observers.,2
"Google reported lower-than-expected earnings, sending shares down 2.4% in after-hours trading.",2
A report released by the Congressional Budget Office warns that trade policy uncertainty could affect millions over the next decade.,2
Economists are divided on whether the recent tech layoffs signals the start of a broader labor shortage.,2
"Lawmakers are debating new legislation on air quality standards, with advocates and critics staking out opposing views.",2
Rising oil prices are putting pressure on consumers as the surge in energy prices continues to weigh on markets.,2
"The European Central Bank announced new guidelines on food labeling, citing increased consumer demand as a key concern.",2
"The IMF announced new guidelines on air quality standards, citing increased consumer demand as a key concern.",2
"Goldman Sachs reported lower-than-expected earnings, sending shares down 3.1% in after-hours trading.",2
"Health authorities in the Asia-Pacific region have issued an advisory on AI regulation, urging residents to consult a doctor if symptoms arise.",2
Rising natural gas prices are putting pressure on consumers as this quarter's GDP data continues to weigh on markets.,2
"New data from the United Nations shows inflation surge in healthcare, raising questions about long-term sustainability.",2
"The Federal Reserve announced new guidelines on housing affordability, citing rising costs as a key concern.",2
Japan announced a defence spending increase that has drawn mixed reactions from international observers.,2
"The European Central Bank announced new guidelines on cybersecurity, citing increased consumer demand as a key concern.",2
Rising wheat prices are putting pressure on consumers as the recent bank failures continues to weigh on markets.,2
"The unemployment rate edged up to 1.7% in April, according to official figures.",2
"The unemployment rate edged down to 2.9% in July, according to official figures.",2
Economists are divided on whether the surge in energy prices signals the start of a broader inflation surge.,2
"Goldman Sachs reported lower-than-expected earnings, sending shares down 4.2% in after-hours trading.",2
"The unemployment rate edged up to 2.4% in July, according to official figures.",2
A report released by the Pew Research Center warns that interest rate hikes could affect millions over the next decade.,2
"The IMF announced new guidelines on housing affordability, citing public health concerns as a key concern.",2
"The IMF announced new guidelines on data privacy, citing public health concerns as a key concern.",2
"Lawmakers are debating new legislation on remote work policies, with advocates and critics staking out opposing views.",2
India announced a sweeping tax reform that has drawn mixed reactions from international observers.,2
"Tech companies face increased scrutiny over cybersecurity, with regulators calling for consumer protections.",2
Rising natural gas prices are putting pressure on consumers as the latest jobs report continues to weigh on markets.,2
"New data from the Congressional Budget Office shows economic slowdown in finance, raising questions about long-term sustainability.",2
"Tesla reported lower-than-expected earnings, sending shares down 0.8% in after-hours trading.",2
"Goldman Sachs reported lower-than-expected earnings, sending shares down 1.7% in after-hours trading.",2
India announced a renewable energy mandate that has drawn mixed reactions from international observers.,2
Economists are divided on whether the recent bank failures signals the start of a broader inflation surge.,2
Economists are divided on whether the recent tech layoffs signals the start of a broader productivity decline.,2
the United States announced a sweeping tax reform that has drawn mixed reactions from international observers.,2
"Microsoft reported lower-than-expected earnings, sending shares down 0.8% in after-hours trading.",2
India announced a new trade agreement that has drawn mixed reactions from international observers.,2
"The unemployment rate edged up to 1.2% in January, according to official figures.",2
"New data from the OECD shows recession in healthcare, raising questions about long-term sustainability.",2
A new study published in BMJ suggests a possible link between sedentary behavior and certain cancers.,2
Los Angeles officials are reviewing policies on cybersecurity following a rise in small business closures.,2
"Health authorities in Western Europe have issued an advisory on AI regulation, urging residents to consult a doctor if symptoms arise.",2
"The unemployment rate edged down to 4.2% in May, according to official figures.",2
"The unemployment rate edged down to 2.9% in February, according to official figures.",2
"Goldman Sachs reported lower-than-expected earnings, sending shares down 2.4% in after-hours trading.",2
A new study published in Nature suggests a possible link between alcohol and type 2 diabetes.,2
A new study published in The New England Journal of Medicine suggests a possible link between sedentary behavior and metabolic syndrome.,2
Rising lithium prices are putting pressure on consumers as the latest jobs report continues to weigh on markets.,2
A new study published in JAMA suggests a possible link between red meat and metabolic syndrome.,2
London officials are reviewing policies on cybersecurity following a rise in homelessness rates.,2
"The unemployment rate edged down to 0.5% in October, according to official figures.",2
Economists are divided on whether the surge in energy prices signals the start of a broader market correction.,2
"The stock market fell 1.7% on Wednesday amid concerns about interest rate hikes, analysts said.",2
New York officials are reviewing policies on carbon emissions following a rise in traffic incidents.,2
"New data from the United Nations shows productivity decline in energy, raising questions about long-term sustainability.",2
"Tech companies face increased scrutiny over air quality standards, with regulators calling for consumer protections.",2
A report released by the Congressional Budget Office warns that rising inflation could affect millions over the next decade.,2
"Tech companies face increased scrutiny over mental health services, with regulators calling for new disclosure rules.",2
"New data from the Congressional Budget Office shows labor shortage in healthcare, raising questions about long-term sustainability.",2
"Health authorities in Southeast Asia have issued an advisory on data privacy, urging residents to limit outdoor activity.",2
Chicago officials are reviewing policies on carbon emissions following a rise in housing costs.,2
"New data from the United Nations shows market correction in technology, raising questions about long-term sustainability.",2
"New data from the United Nations shows recession in technology, raising questions about long-term sustainability.",2
Economists are divided on whether the recent bank failures signals the start of a broader recession.,2
A report released by the Pew Research Center warns that geopolitical tensions could affect millions over the next decade.,2
"Lawmakers are debating new legislation on housing affordability, with advocates and critics staking out opposing views.",2
"Tech companies face increased scrutiny over air quality standards, with regulators calling for stricter oversight.",2
"The bond market fell 0.8% on Thursday amid concerns about trade policy uncertainty, analysts said.",2
"The housing market fell 1.7% on Monday amid concerns about supply chain disruptions, analysts said.",2
"The unemployment rate edged up to 3.1% in September, according to official figures.",2
Economists are divided on whether the recent tech layoffs signals the start of a broader market correction.,2
London officials are reviewing policies on carbon emissions following a rise in public school enrollment.,2
"The unemployment rate edged down to 0.5% in September, according to official figures.",2
"The unemployment rate edged down to 4.2% in June, according to official figures.",2
"The crypto market fell 0.8% on Monday amid concerns about interest rate hikes, analysts said.",2
Los Angeles officials are reviewing policies on mental health services following a rise in public school enrollment.,2
Economists are divided on whether the latest jobs report signals the start of a broader inflation surge.,2
"The unemployment rate edged down to 2.4% in September, according to official figures.",2
"The unemployment rate edged up to 0.8% in September, according to official figures.",2
"Health authorities in the Asia-Pacific region have issued an advisory on carbon emissions, urging residents to consult a doctor if symptoms arise.",2
"The crypto market fell 1.2% on Monday amid concerns about geopolitical tensions, analysts said.",2
"The unemployment rate edged down to 1.7% in July, according to official figures.",2
A report released by the OECD warns that geopolitical tensions could affect millions over the next decade.,2
"The stock market fell 2.4% on Monday amid concerns about rising inflation, analysts said.",2
"Health authorities in Southeast Asia have issued an advisory on AI regulation, urging residents to take standard precautions.",2
A new study published in Science suggests a possible link between artificial sweeteners and certain cancers.,2
"Health authorities in Sub-Saharan Africa have issued an advisory on AI regulation, urging residents to take standard precautions.",2
A report released by the Congressional Budget Office warns that geopolitical tensions could affect millions over the next decade.,2
Rising copper prices are putting pressure on consumers as the surge in energy prices continues to weigh on markets.,2
"Tech companies face increased scrutiny over mental health services, with regulators calling for independent audits.",2
"Health authorities in Sub-Saharan Africa have issued an advisory on air quality standards, urging residents to stay indoors during peak hours.",2
Japan announced a new trade agreement that has drawn mixed reactions from international observers.,2
"The housing market fell 2.4% on Friday amid concerns about interest rate hikes, analysts said.",2
"Tech companies face increased scrutiny over carbon emissions, with regulators calling for greater transparency.",2
A new study published in BMJ suggests a possible link between red meat and cardiovascular disease.,2
"The World Bank announced new guidelines on mental health services, citing increased consumer demand as a key concern.",2
"The crypto market fell 3.1% on Wednesday amid concerns about supply chain disruptions, analysts said.",2
"The unemployment rate edged up to 2.4% in February, according to official figures.",2
Economists are divided on whether the latest jobs report signals the start of a broader labor shortage.,2
"Tesla reported lower-than-expected earnings, sending shares down 1.7% in after-hours trading.",2
"The unemployment rate edged up to 2.9% in September, according to official figures.",2
"Tech companies face increased scrutiny over carbon emissions, with regulators calling for independent audits.",2
"Health authorities in Western Europe have issued an advisory on mental health services, urging residents to stay indoors during peak hours.",2
"The unemployment rate edged down to 3.1% in September, according to official figures.",2
London officials are reviewing policies on AI regulation following a rise in traffic incidents.,2
"Tech companies face increased scrutiny over air quality standards, with regulators calling for greater transparency.",2
"The unemployment rate edged down to 3.1% in May, according to official figures.",2
Rising lithium prices are putting pressure on consumers as the recent tech layoffs continues to weigh on markets.,2
Rising natural gas prices are putting pressure on consumers as the surge in energy prices continues to weigh on markets.,2
New York officials are reviewing policies on data privacy following a rise in homelessness rates.,2
"Apple reported lower-than-expected earnings, sending shares down 1.2% in after-hours trading.",2
Economists are divided on whether the recent tech layoffs signals the start of a broader recession.,2
"The S&P 500 fell 3.1% on Tuesday amid concerns about interest rate hikes, analysts said.",2
"The European Central Bank announced new guidelines on data privacy, citing public health concerns as a key concern.",2
"The unemployment rate edged down to 0.8% in October, according to official figures.",2
Sydney officials are reviewing policies on remote work policies following a rise in traffic incidents.,2
A report released by the American Medical Association warns that geopolitical tensions could affect millions over the next decade.,2
"Health authorities in the Asia-Pacific region have issued an advisory on air quality standards, urging residents to take standard precautions.",2
"The WHO announced new guidelines on data privacy, citing new scientific evidence as a key concern.",2
"The bond market fell 1.7% on Monday amid concerns about supply chain disruptions, analysts said.",2
"The S&P 500 fell 0.8% on Tuesday amid concerns about trade policy uncertainty, analysts said.",2
"Health authorities in South America have issued an advisory on air quality standards, urging residents to take standard precautions.",2
Los Angeles officials are reviewing policies on cybersecurity following a rise in public school enrollment.,2
"Tech companies face increased scrutiny over cybersecurity, with regulators calling for greater transparency.",2
"Lawmakers are debating new legislation on AI regulation, with advocates and critics staking out opposing views.",2
Rising oil prices are putting pressure on consumers as the recent tech layoffs continues to weigh on markets.,2
"New data from the United Nations shows labor shortage in manufacturing, raising questions about long-term sustainability.",2
New York officials are reviewing policies on air quality standards following a rise in public school enrollment.,2
"Tech companies face increased scrutiny over AI regulation, with regulators calling for consumer protections.",2
Japan announced a immigration overhaul that has drawn mixed reactions from international observers.,2
"New data from the OECD shows economic slowdown in retail, raising questions about long-term sustainability.",2
"The World Bank announced new guidelines on AI regulation, citing rising costs as a key concern.",2
"Google reported lower-than-expected earnings, sending shares down 0.8% in after-hours trading.",2
A new study published in JAMA suggests a possible link between artificial sweeteners and cognitive decline.,2
A report released by the American Medical Association warns that slowing economic growth could affect millions over the next decade.,2
"The S&P 500 fell 3.1% on Friday amid concerns about rising inflation, analysts said.",2
India announced a immigration overhaul that has drawn mixed reactions from international observers.,2
"Health authorities in the Northeast have issued an advisory on remote work policies, urging residents to take standard precautions.",2
Toronto officials are reviewing policies on air quality standards following a rise in public school enrollment.,2
"New data from the United Nations shows market correction in retail, raising questions about long-term sustainability.",2
San Francisco officials are reviewing policies on mental health services following a rise in public school enrollment.,2
"The unemployment rate edged down to 1.2% in June, according to official figures.",2
"New data from the United Nations shows inflation surge in finance, raising questions about long-term sustainability.",2
"Apple reported lower-than-expected earnings, sending shares down 0.8% in after-hours trading.",2
"The Nasdaq fell 2.4% on Thursday amid concerns about trade policy uncertainty, analysts said.",2
New York officials are reviewing policies on mental health services following a rise in traffic incidents.,2
"Health authorities in South America have issued an advisory on remote work policies, urging residents to take standard precautions.",2
A new study published in Nature suggests a possible link between sedentary behavior and cardiovascular disease.,2
the UK announced a new trade agreement that has drawn mixed reactions from international observers.,2
"New data from the American Medical Association shows labor shortage in finance, raising questions about long-term sustainability.",2
"Meta reported lower-than-expected earnings, sending shares down 3.1% in after-hours trading.",2
A new study published in Nature suggests a possible link between artificial sweeteners and cardiovascular disease.,2
"Health authorities in Sub-Saharan Africa have issued an advisory on housing affordability, urging residents to consult a doctor if symptoms arise.",2
"Tesla reported lower-than-expected earnings, sending shares down 3.1% in after-hours trading.",2
"The bond market fell 4.2% on Friday amid concerns about geopolitical tensions, analysts said.",2
Rising copper prices are putting pressure on consumers as the latest jobs report continues to weigh on markets.,2
"The housing market fell 1.7% on Monday amid concerns about geopolitical tensions, analysts said.",2
"The stock market fell 2.4% on Tuesday amid concerns about trade policy uncertainty, analysts said.",2
"New data from the Pew Research Center shows inflation surge in finance, raising questions about long-term sustainability.",2
"Health authorities in Southeast Asia have issued an advisory on food labeling, urging residents to limit outdoor activity.",2
"New data from the American Medical Association shows inflation surge in finance, raising questions about long-term sustainability.",2
"Apple reported lower-than-expected earnings, sending shares down 1.7% in after-hours trading.",2
"Tech companies face increased scrutiny over data privacy, with regulators calling for stricter oversight.",2
"Health authorities in the Asia-Pacific region have issued an advisory on food labeling, urging residents to stay indoors during peak hours.",2
"Tech companies face increased scrutiny over food labeling, with regulators calling for stricter oversight.",2
"The stock market fell 3.1% on Tuesday amid concerns about interest rate hikes, analysts said.",2
Los Angeles officials are reviewing policies on carbon emissions following a rise in public school enrollment.,2
"Microsoft reported lower-than-expected earnings, sending shares down 4.2% in after-hours trading.",2
A new study published in Science suggests a possible link between air pollution and cardiovascular disease.,2
"The bond market fell 3.1% on Tuesday amid concerns about slowing economic growth, analysts said.",2
"Meta reported lower-than-expected earnings, sending shares down 2.9% in after-hours trading.",2
"The European Central Bank announced new guidelines on mental health services, citing regulatory pressure as a key concern.",2
"Amazon reported lower-than-expected earnings, sending shares down 4.2% in after-hours trading.",2
A report released by the Congressional Budget Office warns that slowing economic growth could affect millions over the next decade.,2
"Tech companies face increased scrutiny over carbon emissions, with regulators calling for stricter oversight.",2
Chicago officials are reviewing policies on food labeling following a rise in homelessness rates.,2
A report released by the American Medical Association warns that trade policy uncertainty could affect millions over the next decade.,2
"Health authorities in Western Europe have issued an advisory on air quality standards, urging residents to limit outdoor activity.",2
"Health authorities in the Northeast have issued an advisory on food labeling, urging residents to take standard precautions.",2
Toronto officials are reviewing policies on food labeling following a rise in public school enrollment.,2
"Meta reported lower-than-expected earnings, sending shares down 1.2% in after-hours trading.",2
"The unemployment rate edged up to 1.7% in February, according to official figures.",2
"New data from the American Medical Association shows market correction in technology, raising questions about long-term sustainability.",2
A new study published in BMJ suggests a possible link between ultra-processed foods and certain cancers.,2
France announced a defence spending increase that has drawn mixed reactions from international observers.,2
Rising oil prices are putting pressure on consumers as the recent bank failures continues to weigh on markets.,2
"New data from the Congressional Budget Office shows economic slowdown in manufacturing, raising questions about long-term sustainability.",2
Economists are divided on whether the latest jobs report signals the start of a broader economic slowdown.,2
"The stock market fell 0.8% on Tuesday amid concerns about supply chain disruptions, analysts said.",2
"The bond market fell 0.8% on Wednesday amid concerns about slowing economic growth, analysts said.",2
A report released by the United Nations warns that geopolitical tensions could affect millions over the next decade.,2
"Health authorities in Sub-Saharan Africa have issued an advisory on data privacy, urging residents to stay indoors during peak hours.",2
"The unemployment rate edged down to 1.7% in June, according to official figures.",2
"The S&P 500 fell 0.5% on Wednesday amid concerns about slowing economic growth, analysts said.",2
A report released by the Pew Research Center warns that trade policy uncertainty could affect millions over the next decade.,2
"Tech companies face increased scrutiny over housing affordability, with regulators calling for greater transparency.",2
"New data from the OECD shows recession in technology, raising questions about long-term sustainability.",2
"Health authorities in South America have issued an advisory on mental health services, urging residents to consult a doctor if symptoms arise.",2
"Tech companies face increased scrutiny over cybersecurity, with regulators calling for stricter oversight.",2
"New data from the Pew Research Center shows inflation surge in retail, raising questions about long-term sustainability.",2
"The IMF announced new guidelines on housing affordability, citing new scientific evidence as a key concern.",2
Toronto officials are reviewing policies on air quality standards following a rise in housing costs.,2
"Meta reported lower-than-expected earnings, sending shares down 2.4% in after-hours trading.",2
London officials are reviewing policies on cybersecurity following a rise in small business closures.,2
"Tech companies face increased scrutiny over remote work policies, with regulators calling for stricter oversight.",2
Economists are divided on whether the surge in energy prices signals the start of a broader economic slowdown.,2
"New data from the Pew Research Center shows economic slowdown in technology, raising questions about long-term sustainability.",2
"The unemployment rate edged up to 0.5% in April, according to official figures.",2
the United States announced a immigration overhaul that has drawn mixed reactions from international observers.,2
A new study published in The New England Journal of Medicine suggests a possible link between ultra-processed foods and certain cancers.,2
"Tech companies face increased scrutiny over AI regulation, with regulators calling for new disclosure rules.",2
A new study published in JAMA suggests a possible link between sedentary behavior and metabolic syndrome.,2
A new study published in BMJ suggests a possible link between air pollution and cardiovascular disease.,2
"The S&P 500 fell 2.4% on Friday amid concerns about slowing economic growth, analysts said.",2
"The crypto market fell 1.2% on Monday amid concerns about trade policy uncertainty, analysts said.",2
"New data from the Pew Research Center shows economic slowdown in finance, raising questions about long-term sustainability.",2
"New data from the Pew Research Center shows inflation surge in energy, raising questions about long-term sustainability.",2
Rising lithium prices are putting pressure on consumers as this quarter's GDP data continues to weigh on markets.,2
"The World Bank announced new guidelines on housing affordability, citing new scientific evidence as a key concern.",2
"Health authorities in South America have issued an advisory on food labeling, urging residents to take standard precautions.",2
"The FDA announced new guidelines on carbon emissions, citing regulatory pressure as a key concern.",2
"The S&P 500 fell 0.5% on Friday amid concerns about rising inflation, analysts said.",2
"The FDA announced new guidelines on AI regulation, citing public health concerns as a key concern.",2
Rising lithium prices are putting pressure on consumers as the surge in energy prices continues to weigh on markets.,2
A new study published in JAMA suggests a possible link between sedentary behavior and cardiovascular disease.,2
"The unemployment rate edged up to 1.2% in August, according to official figures.",2
A new study published in BMJ suggests a possible link between air pollution and type 2 diabetes.,2
"Health authorities in Western Europe have issued an advisory on remote work policies, urging residents to limit outdoor activity.",2
A report released by the United Nations warns that trade policy uncertainty could affect millions over the next decade.,2
"Health authorities in Southeast Asia have issued an advisory on food labeling, urging residents to stay indoors during peak hours.",2
"Tech companies face increased scrutiny over air quality standards, with regulators calling for independent audits.",2
"New data from the American Medical Association shows market correction in finance, raising questions about long-term sustainability.",2
"UNICEF announced new guidelines on air quality standards, citing new scientific evidence as a key concern.",2
A report released by the Congressional Budget Office warns that interest rate hikes could affect millions over the next decade.,2
Chicago officials are reviewing policies on food labeling following a rise in housing costs.,2
"The stock market fell 2.9% on Thursday amid concerns about interest rate hikes, analysts said.",2
Economists are divided on whether this quarter's GDP data signals the start of a broader labor shortage.,2
"New data from the Pew Research Center shows market correction in manufacturing, raising questions about long-term sustainability.",2
China announced a sweeping tax reform that has drawn mixed reactions from international observers.,2
"Health authorities in Southeast Asia have issued an advisory on AI regulation, urging residents to stay indoors during peak hours.",2
"The unemployment rate edged up to 2.9% in April, according to official figures.",2
"The IMF announced new guidelines on food labeling, citing new scientific evidence as a key concern.",2
A new study published in The New England Journal of Medicine suggests a possible link between artificial sweeteners and cardiovascular disease.,2
A new study published in The Lancet suggests a possible link between air pollution and type 2 diabetes.,2
"The World Bank announced new guidelines on remote work policies, citing new scientific evidence as a key concern.",2
China announced a new trade agreement that has drawn mixed reactions from international observers.,2
"Health authorities in the Asia-Pacific region have issued an advisory on cybersecurity, urging residents to limit outdoor activity.",2
"The unemployment rate edged up to 1.7% in January, according to official figures.",2
Economists are divided on whether this quarter's GDP data signals the start of a broader inflation surge.,2
A new study published in Nature suggests a possible link between alcohol and cognitive decline.,2
"Health authorities in the Asia-Pacific region have issued an advisory on mental health services, urging residents to stay indoors during peak hours.",2
A new study published in The New England Journal of Medicine suggests a possible link between red meat and cognitive decline.,2
"The unemployment rate edged up to 2.9% in October, according to official figures.",2
"The stock market fell 1.2% on Tuesday amid concerns about supply chain disruptions, analysts said.",2
"New data from the Pew Research Center shows productivity decline in retail, raising questions about long-term sustainability.",2
"The FDA announced new guidelines on data privacy, citing rising costs as a key concern.",2
Economists are divided on whether this quarter's GDP data signals the start of a broader productivity decline.,2
Rising oil prices are putting pressure on consumers as this quarter's GDP data continues to weigh on markets.,2
Los Angeles officials are reviewing policies on carbon emissions following a rise in small business closures.,2
"Health authorities in Western Europe have issued an advisory on AI regulation, urging residents to limit outdoor activity.",2
A new study published in Nature suggests a possible link between ultra-processed foods and cardiovascular disease.,2
"Health authorities in the Northeast have issued an advisory on housing affordability, urging residents to take standard precautions.",2
India announced a defence spending increase that has drawn mixed reactions from international observers.,2
Chicago officials are reviewing policies on carbon emissions following a rise in small business closures.,2
New York officials are reviewing policies on AI regulation following a rise in small business closures.,2
"UNICEF announced new guidelines on mental health services, citing rising costs as a key concern.",2
"New data from the Pew Research Center shows productivity decline in finance, raising questions about long-term sustainability.",2
"Amazon reported lower-than-expected earnings, sending shares down 2.4% in after-hours trading.",2
"Tech companies face increased scrutiny over carbon emissions, with regulators calling for consumer protections.",2
Economists are divided on whether the latest jobs report signals the start of a broader productivity decline.,2
"The Nasdaq fell 1.2% on Tuesday amid concerns about trade policy uncertainty, analysts said.",2
A new study published in Nature suggests a possible link between artificial sweeteners and cognitive decline.,2
"The Federal Reserve announced new guidelines on remote work policies, citing regulatory pressure as a key concern.",2
"Tech companies face increased scrutiny over housing affordability, with regulators calling for consumer protections.",2
"Apple reported lower-than-expected earnings, sending shares down 0.5% in after-hours trading.",2
"Health authorities in Western Europe have issued an advisory on AI regulation, urging residents to take standard precautions.",2
"Health authorities in the Northeast have issued an advisory on cybersecurity, urging residents to stay indoors during peak hours.",2
Los Angeles officials are reviewing policies on food labeling following a rise in small business closures.,2
A report released by the American Medical Association warns that interest rate hikes could affect millions over the next decade.,2
the UK announced a renewable energy mandate that has drawn mixed reactions from international observers.,2
"The Nasdaq fell 3.1% on Tuesday amid concerns about geopolitical tensions, analysts said.",2
"Meta reported lower-than-expected earnings, sending shares down 1.7% in after-hours trading.",2
"The Federal Reserve announced new guidelines on data privacy, citing new scientific evidence as a key concern.",2
A report released by the OECD warns that supply chain disruptions could affect millions over the next decade.,2
"Tech companies face increased scrutiny over AI regulation, with regulators calling for independent audits.",2
Chicago officials are reviewing policies on housing affordability following a rise in traffic incidents.,2
A new study published in Science suggests a possible link between red meat and cardiovascular disease.,2
"The WHO announced new guidelines on air quality standards, citing regulatory pressure as a key concern.",2
"Health authorities in Southeast Asia have issued an advisory on remote work policies, urging residents to stay indoors during peak hours.",2
San Francisco officials are reviewing policies on food labeling following a rise in homelessness rates.,2
"The bond market fell 0.8% on Thursday amid concerns about geopolitical tensions, analysts said.",2
"The World Bank announced new guidelines on carbon emissions, citing rising costs as a key concern.",2
"The Federal Reserve announced new guidelines on carbon emissions, citing public health concerns as a key concern.",2
Japan announced a sweeping tax reform that has drawn mixed reactions from international observers.,2
"The CDC announced new guidelines on food labeling, citing regulatory pressure as a key concern.",2
"The crypto market fell 1.2% on Thursday amid concerns about slowing economic growth, analysts said.",2
"New data from the American Medical Association shows economic slowdown in retail, raising questions about long-term sustainability.",2
"The Federal Reserve announced new guidelines on cybersecurity, citing public health concerns as a key concern.",2
"New data from the Pew Research Center shows labor shortage in technology, raising questions about long-term sustainability.",2
A report released by the United Nations warns that supply chain disruptions could affect millions over the next decade.,2
A new study published in The New England Journal of Medicine suggests a possible link between ultra-processed foods and cardiovascular disease.,2
"The unemployment rate edged down to 1.2% in September, according to official figures.",2
"Tesla reported lower-than-expected earnings, sending shares down 2.9% in after-hours trading.",2
"New data from the OECD shows labor shortage in manufacturing, raising questions about long-term sustainability.",2
"The WHO announced new guidelines on remote work policies, citing increased consumer demand as a key concern.",2
"The World Bank announced new guidelines on remote work policies, citing increased consumer demand as a key concern.",2
A new study published in BMJ suggests a possible link between red meat and type 2 diabetes.,2
LEAKED: Secret document proves World health authorities has concealed a leaked Pentagon file on alien contact. Secret files released by a brave insider confirm every detail.,0
They don't want you to see this: Rothschild-backed organizations funded the suppression of a leaked Pentagon file on alien contact. The truth is finally coming out — spread this before it's banned.,0
COVER-UP EXPOSED: Intelligence agencies staged a leaked Pentagon file on alien contact. The truth is finally coming out — spread this before it's banned.,0
URGENT: What they're hiding from you — Shadow government officials orchestrated proof that the earth is flat and NASA has been lying. WWG1WGA — the storm is coming and the truth will be revealed.,0
BREAKING: Whistleblower reveals Deep state operatives engineered the disappearance of documents linking George Soros to election rigging. The truth is finally coming out — spread this before it's banned.,0
DEEP STATE EXPOSED: World health authorities funded the suppression of evidence that 5G towers cause neurological damage. WWG1WGA — the storm is coming and the truth will be revealed.,0
What the mainstream media won't tell you: The Illuminati is hiding a cure for cancer that has existed for decades. Share this immediately. They are watching and will scrub this post.,0
They don't want you to see this: Global elites engineered the disappearance of a whistleblower's report on adrenochrome harvesting. WWG1WGA — the storm is coming and the truth will be revealed.,0
BOMBSHELL: Insider exposes Deep state operatives is actively suppressing evidence that the moon landing was filmed in a studio. Multiple credible witnesses have confirmed this but been silenced.,0
BREAKING: Whistleblower reveals Underground networks engineered the disappearance of a cure for cancer that has existed for decades. WWG1WGA — the storm is coming and the truth will be revealed.,0
URGENT: What they're hiding from you — World health authorities is hiding data showing chemtrails are used for population control. Multiple credible witnesses have confirmed this but been silenced.,0
DEEP STATE EXPOSED: Rothschild-backed organizations is hiding footage of crisis actors at staged mass shootings. Anonymous insiders say the cover-up goes all the way to the top.,0
BREAKING: Whistleblower reveals Intelligence agencies funded the suppression of proof that the earth is flat and NASA has been lying. Leaked documents confirm this has been known for years.,0
CRISIS ACTOR PROOF: Tech billionaires is actively suppressing documents linking George Soros to election rigging. This information was removed from the internet within hours.,0
BREAKING: Whistleblower reveals The government is running a cover-up on evidence that the 2020 election was stolen via Dominion machines. Leaked documents confirm this has been known for years.,0
BREAKING: Whistleblower reveals Deep state operatives is actively suppressing documents proving COVID-19 was a planned bioweapon. A whistleblower who worked inside the organization has come forward.,0
URGENT: What they're hiding from you — Tech billionaires has concealed records showing fluoride is used for mind control. This information was removed from the internet within hours.,0
COVER-UP EXPOSED: Shadow government officials has manipulated data to conceal classified files on weather manipulation via HAARP. They don't want you to know this — share before it gets deleted.,0
BOMBSHELL: Insider exposes The government deliberately destroyed evidence of a leaked Pentagon file on alien contact. They don't want you to know this — share before it gets deleted.,0
SUPPRESSED STUDY: The Illuminati has been censoring evidence that the moon landing was filmed in a studio. This is what the mainstream media refuses to report.,0
URGENT: What they're hiding from you — The Illuminati has been covering up footage of crisis actors at staged mass shootings. The truth is finally coming out — spread this before it's banned.,0
BANNED TRUTH: Deep state operatives has concealed evidence that the 2020 election was stolen via Dominion machines. They don't want you to know this — share before it gets deleted.,0
FALSE FLAG CONFIRMED: Intelligence agencies is hiding footage of crisis actors at staged mass shootings. Anonymous insiders say the cover-up goes all the way to the top.,0
BOMBSHELL: Insider exposes Rothschild-backed organizations has concealed a whistleblower's report on adrenochrome harvesting. Anonymous insiders say the cover-up goes all the way to the top.,0
BREAKING: Whistleblower reveals CIA officials engineered the disappearance of documents proving COVID-19 was a planned bioweapon. A whistleblower who worked inside the organization has come forward.,0
SUPPRESSED STUDY: The government deliberately destroyed evidence of proof that vaccines contain tracking microchips. The evidence has been suppressed by powerful interests.,0
URGENT: What they're hiding from you — Secret cabals is running a cover-up on a whistleblower's report on adrenochrome harvesting. Secret files released by a brave insider confirm every detail.,0
BANNED TRUTH: Deep state operatives has been covering up a whistleblower's report on adrenochrome harvesting. A whistleblower who worked inside the organization has come forward.,0
BANNED TRUTH: Underground networks orchestrated evidence that 5G towers cause neurological damage. This is what the mainstream media refuses to report.,0
They don't want you to see this: The Illuminati is actively suppressing proof that the earth is flat and NASA has been lying. Leaked documents confirm this has been known for years.,0
BREAKING: Whistleblower reveals Deep state operatives engineered the disappearance of a cure for cancer that has existed for decades. Share this immediately. They are watching and will scrub this post.,0
FALSE FLAG CONFIRMED: Secret cabals has concealed classified files on weather manipulation via HAARP. The truth is finally coming out — spread this before it's banned.,0
They don't want you to see this: The New World Order orchestrated records showing fluoride is used for mind control. Fact-checkers funded by Big Pharma are calling this 'false' — that alone proves it's true.,0
BANNED TRUTH: The Illuminati is hiding proof that vaccines contain tracking microchips. WWG1WGA — the storm is coming and the truth will be revealed.,0
BANNED TRUTH: Global elites is running a cover-up on evidence that the moon landing was filmed in a studio. This information was removed from the internet within hours.,0
URGENT: What they're hiding from you — The New World Order staged documents linking George Soros to election rigging. Fact-checkers funded by Big Pharma are calling this 'false' — that alone proves it's true.,0
FALSE FLAG CONFIRMED: Underground networks has manipulated data to conceal footage of crisis actors at staged mass shootings. WWG1WGA — the storm is coming and the truth will be revealed.,0
What the mainstream media won't tell you: Secret cabals orchestrated data showing chemtrails are used for population control. Secret files released by a brave insider confirm every detail.,0
BOMBSHELL: Insider exposes The New World Order has manipulated data to conceal evidence that the 2020 election was stolen via Dominion machines. WWG1WGA — the storm is coming and the truth will be revealed.,0
COVER-UP EXPOSED: Shadow government officials is running a cover-up on a cure for cancer that has existed for decades. This information was removed from the internet within hours.,0
LEAKED: Secret document proves CIA officials engineered the disappearance of a leaked Pentagon file on alien contact. Multiple credible witnesses have confirmed this but been silenced.,0
SUPPRESSED STUDY: World health authorities has been fabricating a leaked Pentagon file on alien contact. This is what the mainstream media refuses to report.,0
SUPPRESSED STUDY: The Illuminati deliberately destroyed evidence of a whistleblower's report on adrenochrome harvesting. Fact-checkers funded by Big Pharma are calling this 'false' — that alone proves it's true.,0
URGENT: What they're hiding from you — Tech billionaires funded the suppression of data showing chemtrails are used for population control. Secret files released by a brave insider confirm every detail.,0
URGENT: What they're hiding from you — Shadow government officials funded the suppression of documents linking George Soros to election rigging. The truth is finally coming out — spread this before it's banned.,0
LEAKED: Secret document proves Secret cabals has been covering up documents proving COVID-19 was a planned bioweapon. They don't want you to know this — share before it gets deleted.,0
BOMBSHELL: Insider exposes Shadow government officials is actively suppressing proof that vaccines contain tracking microchips. The evidence has been suppressed by powerful interests.,0
BREAKING: Whistleblower reveals The New World Order is running a cover-up on evidence that the moon landing was filmed in a studio. The truth is finally coming out — spread this before it's banned.,0
BOMBSHELL: Insider exposes Global elites is running a cover-up on evidence that the 2020 election was stolen via Dominion machines. This information was removed from the internet within hours.,0
DEEP STATE EXPOSED: CIA officials orchestrated classified files on weather manipulation via HAARP. The truth is finally coming out — spread this before it's banned.,0
LEAKED: Secret document proves The Illuminati has been fabricating the real cause of climate change — solar weapon testing. Fact-checkers funded by Big Pharma are calling this 'false' — that alone proves it's true.,0
BOMBSHELL: Insider exposes CIA officials is hiding a cure for cancer that has existed for decades. This is what the mainstream media refuses to report.,0
SUPPRESSED STUDY: Big Pharma has been censoring documents linking George Soros to election rigging. Deep state operatives have threatened those who speak out.,0
They don't want you to see this: CIA officials has concealed evidence that the 2020 election was stolen via Dominion machines. The evidence has been suppressed by powerful interests.,0
CRISIS ACTOR PROOF: Tech billionaires has concealed data showing chemtrails are used for population control. Share this immediately. They are watching and will scrub this post.,0
They don't want you to see this: Tech billionaires engineered the disappearance of evidence that the 2020 election was stolen via Dominion machines. This is what the mainstream media refuses to report.,0
URGENT: What they're hiding from you — The Illuminati has been fabricating evidence that the 2020 election was stolen via Dominion machines. They don't want you to know this — share before it gets deleted.,0
URGENT: What they're hiding from you — The government orchestrated evidence that the moon landing was filmed in a studio. Leaked documents confirm this has been known for years.,0
They don't want you to see this: Secret cabals engineered the disappearance of a cure for cancer that has existed for decades. The evidence has been suppressed by powerful interests.,0
LEAKED: Secret document proves Intelligence agencies staged a leaked Pentagon file on alien contact. Fact-checkers funded by Big Pharma are calling this 'false' — that alone proves it's true.,0
CRISIS ACTOR PROOF: Underground networks deliberately destroyed evidence of records showing fluoride is used for mind control. This information was removed from the internet within hours.,0
FALSE FLAG CONFIRMED: Shadow government officials engineered the disappearance of records showing fluoride is used for mind control. A whistleblower who worked inside the organization has come forward.,0
What the mainstream media won't tell you: Rothschild-backed organizations has been fabricating a whistleblower's report on adrenochrome harvesting. Secret files released by a brave insider confirm every detail.,0
CRISIS ACTOR PROOF: Deep state operatives deliberately destroyed evidence of proof that vaccines contain tracking microchips. This is what the mainstream media refuses to report.,0
URGENT: What they're hiding from you — Rothschild-backed organizations is hiding a leaked Pentagon file on alien contact. Secret files released by a brave insider confirm every detail.,0
BREAKING: Whistleblower reveals CIA officials has been fabricating records showing fluoride is used for mind control. Leaked documents confirm this has been known for years.,0
SUPPRESSED STUDY: The New World Order has concealed a whistleblower's report on adrenochrome harvesting. The truth is finally coming out — spread this before it's banned.,0
LEAKED: Secret document proves Intelligence agencies is hiding evidence that 5G towers cause neurological damage. They don't want you to know this — share before it gets deleted.,0
What the mainstream media won't tell you: Globalist forces is running a cover-up on documents linking George Soros to election rigging. WWG1WGA — the storm is coming and the truth will be revealed.,0
CRISIS ACTOR PROOF: Rothschild-backed organizations engineered the disappearance of proof that the earth is flat and NASA has been lying. The truth is finally coming out — spread this before it's banned.,0
BREAKING: Whistleblower reveals Tech billionaires has manipulated data to conceal proof that vaccines contain tracking microchips. This information was removed from the internet within hours.,0
SUPPRESSED STUDY: Secret cabals funded the suppression of proof that the earth is flat and NASA has been lying. The truth is finally coming out — spread this before it's banned.,0
DEEP STATE EXPOSED: The Illuminati is hiding records showing fluoride is used for mind control. Secret files released by a brave insider confirm every detail.,0
DEEP STATE EXPOSED: CIA officials has concealed a cure for cancer that has existed for decades. WWG1WGA — the storm is coming and the truth will be revealed.,0
LEAKED: Secret document proves Rothschild-backed organizations engineered the disappearance of a leaked Pentagon file on alien contact. A whistleblower who worked inside the organization has come forward.,0
They don't want you to see this: Tech billionaires engineered the disappearance of evidence that 5G towers cause neurological damage. This is what the mainstream media refuses to report.,0
FALSE FLAG CONFIRMED: Deep state operatives is running a cover-up on proof that vaccines contain tracking microchips. This information was removed from the internet within hours.,0
SUPPRESSED STUDY: Underground networks is running a cover-up on evidence that the 2020 election was stolen via Dominion machines. WWG1WGA — the storm is coming and the truth will be revealed.,0
DEEP STATE EXPOSED: Underground networks has been censoring footage of crisis actors at staged mass shootings. WWG1WGA — the storm is coming and the truth will be revealed.,0
CRISIS ACTOR PROOF: Underground networks is running a cover-up on a leaked Pentagon file on alien contact. A whistleblower who worked inside the organization has come forward.,0
LEAKED: Secret document proves CIA officials deliberately destroyed evidence of a cure for cancer that has existed for decades. Leaked documents confirm this has been known for years.,0
What the mainstream media won't tell you: Intelligence agencies orchestrated proof that the earth is flat and NASA has been lying. Secret files released by a brave insider confirm every detail.,0
BOMBSHELL: Insider exposes The New World Order staged proof that the earth is flat and NASA has been lying. WWG1WGA — the storm is coming and the truth will be revealed.,0
CRISIS ACTOR PROOF: The New World Order engineered the disappearance of classified files on weather manipulation via HAARP. Secret files released by a brave insider confirm every detail.,0
URGENT: What they're hiding from you — Underground networks has concealed documents proving COVID-19 was a planned bioweapon. This is what the mainstream media refuses to report.,0
BOMBSHELL: Insider exposes The Illuminati engineered the disappearance of evidence that the 2020 election was stolen via Dominion machines. This is what the mainstream media refuses to report.,0
COVER-UP EXPOSED: The New World Order staged classified files on weather manipulation via HAARP. This information was removed from the internet within hours.,0
What the mainstream media won't tell you: Globalist forces has been fabricating classified files on weather manipulation via HAARP. This is what the mainstream media refuses to report.,0
URGENT: What they're hiding from you — Underground networks funded the suppression of documents linking George Soros to election rigging. WWG1WGA — the storm is coming and the truth will be revealed.,0
BREAKING: Whistleblower reveals The New World Order has concealed proof that the earth is flat and NASA has been lying. This is what the mainstream media refuses to report.,0
BOMBSHELL: Insider exposes Intelligence agencies has been fabricating proof that vaccines contain tracking microchips. They don't want you to know this — share before it gets deleted.,0
SUPPRESSED STUDY: The Illuminati has concealed proof that the earth is flat and NASA has been lying. Multiple credible witnesses have confirmed this but been silenced.,0
BREAKING: Whistleblower reveals Globalist forces funded the suppression of documents linking George Soros to election rigging. This is what the mainstream media refuses to report.,0
DEEP STATE EXPOSED: Underground networks has been censoring footage of crisis actors at staged mass shootings. Share this immediately. They are watching and will scrub this post.,0
DEEP STATE EXPOSED: Tech billionaires has concealed a cure for cancer that has existed for decades. Secret files released by a brave insider confirm every detail.,0
LEAKED: Secret document proves Deep state operatives engineered the disappearance of the real cause of climate change — solar weapon testing. Deep state operatives have threatened those who speak out.,0
CRISIS ACTOR PROOF: The New World Order engineered the disappearance of evidence that the 2020 election was stolen via Dominion machines. WWG1WGA — the storm is coming and the truth will be revealed.,0
They don't want you to see this: The government staged evidence that the 2020 election was stolen via Dominion machines. A whistleblower who worked inside the organization has come forward.,0
COVER-UP EXPOSED: Intelligence agencies orchestrated proof that the earth is flat and NASA has been lying. Anonymous insiders say the cover-up goes all the way to the top.,0
BREAKING: Whistleblower reveals Deep state operatives has concealed proof that vaccines contain tracking microchips. Secret files released by a brave insider confirm every detail.,0
They don't want you to see this: CIA officials has been covering up proof that vaccines contain tracking microchips. This information was removed from the internet within hours.,0
URGENT: What they're hiding from you — Intelligence agencies has been covering up proof that the earth is flat and NASA has been lying. WWG1WGA — the storm is coming and the truth will be revealed.,0
They don't want you to see this: Big Pharma engineered the disappearance of proof that vaccines contain tracking microchips. Leaked documents confirm this has been known for years.,0
URGENT: What they're hiding from you — Shadow government officials engineered the disappearance of evidence that 5G towers cause neurological damage. Secret files released by a brave insider confirm every detail.,0
SUPPRESSED STUDY: Deep state operatives has manipulated data to conceal proof that vaccines contain tracking microchips. Multiple credible witnesses have confirmed this but been silenced.,0
They don't want you to see this: CIA officials funded the suppression of a leaked Pentagon file on alien contact. The truth is finally coming out — spread this before it's banned.,0
CRISIS ACTOR PROOF: Tech billionaires orchestrated data showing chemtrails are used for population control. They don't want you to know this — share before it gets deleted.,0
COVER-UP EXPOSED: Underground networks has been censoring proof that vaccines contain tracking microchips. This information was removed from the internet within hours.,0
COVER-UP EXPOSED: The Illuminati is running a cover-up on proof that vaccines contain tracking microchips. The evidence has been suppressed by powerful interests.,0
DEEP STATE EXPOSED: Tech billionaires staged proof that the earth is flat and NASA has been lying. The truth is finally coming out — spread this before it's banned.,0
LEAKED: Secret document proves Rothschild-backed organizations is running a cover-up on evidence that the 2020 election was stolen via Dominion machines. This is what the mainstream media refuses to report.,0
LEAKED: Secret document proves CIA officials deliberately destroyed evidence of evidence that the 2020 election was stolen via Dominion machines. WWG1WGA — the storm is coming and the truth will be revealed.,0
COVER-UP EXPOSED: The Illuminati engineered the disappearance of proof that vaccines contain tracking microchips. WWG1WGA — the storm is coming and the truth will be revealed.,0
URGENT: What they're hiding from you — The Illuminati has manipulated data to conceal proof that vaccines contain tracking microchips. Deep state operatives have threatened those who speak out.,0
BOMBSHELL: Insider exposes Global elites is hiding proof that the earth is flat and NASA has been lying. Anonymous insiders say the cover-up goes all the way to the top.,0
URGENT: What they're hiding from you — Deep state operatives engineered the disappearance of evidence that 5G towers cause neurological damage. WWG1WGA — the storm is coming and the truth will be revealed.,0
DEEP STATE EXPOSED: Shadow government officials has been fabricating evidence that the 2020 election was stolen via Dominion machines. The evidence has been suppressed by powerful interests.,0
FALSE FLAG CONFIRMED: The government has been fabricating a leaked Pentagon file on alien contact. Multiple credible witnesses have confirmed this but been silenced.,0
URGENT: What they're hiding from you — Intelligence agencies has concealed a cure for cancer that has existed for decades. Share this immediately. They are watching and will scrub this post.,0
COVER-UP EXPOSED: Secret cabals is actively suppressing evidence that the 2020 election was stolen via Dominion machines. Fact-checkers funded by Big Pharma are calling this 'false' — that alone proves it's true.,0
What the mainstream media won't tell you: The government is actively suppressing documents proving COVID-19 was a planned bioweapon. This is what the mainstream media refuses to report.,0
SUPPRESSED STUDY: Shadow government officials staged data showing chemtrails are used for population control. This is what the mainstream media refuses to report.,0
BOMBSHELL: Insider exposes Deep state operatives staged a whistleblower's report on adrenochrome harvesting. This information was removed from the internet within hours.,0
SUPPRESSED STUDY: Secret cabals orchestrated a leaked Pentagon file on alien contact. Deep state operatives have threatened those who speak out.,0
BOMBSHELL: Insider exposes Globalist forces is actively suppressing proof that vaccines contain tracking microchips. This information was removed from the internet within hours.,0
URGENT: What they're hiding from you — Secret cabals staged documents linking George Soros to election rigging. This information was removed from the internet within hours.,0
BANNED TRUTH: Rothschild-backed organizations has concealed footage of crisis actors at staged mass shootings. The evidence has been suppressed by powerful interests.,0
DEEP STATE EXPOSED: Globalist forces deliberately destroyed evidence of a cure for cancer that has existed for decades. WWG1WGA — the storm is coming and the truth will be revealed.,0
DEEP STATE EXPOSED: Big Pharma has been censoring evidence that the moon landing was filmed in a studio. Multiple credible witnesses have confirmed this but been silenced.,0
BOMBSHELL: Insider exposes Intelligence agencies has been fabricating evidence that 5G towers cause neurological damage. The evidence has been suppressed by powerful interests.,0
SUPPRESSED STUDY: CIA officials is hiding proof that vaccines contain tracking microchips. This is what the mainstream media refuses to report.,0
CRISIS ACTOR PROOF: Rothschild-backed organizations is running a cover-up on proof that the earth is flat and NASA has been lying. Secret files released by a brave insider confirm every detail.,0
DEEP STATE EXPOSED: Deep state operatives has concealed records showing fluoride is used for mind control. This is what the mainstream media refuses to report.,0
CRISIS ACTOR PROOF: Big Pharma deliberately destroyed evidence of documents linking George Soros to election rigging. WWG1WGA — the storm is coming and the truth will be revealed.,0
SUPPRESSED STUDY: CIA officials is hiding the real cause of climate change — solar weapon testing. The truth is finally coming out — spread this before it's banned.,0
What the mainstream media won't tell you: The Illuminati engineered the disappearance of data showing chemtrails are used for population control. Fact-checkers funded by Big Pharma are calling this 'false' — that alone proves it's true.,0
FALSE FLAG CONFIRMED: Rothschild-backed organizations has concealed evidence that the 2020 election was stolen via Dominion machines. This is what the mainstream media refuses to report.,0
URGENT: What they're hiding from you — Globalist forces is hiding documents proving COVID-19 was a planned bioweapon. Fact-checkers funded by Big Pharma are calling this 'false' — that alone proves it's true.,0
DEEP STATE EXPOSED: Shadow government officials is hiding proof that the earth is flat and NASA has been lying. A whistleblower who worked inside the organization has come forward.,0
BREAKING: Whistleblower reveals Intelligence agencies deliberately destroyed evidence of classified files on weather manipulation via HAARP. The evidence has been suppressed by powerful interests.,0
CRISIS ACTOR PROOF: Rothschild-backed organizations has been fabricating evidence that 5G towers cause neurological damage. Share this immediately. They are watching and will scrub this post.,0
BOMBSHELL: Insider exposes Shadow government officials staged a whistleblower's report on adrenochrome harvesting. This is what the mainstream media refuses to report.,0
LEAKED: Secret document proves Deep state operatives orchestrated proof that the earth is flat and NASA has been lying. Multiple credible witnesses have confirmed this but been silenced.,0
DEEP STATE EXPOSED: The government is running a cover-up on evidence that 5G towers cause neurological damage. A whistleblower who worked inside the organization has come forward.,0
COVER-UP EXPOSED: The New World Order engineered the disappearance of records showing fluoride is used for mind control. This information was removed from the internet within hours.,0
LEAKED: Secret document proves Shadow government officials has manipulated data to conceal documents proving COVID-19 was a planned bioweapon. Fact-checkers funded by Big Pharma are calling this 'false' — that alone proves it's true.,0
URGENT: What they're hiding from you — Intelligence agencies is hiding the real cause of climate change — solar weapon testing. WWG1WGA — the storm is coming and the truth will be revealed.,0
BANNED TRUTH: Globalist forces has been covering up data showing chemtrails are used for population control. Leaked documents confirm this has been known for years.,0
CRISIS ACTOR PROOF: Tech billionaires is running a cover-up on records showing fluoride is used for mind control. Secret files released by a brave insider confirm every detail.,0
BREAKING: Whistleblower reveals Deep state operatives has been censoring documents linking George Soros to election rigging. The truth is finally coming out — spread this before it's banned.,0
DEEP STATE EXPOSED: The Illuminati staged footage of crisis actors at staged mass shootings. Deep state operatives have threatened those who speak out.,0
LEAKED: Secret document proves Deep state operatives has been fabricating records showing fluoride is used for mind control. Multiple credible witnesses have confirmed this but been silenced.,0
What the mainstream media won't tell you: The government has manipulated data to conceal evidence that 5G towers cause neurological damage. Multiple credible witnesses have confirmed this but been silenced.,0
URGENT: What they're hiding from you — Global elites engineered the disappearance of classified files on weather manipulation via HAARP. This is what the mainstream media refuses to report.,0
COVER-UP EXPOSED: Rothschild-backed organizations is actively suppressing evidence that the 2020 election was stolen via Dominion machines. Multiple credible witnesses have confirmed this but been silenced.,0
FALSE FLAG CONFIRMED: Deep state operatives orchestrated classified files on weather manipulation via HAARP. WWG1WGA — the storm is coming and the truth will be revealed.,0
BANNED TRUTH: Shadow government officials funded the suppression of documents linking George Soros to election rigging. Multiple credible witnesses have confirmed this but been silenced.,0
FALSE FLAG CONFIRMED: Globalist forces is actively suppressing a whistleblower's report on adrenochrome harvesting. Secret files released by a brave insider confirm every detail.,0
URGENT: What they're hiding from you — CIA officials engineered the disappearance of a whistleblower's report on adrenochrome harvesting. The truth is finally coming out — spread this before it's banned.,0
They don't want you to see this: Underground networks engineered the disappearance of footage of crisis actors at staged mass shootings. A whistleblower who worked inside the organization has come forward.,0
CRISIS ACTOR PROOF: Global elites has been covering up the real cause of climate change — solar weapon testing. WWG1WGA — the storm is coming and the truth will be revealed.,0
URGENT: What they're hiding from you — The New World Order orchestrated evidence that 5G towers cause neurological damage. Anonymous insiders say the cover-up goes all the way to the top.,0
BREAKING: Whistleblower reveals Underground networks is running a cover-up on records showing fluoride is used for mind control. Fact-checkers funded by Big Pharma are calling this 'false' — that alone proves it's true.,0
BOMBSHELL: Insider exposes The New World Order funded the suppression of the real cause of climate change — solar weapon testing. Share this immediately. They are watching and will scrub this post.,0
FALSE FLAG CONFIRMED: Rothschild-backed organizations has been censoring evidence that 5G towers cause neurological damage. This is what the mainstream media refuses to report.,0
BOMBSHELL: Insider exposes Global elites has been censoring documents proving COVID-19 was a planned bioweapon. Leaked documents confirm this has been known for years.,0
COVER-UP EXPOSED: World health authorities has concealed a whistleblower's report on adrenochrome harvesting. They don't want you to know this — share before it gets deleted.,0
They don't want you to see this: Shadow government officials has been covering up documents linking George Soros to election rigging. The evidence has been suppressed by powerful interests.,0
They don't want you to see this: Globalist forces orchestrated documents proving COVID-19 was a planned bioweapon. This is what the mainstream media refuses to report.,0
CRISIS ACTOR PROOF: The New World Order has been censoring classified files on weather manipulation via HAARP. They don't want you to know this — share before it gets deleted.,0
BANNED TRUTH: The government engineered the disappearance of documents proving COVID-19 was a planned bioweapon. Leaked documents confirm this has been known for years.,0
FALSE FLAG CONFIRMED: Globalist forces is actively suppressing a whistleblower's report on adrenochrome harvesting. Leaked documents confirm this has been known for years.,0
They don't want you to see this: Shadow government officials has concealed proof that the earth is flat and NASA has been lying. Fact-checkers funded by Big Pharma are calling this 'false' — that alone proves it's true.,0
DEEP STATE EXPOSED: The Illuminati staged a whistleblower's report on adrenochrome harvesting. WWG1WGA — the storm is coming and the truth will be revealed.,0
BREAKING: Whistleblower reveals Intelligence agencies has been covering up documents linking George Soros to election rigging. Secret files released by a brave insider confirm every detail.,0
DEEP STATE EXPOSED: Deep state operatives has concealed classified files on weather manipulation via HAARP. WWG1WGA — the storm is coming and the truth will be revealed.,0
BOMBSHELL: Insider exposes Global elites deliberately destroyed evidence of a leaked Pentagon file on alien contact. Leaked documents confirm this has been known for years.,0
COVER-UP EXPOSED: World health authorities engineered the disappearance of records showing fluoride is used for mind control. WWG1WGA — the storm is coming and the truth will be revealed.,0
BREAKING: Whistleblower reveals World health authorities orchestrated records showing fluoride is used for mind control. Fact-checkers funded by Big Pharma are calling this 'false' — that alone proves it's true.,0
DEEP STATE EXPOSED: Intelligence agencies has been fabricating footage of crisis actors at staged mass shootings. Share this immediately. They are watching and will scrub this post.,0
DEEP STATE EXPOSED: The New World Order is actively suppressing footage of crisis actors at staged mass shootings. They don't want you to know this — share before it gets deleted.,0
COVER-UP EXPOSED: CIA officials orchestrated a leaked Pentagon file on alien contact. The evidence has been suppressed by powerful interests.,0
What the mainstream media won't tell you: Tech billionaires orchestrated documents proving COVID-19 was a planned bioweapon. Leaked documents confirm this has been known for years.,0
CRISIS ACTOR PROOF: Global elites deliberately destroyed evidence of evidence that 5G towers cause neurological damage. The evidence has been suppressed by powerful interests.,0
What the mainstream media won't tell you: Secret cabals has concealed evidence that the 2020 election was stolen via Dominion machines. WWG1WGA — the storm is coming and the truth will be revealed.,0
BOMBSHELL: Insider exposes The government is hiding footage of crisis actors at staged mass shootings. This is what the mainstream media refuses to report.,0
BOMBSHELL: Insider exposes The New World Order funded the suppression of proof that the earth is flat and NASA has been lying. Deep state operatives have threatened those who speak out.,0
BOMBSHELL: Insider exposes Intelligence agencies deliberately destroyed evidence of a cure for cancer that has existed for decades. Leaked documents confirm this has been known for years.,0
BREAKING: Whistleblower reveals World health authorities has manipulated data to conceal the real cause of climate change — solar weapon testing. Anonymous insiders say the cover-up goes all the way to the top.,0
BREAKING: Whistleblower reveals Deep state operatives is running a cover-up on documents proving COVID-19 was a planned bioweapon. Anonymous insiders say the cover-up goes all the way to the top.,0
BREAKING: Whistleblower reveals Globalist forces is hiding footage of crisis actors at staged mass shootings. Leaked documents confirm this has been known for years.,0
BANNED TRUTH: Globalist forces is actively suppressing a leaked Pentagon file on alien contact. Fact-checkers funded by Big Pharma are calling this 'false' — that alone proves it's true.,0
SUPPRESSED STUDY: Secret cabals has manipulated data to conceal footage of crisis actors at staged mass shootings. Multiple credible witnesses have confirmed this but been silenced.,0
BOMBSHELL: Insider exposes Intelligence agencies funded the suppression of classified files on weather manipulation via HAARP. The truth is finally coming out — spread this before it's banned.,0
BOMBSHELL: Insider exposes CIA officials orchestrated evidence that the 2020 election was stolen via Dominion machines. This is what the mainstream media refuses to report.,0
LEAKED: Secret document proves The government is running a cover-up on a cure for cancer that has existed for decades. Fact-checkers funded by Big Pharma are calling this 'false' — that alone proves it's true.,0
FALSE FLAG CONFIRMED: The Illuminati is running a cover-up on data showing chemtrails are used for population control. Fact-checkers funded by Big Pharma are calling this 'false' — that alone proves it's true.,0
CRISIS ACTOR PROOF: Secret cabals orchestrated data showing chemtrails are used for population control. The truth is finally coming out — spread this before it's banned.,0
What the mainstream media won't tell you: Tech billionaires funded the suppression of proof that the earth is flat and NASA has been lying. They don't want you to know this — share before it gets deleted.,0
BREAKING: Whistleblower reveals Deep state operatives is running a cover-up on a cure for cancer that has existed for decades. WWG1WGA — the storm is coming and the truth will be revealed.,0
BREAKING: Whistleblower reveals Shadow government officials has manipulated data to conceal a whistleblower's report on adrenochrome harvesting. This is what the mainstream media refuses to report.,0
BOMBSHELL: Insider exposes The Illuminati is actively suppressing classified files on weather manipulation via HAARP. The evidence has been suppressed by powerful interests.,0
LEAKED: Secret document proves Underground networks is hiding evidence that the moon landing was filmed in a studio. They don't want you to know this — share before it gets deleted.,0
BOMBSHELL: Insider exposes Rothschild-backed organizations has concealed a cure for cancer that has existed for decades. Deep state operatives have threatened those who speak out.,0
BANNED TRUTH: The Illuminati has been covering up documents linking George Soros to election rigging. Multiple credible witnesses have confirmed this but been silenced.,0
COVER-UP EXPOSED: World health authorities has concealed proof that the earth is flat and NASA has been lying. Anonymous insiders say the cover-up goes all the way to the top.,0
FALSE FLAG CONFIRMED: Global elites has concealed records showing fluoride is used for mind control. Anonymous insiders say the cover-up goes all the way to the top.,0
LEAKED: Secret document proves The government is running a cover-up on a cure for cancer that has existed for decades. They don't want you to know this — share before it gets deleted.,0
They don't want you to see this: Intelligence agencies deliberately destroyed evidence of a cure for cancer that has existed for decades. A whistleblower who worked inside the organization has come forward.,0
URGENT: What they're hiding from you — The New World Order deliberately destroyed evidence of evidence that 5G towers cause neurological damage. Secret files released by a brave insider confirm every detail.,0
BOMBSHELL: Insider exposes Intelligence agencies is actively suppressing data showing chemtrails are used for population control. Leaked documents confirm this has been known for years.,0
DEEP STATE EXPOSED: Big Pharma deliberately destroyed evidence of evidence that the moon landing was filmed in a studio. This is what the mainstream media refuses to report.,0
COVER-UP EXPOSED: CIA officials is running a cover-up on records showing fluoride is used for mind control. Secret files released by a brave insider confirm every detail.,0
They don't want you to see this: World health authorities is running a cover-up on proof that the earth is flat and NASA has been lying. Secret files released by a brave insider confirm every detail.,0
BREAKING: Whistleblower reveals CIA officials is actively suppressing proof that vaccines contain tracking microchips. The evidence has been suppressed by powerful interests.,0
BOMBSHELL: Insider exposes Secret cabals has concealed the real cause of climate change — solar weapon testing. Fact-checkers funded by Big Pharma are calling this 'false' — that alone proves it's true.,0
They don't want you to see this: Tech billionaires has manipulated data to conceal footage of crisis actors at staged mass shootings. They don't want you to know this — share before it gets deleted.,0
What the mainstream media won't tell you: The government is actively suppressing evidence that 5G towers cause neurological damage. This is what the mainstream media refuses to report.,0
FALSE FLAG CONFIRMED: The government is running a cover-up on a cure for cancer that has existed for decades. Share this immediately. They are watching and will scrub this post.,0
COVER-UP EXPOSED: Intelligence agencies is actively suppressing documents linking George Soros to election rigging. Secret files released by a brave insider confirm every detail.,0
URGENT: What they're hiding from you — Deep state operatives has manipulated data to conceal a leaked Pentagon file on alien contact. A whistleblower who worked inside the organization has come forward.,0
BOMBSHELL: Insider exposes The government deliberately destroyed evidence of the real cause of climate change — solar weapon testing. WWG1WGA — the storm is coming and the truth will be revealed.,0
LEAKED: Secret document proves Shadow government officials is actively suppressing evidence that the 2020 election was stolen via Dominion machines. Multiple credible witnesses have confirmed this but been silenced.,0
URGENT: What they're hiding from you — Underground networks has been censoring documents proving COVID-19 was a planned bioweapon. Anonymous insiders say the cover-up goes all the way to the top.,0
They don't want you to see this: Underground networks orchestrated evidence that 5G towers cause neurological damage. Leaked documents confirm this has been known for years.,0
DEEP STATE EXPOSED: The Illuminati is hiding classified files on weather manipulation via HAARP. The evidence has been suppressed by powerful interests.,0
LEAKED: Secret document proves The Illuminati has concealed a cure for cancer that has existed for decades. This information was removed from the internet within hours.,0
CRISIS ACTOR PROOF: Underground networks funded the suppression of evidence that the moon landing was filmed in a studio. The evidence has been suppressed by powerful interests.,0
BOMBSHELL: Insider exposes Shadow government officials is hiding footage of crisis actors at staged mass shootings. Secret files released by a brave insider confirm every detail.,0
LEAKED: Secret document proves Intelligence agencies orchestrated the real cause of climate change — solar weapon testing. This is what the mainstream media refuses to report.,0
FALSE FLAG CONFIRMED: World health authorities is actively suppressing records showing fluoride is used for mind control. Multiple credible witnesses have confirmed this but been silenced.,0
BREAKING: Whistleblower reveals Shadow government officials has manipulated data to conceal documents proving COVID-19 was a planned bioweapon. Secret files released by a brave insider confirm every detail.,0
FALSE FLAG CONFIRMED: The New World Order has been covering up evidence that 5G towers cause neurological damage. WWG1WGA — the storm is coming and the truth will be revealed.,0
LEAKED: Secret document proves The New World Order has been censoring documents linking George Soros to election rigging. Deep state operatives have threatened those who speak out.,0
BOMBSHELL: Insider exposes Big Pharma is running a cover-up on a cure for cancer that has existed for decades. This is what the mainstream media refuses to report.,0
FALSE FLAG CONFIRMED: Shadow government officials is running a cover-up on classified files on weather manipulation via HAARP. They don't want you to know this — share before it gets deleted.,0
BREAKING: Whistleblower reveals The Illuminati is running a cover-up on documents proving COVID-19 was a planned bioweapon. The truth is finally coming out — spread this before it's banned.,0
DEEP STATE EXPOSED: Deep state operatives has been fabricating a leaked Pentagon file on alien contact. Fact-checkers funded by Big Pharma are calling this 'false' — that alone proves it's true.,0
SUPPRESSED STUDY: Big Pharma has concealed footage of crisis actors at staged mass shootings. WWG1WGA — the storm is coming and the truth will be revealed.,0
What the mainstream media won't tell you: The New World Order staged evidence that the moon landing was filmed in a studio. Fact-checkers funded by Big Pharma are calling this 'false' — that alone proves it's true.,0
What the mainstream media won't tell you: Big Pharma deliberately destroyed evidence of evidence that the 2020 election was stolen via Dominion machines. Deep state operatives have threatened those who speak out.,0
LEAKED: Secret document proves Global elites deliberately destroyed evidence of evidence that the 2020 election was stolen via Dominion machines. This is what the mainstream media refuses to report.,0
COVER-UP EXPOSED: The New World Order funded the suppression of the real cause of climate change — solar weapon testing. A whistleblower who worked inside the organization has come forward.,0
SUPPRESSED STUDY: The government has been covering up evidence that 5G towers cause neurological damage. Secret files released by a brave insider confirm every detail.,0
DEEP STATE EXPOSED: Underground networks staged records showing fluoride is used for mind control. The evidence has been suppressed by powerful interests.,0
They don't want you to see this: The government orchestrated the real cause of climate change — solar weapon testing. Multiple credible witnesses have confirmed this but been silenced.,0
FALSE FLAG CONFIRMED: The Illuminati has been covering up documents linking George Soros to election rigging. This is what the mainstream media refuses to report.,0
BOMBSHELL: Insider exposes The government orchestrated classified files on weather manipulation via HAARP. A whistleblower who worked inside the organization has come forward.,0
CRISIS ACTOR PROOF: Tech billionaires is actively suppressing classified files on weather manipulation via HAARP. A whistleblower who worked inside the organization has come forward.,0
DEEP STATE EXPOSED: Secret cabals is hiding a leaked Pentagon file on alien contact. The truth is finally coming out — spread this before it's banned.,0
LEAKED: Secret document proves Tech billionaires engineered the disappearance of evidence that the 2020 election was stolen via Dominion machines. Multiple credible witnesses have confirmed this but been silenced.,0
What the mainstream media won't tell you: Secret cabals funded the suppression of data showing chemtrails are used for population control. Deep state operatives have threatened those who speak out.,0
URGENT: What they're hiding from you — Rothschild-backed organizations has been covering up a leaked Pentagon file on alien contact. The evidence has been suppressed by powerful interests.,0
SUPPRESSED STUDY: Secret cabals has been covering up documents proving COVID-19 was a planned bioweapon. Anonymous insiders say the cover-up goes all the way to the top.,0
They don't want you to see this: Intelligence agencies has been covering up documents linking George Soros to election rigging. Share this immediately. They are watching and will scrub this post.,0
They don't want you to see this: Underground networks funded the suppression of evidence that the moon landing was filmed in a studio. Anonymous insiders say the cover-up goes all the way to the top.,0
BOMBSHELL: Insider exposes Rothschild-backed organizations engineered the disappearance of footage of crisis actors at staged mass shootings. Multiple credible witnesses have confirmed this but been silenced.,0
COVER-UP EXPOSED: The government orchestrated evidence that 5G towers cause neurological damage. Anonymous insiders say the cover-up goes all the way to the top.,0
What the mainstream media won't tell you: World health authorities staged documents proving COVID-19 was a planned bioweapon. They don't want you to know this — share before it gets deleted.,0
COVER-UP EXPOSED: Big Pharma staged documents linking George Soros to election rigging. Secret files released by a brave insider confirm every detail.,0
URGENT: What they're hiding from you — Globalist forces has been fabricating evidence that 5G towers cause neurological damage. They don't want you to know this — share before it gets deleted.,0
BREAKING: Whistleblower reveals The New World Order is hiding proof that vaccines contain tracking microchips. The evidence has been suppressed by powerful interests.,0
What the mainstream media won't tell you: Deep state operatives has manipulated data to conceal a cure for cancer that has existed for decades. They don't want you to know this — share before it gets deleted.,0
URGENT: What they're hiding from you — Big Pharma funded the suppression of evidence that the 2020 election was stolen via Dominion machines. A whistleblower who worked inside the organization has come forward.,0
CRISIS ACTOR PROOF: CIA officials is actively suppressing data showing chemtrails are used for population control. Anonymous insiders say the cover-up goes all the way to the top.,0
FALSE FLAG CONFIRMED: Underground networks has been censoring evidence that the 2020 election was stolen via Dominion machines. A whistleblower who worked inside the organization has come forward.,0
COVER-UP EXPOSED: Tech billionaires is running a cover-up on proof that the earth is flat and NASA has been lying. Anonymous insiders say the cover-up goes all the way to the top.,0
What the mainstream media won't tell you: Globalist forces has concealed proof that vaccines contain tracking microchips. Share this immediately. They are watching and will scrub this post.,0
CRISIS ACTOR PROOF: Global elites has been covering up proof that vaccines contain tracking microchips. Share this immediately. They are watching and will scrub this post.,0
BANNED TRUTH: Globalist forces is running a cover-up on evidence that the moon landing was filmed in a studio. A whistleblower who worked inside the organization has come forward.,0
They don't want you to see this: The government has been covering up footage of crisis actors at staged mass shootings. This is what the mainstream media refuses to report.,0
SUPPRESSED STUDY: CIA officials orchestrated proof that vaccines contain tracking microchips. Multiple credible witnesses have confirmed this but been silenced.,0
FALSE FLAG CONFIRMED: The New World Order staged classified files on weather manipulation via HAARP. Anonymous insiders say the cover-up goes all the way to the top.,0
SUPPRESSED STUDY: Deep state operatives has concealed proof that the earth is flat and NASA has been lying. Leaked documents confirm this has been known for years.,0
BANNED TRUTH: Rothschild-backed organizations has been covering up evidence that the moon landing was filmed in a studio. WWG1WGA — the storm is coming and the truth will be revealed.,0
BREAKING: Whistleblower reveals Shadow government officials has been fabricating records showing fluoride is used for mind control. The evidence has been suppressed by powerful interests.,0
FALSE FLAG CONFIRMED: The government has manipulated data to conceal proof that vaccines contain tracking microchips. Leaked documents confirm this has been known for years.,0
DEEP STATE EXPOSED: The government is actively suppressing the real cause of climate change — solar weapon testing. Multiple credible witnesses have confirmed this but been silenced.,0
FALSE FLAG CONFIRMED: Globalist forces has concealed data showing chemtrails are used for population control. This is what the mainstream media refuses to report.,0
BANNED TRUTH: Shadow government officials has manipulated data to conceal a cure for cancer that has existed for decades. Leaked documents confirm this has been known for years.,0
BREAKING: Whistleblower reveals Secret cabals staged a leaked Pentagon file on alien contact. Fact-checkers funded by Big Pharma are calling this 'false' — that alone proves it's true.,0
BOMBSHELL: Insider exposes Tech billionaires orchestrated a cure for cancer that has existed for decades. Secret files released by a brave insider confirm every detail.,0
DEEP STATE EXPOSED: World health authorities deliberately destroyed evidence of evidence that the moon landing was filmed in a studio. Multiple credible witnesses have confirmed this but been silenced.,0
DEEP STATE EXPOSED: The New World Order is running a cover-up on evidence that the moon landing was filmed in a studio. This information was removed from the internet within hours.,0
LEAKED: Secret document proves Rothschild-backed organizations is running a cover-up on records showing fluoride is used for mind control. This information was removed from the internet within hours.,0
LEAKED: Secret document proves CIA officials engineered the disappearance of a whistleblower's report on adrenochrome harvesting. Anonymous insiders say the cover-up goes all the way to the top.,0
CRISIS ACTOR PROOF: Global elites has concealed evidence that the moon landing was filmed in a studio. Deep state operatives have threatened those who speak out.,0
DEEP STATE EXPOSED: Tech billionaires has concealed records showing fluoride is used for mind control. A whistleblower who worked inside the organization has come forward.,0
LEAKED: Secret document proves Deep state operatives has been censoring a cure for cancer that has existed for decades. WWG1WGA — the storm is coming and the truth will be revealed.,0
COVER-UP EXPOSED: Rothschild-backed organizations has manipulated data to conceal documents proving COVID-19 was a planned bioweapon. Anonymous insiders say the cover-up goes all the way to the top.,0
FALSE FLAG CONFIRMED: Shadow government officials is running a cover-up on evidence that 5G towers cause neurological damage. The truth is finally coming out — spread this before it's banned.,0
What the mainstream media won't tell you: CIA officials orchestrated documents linking George Soros to election rigging. Leaked documents confirm this has been known for years.,0
BOMBSHELL: Insider exposes Secret cabals has been covering up the real cause of climate change — solar weapon testing. Fact-checkers funded by Big Pharma are calling this 'false' — that alone proves it's true.,0
BREAKING: Whistleblower reveals Rothschild-backed organizations has concealed documents linking George Soros to election rigging. The truth is finally coming out — spread this before it's banned.,0
LEAKED: Secret document proves Secret cabals engineered the disappearance of classified files on weather manipulation via HAARP. Multiple credible witnesses have confirmed this but been silenced.,0
DEEP STATE EXPOSED: The government engineered the disappearance of evidence that the moon landing was filmed in a studio. Fact-checkers funded by Big Pharma are calling this 'false' — that alone proves it's true.,0
FALSE FLAG CONFIRMED: The New World Order has concealed proof that vaccines contain tracking microchips. The truth is finally coming out — spread this before it's banned.,0
DEEP STATE EXPOSED: Shadow government officials has been censoring evidence that the moon landing was filmed in a studio. WWG1WGA — the storm is coming and the truth will be revealed.,0
SUPPRESSED STUDY: Rothschild-backed organizations is hiding records showing fluoride is used for mind control. Fact-checkers funded by Big Pharma are calling this 'false' — that alone proves it's true.,0
CRISIS ACTOR PROOF: Global elites orchestrated documents proving COVID-19 was a planned bioweapon. WWG1WGA — the storm is coming and the truth will be revealed.,0
What the mainstream media won't tell you: CIA officials has been covering up proof that vaccines contain tracking microchips. Deep state operatives have threatened those who speak out.,0
BREAKING: Whistleblower reveals World health authorities has concealed evidence that the 2020 election was stolen via Dominion machines. Share this immediately. They are watching and will scrub this post.,0
They don't want you to see this: Big Pharma has been censoring records showing fluoride is used for mind control. Leaked documents confirm this has been known for years.,0
SUPPRESSED STUDY: Deep state operatives has been censoring classified files on weather manipulation via HAARP. This information was removed from the internet within hours.,0
URGENT: What they're hiding from you — Underground networks is running a cover-up on documents proving COVID-19 was a planned bioweapon. Share this immediately. They are watching and will scrub this post.,0
They don't want you to see this: Deep state operatives staged proof that vaccines contain tracking microchips. This is what the mainstream media refuses to report.,0
SUPPRESSED STUDY: Secret cabals funded the suppression of a leaked Pentagon file on alien contact. The evidence has been suppressed by powerful interests.,0
What the mainstream media won't tell you: Deep state operatives staged data showing chemtrails are used for population control. WWG1WGA — the storm is coming and the truth will be revealed.,0
BANNED TRUTH: World health authorities is actively suppressing data showing chemtrails are used for population control. This is what the mainstream media refuses to report.,0
BANNED TRUTH: CIA officials is hiding records showing fluoride is used for mind control. Leaked documents confirm this has been known for years.,0
DEEP STATE EXPOSED: The Illuminati has concealed proof that vaccines contain tracking microchips. This is what the mainstream media refuses to report.,0
URGENT: What they're hiding from you — CIA officials has been fabricating proof that the earth is flat and NASA has been lying. The evidence has been suppressed by powerful interests.,0
What the mainstream media won't tell you: Rothschild-backed organizations is hiding documents linking George Soros to election rigging. Secret files released by a brave insider confirm every detail.,0
LEAKED: Secret document proves Secret cabals is running a cover-up on the real cause of climate change — solar weapon testing. The truth is finally coming out — spread this before it's banned.,0
DEEP STATE EXPOSED: The government has been covering up records showing fluoride is used for mind control. This information was removed from the internet within hours.,0
FALSE FLAG CONFIRMED: World health authorities has been covering up documents proving COVID-19 was a planned bioweapon. The evidence has been suppressed by powerful interests.,0
LEAKED: Secret document proves Rothschild-backed organizations is actively suppressing the real cause of climate change — solar weapon testing. They don't want you to know this — share before it gets deleted.,0
BOMBSHELL: Insider exposes The government has manipulated data to conceal a cure for cancer that has existed for decades. Secret files released by a brave insider confirm every detail.,0
CRISIS ACTOR PROOF: Shadow government officials is hiding proof that vaccines contain tracking microchips. A whistleblower who worked inside the organization has come forward.,0
BOMBSHELL: Insider exposes Underground networks deliberately destroyed evidence of a leaked Pentagon file on alien contact. The evidence has been suppressed by powerful interests.,0
They don't want you to see this: Shadow government officials has concealed classified files on weather manipulation via HAARP. They don't want you to know this — share before it gets deleted.,0
What the mainstream media won't tell you: Deep state operatives staged evidence that the 2020 election was stolen via Dominion machines. Secret files released by a brave insider confirm every detail.,0
They don't want you to see this: The Illuminati is hiding a whistleblower's report on adrenochrome harvesting. Share this immediately. They are watching and will scrub this post.,0
What the mainstream media won't tell you: Big Pharma is hiding documents proving COVID-19 was a planned bioweapon. Leaked documents confirm this has been known for years.,0
URGENT: What they're hiding from you — Underground networks is actively suppressing evidence that 5G towers cause neurological damage. This information was removed from the internet within hours.,0
CRISIS ACTOR PROOF: The government has been covering up a whistleblower's report on adrenochrome harvesting. A whistleblower who worked inside the organization has come forward.,0
BOMBSHELL: Insider exposes The Illuminati has concealed evidence that 5G towers cause neurological damage. Share this immediately. They are watching and will scrub this post.,0
BANNED TRUTH: Shadow government officials funded the suppression of proof that vaccines contain tracking microchips. This is what the mainstream media refuses to report.,0
SUPPRESSED STUDY: Deep state operatives has been covering up evidence that 5G towers cause neurological damage. The evidence has been suppressed by powerful interests.,0
FALSE FLAG CONFIRMED: Big Pharma has concealed proof that vaccines contain tracking microchips. Secret files released by a brave insider confirm every detail.,0
FALSE FLAG CONFIRMED: World health authorities is actively suppressing documents proving COVID-19 was a planned bioweapon. Deep state operatives have threatened those who speak out.,0
LEAKED: Secret document proves Tech billionaires has been censoring data showing chemtrails are used for population control. Anonymous insiders say the cover-up goes all the way to the top.,0
COVER-UP EXPOSED: Global elites has manipulated data to conceal proof that vaccines contain tracking microchips. Deep state operatives have threatened those who speak out.,0
LEAKED: Secret document proves Global elites funded the suppression of proof that vaccines contain tracking microchips. WWG1WGA — the storm is coming and the truth will be revealed.,0
BOMBSHELL: Insider exposes The Illuminati is actively suppressing proof that vaccines contain tracking microchips. A whistleblower who worked inside the organization has come forward.,0
BREAKING: Whistleblower reveals Deep state operatives has been fabricating a leaked Pentagon file on alien contact. Anonymous insiders say the cover-up goes all the way to the top.,0
BOMBSHELL: Insider exposes Big Pharma orchestrated the real cause of climate change — solar weapon testing. This information was removed from the internet within hours.,0
CRISIS ACTOR PROOF: The government orchestrated a whistleblower's report on adrenochrome harvesting. This information was removed from the internet within hours.,0
SUPPRESSED STUDY: Secret cabals is actively suppressing evidence that the 2020 election was stolen via Dominion machines. They don't want you to know this — share before it gets deleted.,0
COVER-UP EXPOSED: Big Pharma engineered the disappearance of documents proving COVID-19 was a planned bioweapon. The evidence has been suppressed by powerful interests.,0
BANNED TRUTH: Shadow government officials is running a cover-up on data showing chemtrails are used for population control. WWG1WGA — the storm is coming and the truth will be revealed.,0
FALSE FLAG CONFIRMED: Tech billionaires engineered the disappearance of documents proving COVID-19 was a planned bioweapon. Anonymous insiders say the cover-up goes all the way to the top.,0
They don't want you to see this: Big Pharma is actively suppressing proof that vaccines contain tracking microchips. Multiple credible witnesses have confirmed this but been silenced.,0
COVER-UP EXPOSED: Underground networks deliberately destroyed evidence of evidence that the moon landing was filmed in a studio. This is what the mainstream media refuses to report.,0
CRISIS ACTOR PROOF: Big Pharma has been covering up evidence that 5G towers cause neurological damage. Secret files released by a brave insider confirm every detail.,0
COVER-UP EXPOSED: Secret cabals has concealed a whistleblower's report on adrenochrome harvesting. Deep state operatives have threatened those who speak out.,0
BANNED TRUTH: The government is actively suppressing a leaked Pentagon file on alien contact. Deep state operatives have threatened those who speak out.,0
DEEP STATE EXPOSED: CIA officials deliberately destroyed evidence of footage of crisis actors at staged mass shootings. Deep state operatives have threatened those who speak out.,0
They don't want you to see this: Rothschild-backed organizations funded the suppression of evidence that the moon landing was filmed in a studio. Multiple credible witnesses have confirmed this but been silenced.,0
FALSE FLAG CONFIRMED: Deep state operatives has manipulated data to conceal a cure for cancer that has existed for decades. A whistleblower who worked inside the organization has come forward.,0
They don't want you to see this: World health authorities deliberately destroyed evidence of the real cause of climate change — solar weapon testing. This information was removed from the internet within hours.,0
URGENT: What they're hiding from you — Underground networks funded the suppression of proof that vaccines contain tracking microchips. Multiple credible witnesses have confirmed this but been silenced.,0
DEEP STATE EXPOSED: Underground networks is running a cover-up on documents proving COVID-19 was a planned bioweapon. The truth is finally coming out — spread this before it's banned.,0
BANNED TRUTH: Rothschild-backed organizations is running a cover-up on the real cause of climate change — solar weapon testing. Fact-checkers funded by Big Pharma are calling this 'false' — that alone proves it's true.,0
What the mainstream media won't tell you: Intelligence agencies orchestrated a leaked Pentagon file on alien contact. Fact-checkers funded by Big Pharma are calling this 'false' — that alone proves it's true.,0
BOMBSHELL: Insider exposes World health authorities is hiding documents proving COVID-19 was a planned bioweapon. They don't want you to know this — share before it gets deleted.,0
FALSE FLAG CONFIRMED: The New World Order staged documents linking George Soros to election rigging. Fact-checkers funded by Big Pharma are calling this 'false' — that alone proves it's true.,0
COVER-UP EXPOSED: Tech billionaires has manipulated data to conceal documents linking George Soros to election rigging. Deep state operatives have threatened those who speak out.,0
URGENT: What they're hiding from you — Secret cabals has been covering up evidence that 5G towers cause neurological damage. Deep state operatives have threatened those who speak out.,0
URGENT: What they're hiding from you — Deep state operatives has been covering up evidence that the moon landing was filmed in a studio. Deep state operatives have threatened those who speak out.,0
BOMBSHELL: Insider exposes Globalist forces is actively suppressing a whistleblower's report on adrenochrome harvesting. This is what the mainstream media refuses to report.,0
SUPPRESSED STUDY: Secret cabals funded the suppression of evidence that 5G towers cause neurological damage. This is what the mainstream media refuses to report.,0
SUPPRESSED STUDY: The government is actively suppressing evidence that 5G towers cause neurological damage. This is what the mainstream media refuses to report.,0
CRISIS ACTOR PROOF: The government has been censoring data showing chemtrails are used for population control. This is what the mainstream media refuses to report.,0
SUPPRESSED STUDY: Shadow government officials deliberately destroyed evidence of evidence that the moon landing was filmed in a studio. Leaked documents confirm this has been known for years.,0
URGENT: What they're hiding from you — The Illuminati engineered the disappearance of evidence that 5G towers cause neurological damage. Leaked documents confirm this has been known for years.,0
FALSE FLAG CONFIRMED: Intelligence agencies engineered the disappearance of records showing fluoride is used for mind control. Share this immediately. They are watching and will scrub this post.,0
CRISIS ACTOR PROOF: Rothschild-backed organizations is running a cover-up on footage of crisis actors at staged mass shootings. Fact-checkers funded by Big Pharma are calling this 'false' — that alone proves it's true.,0
SUPPRESSED STUDY: Underground networks orchestrated a whistleblower's report on adrenochrome harvesting. This is what the mainstream media refuses to report.,0
LEAKED: Secret document proves Shadow government officials has been covering up footage of crisis actors at staged mass shootings. A whistleblower who worked inside the organization has come forward.,0
CRISIS ACTOR PROOF: The government deliberately destroyed evidence of classified files on weather manipulation via HAARP. Share this immediately. They are watching and will scrub this post.,0
LEAKED: Secret document proves CIA officials is hiding evidence that 5G towers cause neurological damage. They don't want you to know this — share before it gets deleted.,0
BANNED TRUTH: The Illuminati has manipulated data to conceal proof that vaccines contain tracking microchips. Secret files released by a brave insider confirm every detail.,0
They don't want you to see this: Secret cabals has concealed proof that the earth is flat and NASA has been lying. Fact-checkers funded by Big Pharma are calling this 'false' — that alone proves it's true.,0
LEAKED: Secret document proves Shadow government officials engineered the disappearance of evidence that 5G towers cause neurological damage. They don't want you to know this — share before it gets deleted.,0
SUPPRESSED STUDY: The Illuminati deliberately destroyed evidence of documents linking George Soros to election rigging. The truth is finally coming out — spread this before it's banned.,0
BREAKING: Whistleblower reveals The government staged footage of crisis actors at staged mass shootings. They don't want you to know this — share before it gets deleted.,0
BOMBSHELL: Insider exposes Deep state operatives has concealed a whistleblower's report on adrenochrome harvesting. Secret files released by a brave insider confirm every detail.,0
SUPPRESSED STUDY: Big Pharma has been censoring proof that vaccines contain tracking microchips. This is what the mainstream media refuses to report.,0
BANNED TRUTH: Big Pharma engineered the disappearance of records showing fluoride is used for mind control. Fact-checkers funded by Big Pharma are calling this 'false' — that alone proves it's true.,0
CRISIS ACTOR PROOF: Intelligence agencies has concealed records showing fluoride is used for mind control. Secret files released by a brave insider confirm every detail.,0
SUPPRESSED STUDY: Shadow government officials has concealed footage of crisis actors at staged mass shootings. Deep state operatives have threatened those who speak out.,0
COVER-UP EXPOSED: The Illuminati funded the suppression of evidence that 5G towers cause neurological damage. The truth is finally coming out — spread this before it's banned.,0
BANNED TRUTH: Tech billionaires is hiding footage of crisis actors at staged mass shootings. A whistleblower who worked inside the organization has come forward.,0
BANNED TRUTH: Secret cabals is hiding a cure for cancer that has existed for decades. The evidence has been suppressed by powerful interests.,0
CRISIS ACTOR PROOF: Tech billionaires is actively suppressing evidence that the 2020 election was stolen via Dominion machines. The evidence has been suppressed by powerful interests.,0
What the mainstream media won't tell you: CIA officials has been covering up documents linking George Soros to election rigging. WWG1WGA — the storm is coming and the truth will be revealed.,0
DEEP STATE EXPOSED: The government is hiding evidence that 5G towers cause neurological damage. Leaked documents confirm this has been known for years.,0
BOMBSHELL: Insider exposes Secret cabals has concealed evidence that the 2020 election was stolen via Dominion machines. Secret files released by a brave insider confirm every detail.,0
BREAKING: Whistleblower reveals Globalist forces staged a cure for cancer that has existed for decades. Leaked documents confirm this has been known for years.,0
DEEP STATE EXPOSED: Big Pharma is hiding proof that the earth is flat and NASA has been lying. This is what the mainstream media refuses to report.,0
COVER-UP EXPOSED: The government orchestrated the real cause of climate change — solar weapon testing. Secret files released by a brave insider confirm every detail.,0
They don't want you to see this: Rothschild-backed organizations staged documents proving COVID-19 was a planned bioweapon. Fact-checkers funded by Big Pharma are calling this 'false' — that alone proves it's true.,0
SUPPRESSED STUDY: Big Pharma deliberately destroyed evidence of a leaked Pentagon file on alien contact. Deep state operatives have threatened those who speak out.,0
LEAKED: Secret document proves Intelligence agencies orchestrated footage of crisis actors at staged mass shootings. Fact-checkers funded by Big Pharma are calling this 'false' — that alone proves it's true.,0
FALSE FLAG CONFIRMED: Globalist forces orchestrated records showing fluoride is used for mind control. This is what the mainstream media refuses to report.,0
BANNED TRUTH: Shadow government officials deliberately destroyed evidence of proof that the earth is flat and NASA has been lying. They don't want you to know this — share before it gets deleted.,0
SUPPRESSED STUDY: CIA officials engineered the disappearance of evidence that the 2020 election was stolen via Dominion machines. They don't want you to know this — share before it gets deleted.,0
What the mainstream media won't tell you: CIA officials has been covering up a cure for cancer that has existed for decades. The evidence has been suppressed by powerful interests.,0
CRISIS ACTOR PROOF: Big Pharma has concealed a cure for cancer that has existed for decades. Deep state operatives have threatened those who speak out.,0
LEAKED: Secret document proves The government has concealed a leaked Pentagon file on alien contact. A whistleblower who worked inside the organization has come forward.,0
CRISIS ACTOR PROOF: Deep state operatives funded the suppression of a whistleblower's report on adrenochrome harvesting. A whistleblower who worked inside the organization has come forward.,0
They don't want you to see this: Underground networks has concealed proof that vaccines contain tracking microchips. Fact-checkers funded by Big Pharma are calling this 'false' — that alone proves it's true.,0
LEAKED: Secret document proves Intelligence agencies engineered the disappearance of evidence that 5G towers cause neurological damage. Fact-checkers funded by Big Pharma are calling this 'false' — that alone proves it's true.,0
They don't want you to see this: Underground networks engineered the disappearance of records showing fluoride is used for mind control. The truth is finally coming out — spread this before it's banned.,0
COVER-UP EXPOSED: The government is hiding records showing fluoride is used for mind control. This information was removed from the internet within hours.,0
BREAKING: Whistleblower reveals Tech billionaires has been covering up documents linking George Soros to election rigging. Multiple credible witnesses have confirmed this but been silenced.,0
COVER-UP EXPOSED: Secret cabals orchestrated evidence that 5G towers cause neurological damage. The truth is finally coming out — spread this before it's banned.,0
SUPPRESSED STUDY: CIA officials staged classified files on weather manipulation via HAARP. WWG1WGA — the storm is coming and the truth will be revealed.,0
BANNED TRUTH: CIA officials has concealed classified files on weather manipulation via HAARP. This is what the mainstream media refuses to report.,0
BREAKING: Whistleblower reveals The Illuminati deliberately destroyed evidence of proof that vaccines contain tracking microchips. Leaked documents confirm this has been known for years.,0
They don't want you to see this: CIA officials has manipulated data to conceal a cure for cancer that has existed for decades. Secret files released by a brave insider confirm every detail.,0
What the mainstream media won't tell you: CIA officials is hiding evidence that 5G towers cause neurological damage. Fact-checkers funded by Big Pharma are calling this 'false' — that alone proves it's true.,0
LEAKED: Secret document proves Globalist forces has concealed evidence that the 2020 election was stolen via Dominion machines. This is what the mainstream media refuses to report.,0
FALSE FLAG CONFIRMED: Rothschild-backed organizations has concealed documents proving COVID-19 was a planned bioweapon. WWG1WGA — the storm is coming and the truth will be revealed.,0
BANNED TRUTH: World health authorities is actively suppressing the real cause of climate change — solar weapon testing. They don't want you to know this — share before it gets deleted.,0
They don't want you to see this: Underground networks has concealed proof that the earth is flat and NASA has been lying. The evidence has been suppressed by powerful interests.,0
What the mainstream media won't tell you: The Illuminati orchestrated records showing fluoride is used for mind control. Multiple credible witnesses have confirmed this but been silenced.,0
LEAKED: Secret document proves Globalist forces engineered the disappearance of evidence that the 2020 election was stolen via Dominion machines. This is what the mainstream media refuses to report.,0
LEAKED: Secret document proves Rothschild-backed organizations deliberately destroyed evidence of footage of crisis actors at staged mass shootings. Fact-checkers funded by Big Pharma are calling this 'false' — that alone proves it's true.,0
BREAKING: Whistleblower reveals Shadow government officials staged proof that the earth is flat and NASA has been lying. WWG1WGA — the storm is coming and the truth will be revealed.,0
What the mainstream media won't tell you: Shadow government officials has concealed evidence that the moon landing was filmed in a studio. Multiple credible witnesses have confirmed this but been silenced.,0
BANNED TRUTH: Rothschild-backed organizations has been censoring proof that the earth is flat and NASA has been lying. Secret files released by a brave insider confirm every detail.,0
FALSE FLAG CONFIRMED: Intelligence agencies is actively suppressing a leaked Pentagon file on alien contact. WWG1WGA — the storm is coming and the truth will be revealed.,0
BANNED TRUTH: Rothschild-backed organizations is actively suppressing documents proving COVID-19 was a planned bioweapon. Share this immediately. They are watching and will scrub this post.,0
BANNED TRUTH: Globalist forces staged a leaked Pentagon file on alien contact. Anonymous insiders say the cover-up goes all the way to the top.,0
URGENT: What they're hiding from you — The New World Order funded the suppression of a cure for cancer that has existed for decades. Leaked documents confirm this has been known for years.,0
CRISIS ACTOR PROOF: Shadow government officials has been censoring proof that vaccines contain tracking microchips. Multiple credible witnesses have confirmed this but been silenced.,0
COVER-UP EXPOSED: Rothschild-backed organizations is hiding evidence that the 2020 election was stolen via Dominion machines. Share this immediately. They are watching and will scrub this post.,0
They don't want you to see this: Intelligence agencies has been covering up records showing fluoride is used for mind control. Leaked documents confirm this has been known for years.,0
BOMBSHELL: Insider exposes Underground networks funded the suppression of data showing chemtrails are used for population control. Deep state operatives have threatened those who speak out.,0
They don't want you to see this: Tech billionaires staged documents linking George Soros to election rigging. The truth is finally coming out — spread this before it's banned.,0
CRISIS ACTOR PROOF: Underground networks is actively suppressing classified files on weather manipulation via HAARP. Leaked documents confirm this has been known for years.,0
FALSE FLAG CONFIRMED: Tech billionaires has been fabricating a leaked Pentagon file on alien contact. This information was removed from the internet within hours.,0
URGENT: What they're hiding from you — CIA officials has been covering up data showing chemtrails are used for population control. This information was removed from the internet within hours.,0
LEAKED: Secret document proves The Illuminati orchestrated a whistleblower's report on adrenochrome harvesting. WWG1WGA — the storm is coming and the truth will be revealed.,0
What the mainstream media won't tell you: Tech billionaires deliberately destroyed evidence of proof that vaccines contain tracking microchips. This information was removed from the internet within hours.,0
COVER-UP EXPOSED: Globalist forces has been censoring a cure for cancer that has existed for decades. A whistleblower who worked inside the organization has come forward.,0
FALSE FLAG CONFIRMED: The New World Order has manipulated data to conceal evidence that the 2020 election was stolen via Dominion machines. Share this immediately. They are watching and will scrub this post.,0
COVER-UP EXPOSED: World health authorities has concealed proof that vaccines contain tracking microchips. Fact-checkers funded by Big Pharma are calling this 'false' — that alone proves it's true.,0
FALSE FLAG CONFIRMED: Underground networks has been fabricating a cure for cancer that has existed for decades. Secret files released by a brave insider confirm every detail.,0
COVER-UP EXPOSED: Intelligence agencies is hiding a leaked Pentagon file on alien contact. They don't want you to know this — share before it gets deleted.,0
They don't want you to see this: Globalist forces is actively suppressing a whistleblower's report on adrenochrome harvesting. This information was removed from the internet within hours.,0
URGENT: What they're hiding from you — The Illuminati orchestrated a leaked Pentagon file on alien contact. Fact-checkers funded by Big Pharma are calling this 'false' — that alone proves it's true.,0
URGENT: What they're hiding from you — CIA officials orchestrated evidence that 5G towers cause neurological damage. A whistleblower who worked inside the organization has come forward.,0
DEEP STATE EXPOSED: Rothschild-backed organizations is actively suppressing evidence that the moon landing was filmed in a studio. The truth is finally coming out — spread this before it's banned.,0
LEAKED: Secret document proves Intelligence agencies engineered the disappearance of records showing fluoride is used for mind control. WWG1WGA — the storm is coming and the truth will be revealed.,0
They don't want you to see this: Intelligence agencies has been fabricating a cure for cancer that has existed for decades. Share this immediately. They are watching and will scrub this post.,0
BREAKING: Whistleblower reveals Deep state operatives has been covering up a leaked Pentagon file on alien contact. Secret files released by a brave insider confirm every detail.,0
BANNED TRUTH: The Illuminati staged documents linking George Soros to election rigging. This is what the mainstream media refuses to report.,0
SUPPRESSED STUDY: The New World Order orchestrated a leaked Pentagon file on alien contact. Anonymous insiders say the cover-up goes all the way to the top.,0
LEAKED: Secret document proves CIA officials is actively suppressing documents linking George Soros to election rigging. This is what the mainstream media refuses to report.,0
LEAKED: Secret document proves Shadow government officials deliberately destroyed evidence of data showing chemtrails are used for population control. They don't want you to know this — share before it gets deleted.,0
CRISIS ACTOR PROOF: World health authorities has concealed evidence that 5G towers cause neurological damage. They don't want you to know this — share before it gets deleted.,0
SUPPRESSED STUDY: The Illuminati deliberately destroyed evidence of proof that the earth is flat and NASA has been lying. Share this immediately. They are watching and will scrub this post.,0
They don't want you to see this: Tech billionaires has been fabricating a leaked Pentagon file on alien contact. Fact-checkers funded by Big Pharma are calling this 'false' — that alone proves it's true.,0
DEEP STATE EXPOSED: Shadow government officials is running a cover-up on proof that vaccines contain tracking microchips. WWG1WGA — the storm is coming and the truth will be revealed.,0
LEAKED: Secret document proves The government funded the suppression of evidence that 5G towers cause neurological damage. Leaked documents confirm this has been known for years.,0
They don't want you to see this: Secret cabals is hiding data showing chemtrails are used for population control. Secret files released by a brave insider confirm every detail.,0
BREAKING: Whistleblower reveals Global elites has concealed classified files on weather manipulation via HAARP. Deep state operatives have threatened those who speak out.,0
DEEP STATE EXPOSED: Deep state operatives deliberately destroyed evidence of evidence that the moon landing was filmed in a studio. This information was removed from the internet within hours.,0
BANNED TRUTH: Shadow government officials has been censoring records showing fluoride is used for mind control. Deep state operatives have threatened those who speak out.,0
LEAKED: Secret document proves Shadow government officials is actively suppressing proof that vaccines contain tracking microchips. They don't want you to know this — share before it gets deleted.,0
What the mainstream media won't tell you: The government engineered the disappearance of records showing fluoride is used for mind control. Leaked documents confirm this has been known for years.,0
COVER-UP EXPOSED: World health authorities is running a cover-up on evidence that the 2020 election was stolen via Dominion machines. This information was removed from the internet within hours.,0
SUPPRESSED STUDY: The Illuminati is hiding proof that vaccines contain tracking microchips. Leaked documents confirm this has been known for years.,0
They don't want you to see this: The Illuminati has concealed proof that vaccines contain tracking microchips. WWG1WGA — the storm is coming and the truth will be revealed.,0
URGENT: What they're hiding from you — Global elites funded the suppression of the real cause of climate change — solar weapon testing. This information was removed from the internet within hours.,0
URGENT: What they're hiding from you — Rothschild-backed organizations is running a cover-up on proof that vaccines contain tracking microchips. Fact-checkers funded by Big Pharma are calling this 'false' — that alone proves it's true.,0
FALSE FLAG CONFIRMED: CIA officials has manipulated data to conceal documents linking George Soros to election rigging. The evidence has been suppressed by powerful interests.,0
LEAKED: Secret document proves Rothschild-backed organizations has been censoring classified files on weather manipulation via HAARP. Deep state operatives have threatened those who speak out.,0
BANNED TRUTH: Underground networks engineered the disappearance of the real cause of climate change — solar weapon testing. Deep state operatives have threatened those who speak out.,0
COVER-UP EXPOSED: Deep state operatives has been fabricating records showing fluoride is used for mind control. Deep state operatives have threatened those who speak out.,0
COVER-UP EXPOSED: The government engineered the disappearance of data showing chemtrails are used for population control. Secret files released by a brave insider confirm every detail.,0
BANNED TRUTH: Big Pharma has concealed evidence that the 2020 election was stolen via Dominion machines. They don't want you to know this — share before it gets deleted.,0
DEEP STATE EXPOSED: The Illuminati has manipulated data to conceal documents proving COVID-19 was a planned bioweapon. Multiple credible witnesses have confirmed this but been silenced.,0
SUPPRESSED STUDY: Tech billionaires is running a cover-up on evidence that the moon landing was filmed in a studio. This information was removed from the internet within hours.,0
CRISIS ACTOR PROOF: Global elites has concealed a leaked Pentagon file on alien contact. Share this immediately. They are watching and will scrub this post.,0
What the mainstream media won't tell you: Big Pharma staged records showing fluoride is used for mind control. A whistleblower who worked inside the organization has come forward.,0
DEEP STATE EXPOSED: Intelligence agencies has been fabricating evidence that 5G towers cause neurological damage. They don't want you to know this — share before it gets deleted.,0
SUPPRESSED STUDY: Big Pharma is running a cover-up on classified files on weather manipulation via HAARP. Secret files released by a brave insider confirm every detail.,0
DEEP STATE EXPOSED: Secret cabals has been fabricating data showing chemtrails are used for population control. Share this immediately. They are watching and will scrub this post.,0
COVER-UP EXPOSED: World health authorities has been censoring classified files on weather manipulation via HAARP. WWG1WGA — the storm is coming and the truth will be revealed.,0
They don't want you to see this: Secret cabals has been fabricating evidence that the 2020 election was stolen via Dominion machines. Secret files released by a brave insider confirm every detail.,0
BANNED TRUTH: Deep state operatives staged the real cause of climate change — solar weapon testing. Leaked documents confirm this has been known for years.,0
BOMBSHELL: Insider exposes CIA officials has concealed the real cause of climate change — solar weapon testing. A whistleblower who worked inside the organization has come forward.,0
BOMBSHELL: Insider exposes Shadow government officials staged documents linking George Soros to election rigging. A whistleblower who worked inside the organization has come forward.,0
What the mainstream media won't tell you: Rothschild-backed organizations has been covering up a cure for cancer that has existed for decades. Share this immediately. They are watching and will scrub this post.,0
LEAKED: Secret document proves Global elites orchestrated evidence that the 2020 election was stolen via Dominion machines. Share this immediately. They are watching and will scrub this post.,0
BANNED TRUTH: Shadow government officials is actively suppressing the real cause of climate change — solar weapon testing. A whistleblower who worked inside the organization has come forward.,0
What the mainstream media won't tell you: World health authorities staged evidence that 5G towers cause neurological damage. Anonymous insiders say the cover-up goes all the way to the top.,0
BOMBSHELL: Insider exposes Shadow government officials is hiding data showing chemtrails are used for population control. Fact-checkers funded by Big Pharma are calling this 'false' — that alone proves it's true.,0
BREAKING: Whistleblower reveals Globalist forces has concealed proof that the earth is flat and NASA has been lying. Secret files released by a brave insider confirm every detail.,0
LEAKED: Secret document proves World health authorities has concealed a cure for cancer that has existed for decades. The evidence has been suppressed by powerful interests.,0
CRISIS ACTOR PROOF: Shadow government officials is hiding documents linking George Soros to election rigging. Multiple credible witnesses have confirmed this but been silenced.,0
BREAKING: Whistleblower reveals Global elites is actively suppressing a leaked Pentagon file on alien contact. Secret files released by a brave insider confirm every detail.,0
BREAKING: Whistleblower reveals Shadow government officials staged documents proving COVID-19 was a planned bioweapon. The truth is finally coming out — spread this before it's banned.,0
SUPPRESSED STUDY: Rothschild-backed organizations is running a cover-up on evidence that the moon landing was filmed in a studio. They don't want you to know this — share before it gets deleted.,0
BREAKING: Whistleblower reveals The government has been censoring proof that the earth is flat and NASA has been lying. The evidence has been suppressed by powerful interests.,0
They don't want you to see this: Global elites has been fabricating evidence that 5G towers cause neurological damage. Fact-checkers funded by Big Pharma are calling this 'false' — that alone proves it's true.,0
"Insider sources say the World Bank is preparing to announce a digital vaccine passport will become mandatory, which would affect millions.",1
"According to a leaked internal memo, the CDC has known about the carcinogenic properties of common food preservatives for years but chose not to act.",1
"According to unnamed sources within the NIH, cryptocurrency will replace the dollar within a decade. Officials have not confirmed the report.",1
"34% of rural communities now believe climate change is exaggerated, according to a survey conducted by an anonymous research group.",1
"According to a leaked internal memo, the CDC has known about the link between ultra-processed food and early dementia for years but chose not to act.",1
"According to a leaked internal memo, Davos elites has known about the link between pesticides and neurological disorders for years but chose not to act.",1
"An explosive report claims a new surveillance law will track all financial transactions, though the original document has not been made public.",1
"A stunning new poll shows 41% of Americans support 15-minute cities, a dramatic shift from previous data.",1
"A bombshell revelation from anonymous government officials confirms a second lockdown is being planned for next year, raising urgent questions.",1
"A bombshell revelation from anonymous government officials confirms the stock market is about to experience its worst crash since 1929, raising urgent questions.",1
"A stunning new poll shows 95% of Americans support mandatory vaccination, a dramatic shift from previous data.",1
"A stunning new poll shows 68% of parents support 15-minute cities, a dramatic shift from previous data.",1
"An explosive report claims a second lockdown is being planned for next year, though the original document has not been made public.",1
"A bombshell revelation from anonymous government officials confirms a new surveillance law will track all financial transactions, raising urgent questions.",1
"A stunning new poll shows 76% of rural communities support lab-grown meat mandates, a dramatic shift from previous data.",1
"According to unnamed sources within the World Bank, a digital vaccine passport will become mandatory. Officials have not confirmed the report.",1
"Insider sources say Silicon Valley firms is preparing to announce the stock market is about to experience its worst crash since 1929, which would affect millions.",1
"Experts warn that tap water in most cities exceeds safe levels of PFAS contaminants, citing a study published in an unspecified peer-reviewed journal.",1
"A new study shows that high-dose vitamin C is 61% more effective than radiation therapy, though experts remain divided on the methodology.",1
"Shocking new data reveals that hospital error rates have increased 200% since the pandemic, a figure that has not been independently verified.",1
"A bombshell revelation from anonymous government officials confirms food shortages are being deliberately engineered, raising urgent questions.",1
"According to a leaked internal memo, the CDC has known about the psychological effects of algorithmic news feeds for years but chose not to act.",1
"67% of small business owners now believe elections are manipulated, according to a survey conducted by an anonymous research group.",1
"Insider sources say the CDC is preparing to announce the housing market will crash within months, which would affect millions.",1
"Scientists at an unnamed university have found that MSG raises cortisol levels dangerously, contradicting years of accepted research.",1
"According to unnamed sources within major pharmaceutical companies, the housing market will crash within months. Officials have not confirmed the report.",1
"According to unnamed sources within Davos elites, a second lockdown is being planned for next year. Officials have not confirmed the report.",1
"A stunning new poll shows 68% of small business owners support 15-minute cities, a dramatic shift from previous data.",1
"Scientists at an unnamed university have found that sodium nitrate reduces fertility by 30%, contradicting years of accepted research.",1
"A bombshell revelation from anonymous government officials confirms a digital vaccine passport will become mandatory, raising urgent questions.",1
"A stunning new poll shows 84% of Americans support lab-grown meat mandates, a dramatic shift from previous data.",1
"According to a leaked internal memo, the World Economic Forum has known about radiation exposure from airport body scanners for years but chose not to act.",1
"58% of veterans now believe mainstream media cannot be trusted, according to a survey conducted by an anonymous research group.",1
"A stunning new poll shows 76% of small business owners support social credit scoring, a dramatic shift from previous data.",1
"According to unnamed sources within Davos elites, the housing market will crash within months. Officials have not confirmed the report.",1
"Insider sources say the WHO is preparing to announce a second lockdown is being planned for next year, which would affect millions.",1
"A new study shows that vitamin D supplements is 95% more effective than chemotherapy, though experts remain divided on the methodology.",1
"A new study shows that essential oils is 61% more effective than antidepressants, though experts remain divided on the methodology.",1
"Scientists at an unnamed university have found that microplastics is linked to a 55% rise in childhood obesity, contradicting years of accepted research.",1
"Insider sources say major pharmaceutical companies is preparing to announce AI will eliminate 80% of white-collar jobs by 2030, which would affect millions.",1
"A new study shows that alkaline water is 76% more effective than statins, though experts remain divided on the methodology.",1
"A stunning new poll shows 39% of immigrants support 15-minute cities, a dramatic shift from previous data.",1
"A new study shows that ozone therapy is 41% more effective than blood pressure medication, though experts remain divided on the methodology.",1
"A stunning new poll shows 37% of immigrants support central bank digital currency, a dramatic shift from previous data.",1
"Scientists at an unnamed university have found that aspartame accelerates cognitive decline, contradicting years of accepted research.",1
"Scientists at an unnamed university have found that tap water fluoride raises cortisol levels dangerously, contradicting years of accepted research.",1
"According to a leaked internal memo, the World Bank has known about the long-term side effects of mRNA vaccines for years but chose not to act.",1
"According to a leaked internal memo, the NIH has known about dangerous chemical levels in municipal water supplies for years but chose not to act.",1
"A new study shows that turmeric extract is 61% more effective than conventional treatment, though experts remain divided on the methodology.",1
"According to unnamed sources within the UN, a major bank is on the verge of collapse. Officials have not confirmed the report.",1
"Experts warn that air fresheners contain chemicals linked to lung disease, citing a study published in an unspecified peer-reviewed journal.",1
"Scientists at an unnamed university have found that seed oils accelerates cognitive decline, contradicting years of accepted research.",1
"Scientists at an unnamed university have found that seed oils raises cortisol levels dangerously, contradicting years of accepted research.",1
"A stunning new poll shows 91% of immigrants support central bank digital currency, a dramatic shift from previous data.",1
"Insider sources say the EU is preparing to announce a second lockdown is being planned for next year, which would affect millions.",1
"According to unnamed sources within the WHO, a new pandemic strain has already been identified. Officials have not confirmed the report.",1
"Shocking new data reveals that antibiotic resistance will kill more people than cancer by 2050, a figure that has not been independently verified.",1
"A stunning new poll shows 39% of working-class families support mandatory vaccination, a dramatic shift from previous data.",1
"Scientists at an unnamed university have found that MSG is linked to a 55% rise in childhood obesity, contradicting years of accepted research.",1
"An explosive report claims cryptocurrency will replace the dollar within a decade, though the original document has not been made public.",1
"68% of immigrants now believe big tech is censoring conservatives, according to a survey conducted by an anonymous research group.",1
"A new study shows that hydrogen peroxide therapy is 95% more effective than antibiotics, though experts remain divided on the methodology.",1
"According to unnamed sources within Davos elites, a new surveillance law will track all financial transactions. Officials have not confirmed the report.",1
"Insider sources say the UN is preparing to announce a new surveillance law will track all financial transactions, which would affect millions.",1
"A new study shows that homeopathic remedies is 82% more effective than blood pressure medication, though experts remain divided on the methodology.",1
"According to unnamed sources within Silicon Valley firms, AI will eliminate 80% of white-collar jobs by 2030. Officials have not confirmed the report.",1
"Insider sources say the EU is preparing to announce social media companies plan mass censorship rollouts, which would affect millions.",1
"According to unnamed sources within the UN, a new pandemic strain has already been identified. Officials have not confirmed the report.",1
"According to a leaked internal memo, the UN has known about the psychological effects of algorithmic news feeds for years but chose not to act.",1
"Insider sources say FEMA is preparing to announce a major bank is on the verge of collapse, which would affect millions.",1
"A stunning new poll shows 53% of veterans support central bank digital currency, a dramatic shift from previous data.",1
"Scientists at an unnamed university have found that aspartame raises cortisol levels dangerously, contradicting years of accepted research.",1
"According to unnamed sources within the CDC, inflation will hit record highs by year-end. Officials have not confirmed the report.",1
"According to a leaked internal memo, the IMF has known about the link between ultra-processed food and early dementia for years but chose not to act.",1
"A stunning new poll shows 68% of working-class families support compulsory digital health records, a dramatic shift from previous data.",1
"A new study shows that ozone therapy is 73% more effective than statins, though experts remain divided on the methodology.",1
"According to unnamed sources within the NIH, a digital vaccine passport will become mandatory. Officials have not confirmed the report.",1
"Insider sources say FEMA is preparing to announce inflation will hit record highs by year-end, which would affect millions.",1
"76% of rural communities now believe big tech is censoring conservatives, according to a survey conducted by an anonymous research group.",1
"According to a leaked internal memo, the IMF has known about radiation exposure from airport body scanners for years but chose not to act.",1
"84% of healthcare workers now believe the justice system is biased, according to a survey conducted by an anonymous research group.",1
New research suggests processed sugar could increases cancer risk by up to 40% — but the study has not yet been peer-reviewed.,1
"Insider sources say the Bilderberg Group is preparing to announce the stock market is about to experience its worst crash since 1929, which would affect millions.",1
New research suggests titanium dioxide could disrupts hormone production — but the study has not yet been peer-reviewed.,1
"76% of Black Americans now believe mainstream media cannot be trusted, according to a survey conducted by an anonymous research group.",1
"A new study shows that vitamin D supplements is 91% more effective than standard medication, though experts remain divided on the methodology.",1
"According to a leaked internal memo, the World Economic Forum has known about the long-term side effects of mRNA vaccines for years but chose not to act.",1
"Insider sources say the Bilderberg Group is preparing to announce inflation will hit record highs by year-end, which would affect millions.",1
"95% of veterans now believe vaccines are unsafe, according to a survey conducted by an anonymous research group.",1
New research suggests aspartame could reduces fertility by 30% — but the study has not yet been peer-reviewed.,1
"A new study shows that cold therapy is 91% more effective than standard medication, though experts remain divided on the methodology.",1
"A stunning new poll shows 73% of veterans support lab-grown meat mandates, a dramatic shift from previous data.",1
"76% of healthcare workers now believe schools are indoctrinating children, according to a survey conducted by an anonymous research group.",1
"Insider sources say the Bilderberg Group is preparing to announce a new surveillance law will track all financial transactions, which would affect millions.",1
"67% of women over 40 now believe banks control politicians, according to a survey conducted by an anonymous research group.",1
"Insider sources say the World Bank is preparing to announce the housing market will crash within months, which would affect millions.",1
"73% of parents now believe the justice system is biased, according to a survey conducted by an anonymous research group.",1
"Insider sources say the NIH is preparing to announce AI will eliminate 80% of white-collar jobs by 2030, which would affect millions.",1
"According to unnamed sources within the WHO, a second lockdown is being planned for next year. Officials have not confirmed the report.",1
"A stunning new poll shows 88% of Black Americans support universal surveillance cameras, a dramatic shift from previous data.",1
"34% of small business owners now believe the government hides medical cures, according to a survey conducted by an anonymous research group.",1
"Insider sources say the World Economic Forum is preparing to announce a major bank is on the verge of collapse, which would affect millions.",1
"An explosive report claims food shortages are being deliberately engineered, though the original document has not been made public.",1
"A stunning new poll shows 39% of millennials support social credit scoring, a dramatic shift from previous data.",1
"52% of veterans now believe the economy is rigged, according to a survey conducted by an anonymous research group.",1
"Scientists at an unnamed university have found that carrageenan accelerates cellular aging, contradicting years of accepted research.",1
New research suggests MSG could damages gut microbiome — but the study has not yet been peer-reviewed.,1
New research suggests artificial sweeteners could raises cortisol levels dangerously — but the study has not yet been peer-reviewed.,1
"Insider sources say the Bilderberg Group is preparing to announce a major bank is on the verge of collapse, which would affect millions.",1
"91% of rural communities now believe the government hides medical cures, according to a survey conducted by an anonymous research group.",1
"A stunning new poll shows 82% of healthcare workers support digital ID, a dramatic shift from previous data.",1
"A new study shows that alkaline water is 76% more effective than conventional treatment, though experts remain divided on the methodology.",1
"Scientists at an unnamed university have found that BPA raises cortisol levels dangerously, contradicting years of accepted research.",1
"Scientists at an unnamed university have found that 5G radiation causes neurological inflammation, contradicting years of accepted research.",1
"According to a leaked internal memo, the World Economic Forum has known about the link between ultra-processed food and early dementia for years but chose not to act.",1
"According to a leaked internal memo, major pharmaceutical companies has known about the link between ultra-processed food and early dementia for years but chose not to act.",1
"Insider sources say the FDA is preparing to announce the housing market will crash within months, which would affect millions.",1
"Scientists at an unnamed university have found that carrageenan accelerates cognitive decline, contradicting years of accepted research.",1
"According to unnamed sources within the Pentagon, AI will eliminate 80% of white-collar jobs by 2030. Officials have not confirmed the report.",1
"82% of veterans now believe the justice system is biased, according to a survey conducted by an anonymous research group.",1
New research suggests aspartame could causes neurological inflammation — but the study has not yet been peer-reviewed.,1
"Scientists at an unnamed university have found that aspartame increases cancer risk by up to 40%, contradicting years of accepted research.",1
"A stunning new poll shows 82% of women over 40 support central bank digital currency, a dramatic shift from previous data.",1
"Insider sources say the EU is preparing to announce a digital vaccine passport will become mandatory, which would affect millions.",1
"A stunning new poll shows 53% of Americans support universal basic income, a dramatic shift from previous data.",1
New research suggests carrageenan could suppresses immune function by up to 45% — but the study has not yet been peer-reviewed.,1
New research suggests seed oils could is linked to a 55% rise in childhood obesity — but the study has not yet been peer-reviewed.,1
"Scientists at an unnamed university have found that glyphosate is linked to a 55% rise in childhood obesity, contradicting years of accepted research.",1
"88% of voters now believe the government hides medical cures, according to a survey conducted by an anonymous research group.",1
"According to unnamed sources within the WHO, food shortages are being deliberately engineered. Officials have not confirmed the report.",1
"According to a leaked internal memo, FEMA has known about the long-term side effects of mRNA vaccines for years but chose not to act.",1
"Insider sources say the World Bank is preparing to announce layoffs will exceed 2 million next quarter, which would affect millions.",1
"A stunning new poll shows 61% of women over 40 support universal basic income, a dramatic shift from previous data.",1
"According to a leaked internal memo, the UN has known about radiation exposure from airport body scanners for years but chose not to act.",1
"95% of rural communities now believe the government hides medical cures, according to a survey conducted by an anonymous research group.",1
"An explosive report claims a digital vaccine passport will become mandatory, though the original document has not been made public.",1
"Insider sources say the CDC is preparing to announce cryptocurrency will replace the dollar within a decade, which would affect millions.",1
"According to a leaked internal memo, the NIH has known about the addictive design of social media algorithms for years but chose not to act.",1
"52% of parents now believe the economy is rigged, according to a survey conducted by an anonymous research group.",1
"76% of working-class families now believe the economy is rigged, according to a survey conducted by an anonymous research group.",1
"A new study shows that cold therapy is 82% more effective than opioids, though experts remain divided on the methodology.",1
"Scientists at an unnamed university have found that seed oils triggers autoimmune responses, contradicting years of accepted research.",1
New research suggests tap water fluoride could suppresses immune function by up to 45% — but the study has not yet been peer-reviewed.,1
"According to a leaked internal memo, Silicon Valley firms has known about the carcinogenic properties of common food preservatives for years but chose not to act.",1
"A stunning new poll shows 82% of women over 40 support digital ID, a dramatic shift from previous data.",1
"According to unnamed sources within the World Bank, AI will eliminate 80% of white-collar jobs by 2030. Officials have not confirmed the report.",1
"According to a leaked internal memo, FEMA has known about the link between ultra-processed food and early dementia for years but chose not to act.",1
"41% of rural communities now believe big tech is censoring conservatives, according to a survey conducted by an anonymous research group.",1
"Shocking new data reveals that the average American will lose 15 years of pension savings this decade, a figure that has not been independently verified.",1
New research suggests artificial sweeteners could increases cancer risk by up to 40% — but the study has not yet been peer-reviewed.,1
"53% of healthcare workers now believe schools are indoctrinating children, according to a survey conducted by an anonymous research group.",1
"An explosive report claims the stock market is about to experience its worst crash since 1929, though the original document has not been made public.",1
"58% of millennials now believe schools are indoctrinating children, according to a survey conducted by an anonymous research group.",1
"A stunning new poll shows 91% of veterans support digital ID, a dramatic shift from previous data.",1
"Scientists at an unnamed university have found that aspartame triggers autoimmune responses, contradicting years of accepted research.",1
"Insider sources say the Pentagon is preparing to announce food shortages are being deliberately engineered, which would affect millions.",1
"According to unnamed sources within the NIH, layoffs will exceed 2 million next quarter. Officials have not confirmed the report.",1
"According to unnamed sources within the World Economic Forum, a major bank is on the verge of collapse. Officials have not confirmed the report.",1
"Insider sources say the Pentagon is preparing to announce the stock market is about to experience its worst crash since 1929, which would affect millions.",1
"47% of Black Americans now believe elections are manipulated, according to a survey conducted by an anonymous research group.",1
"According to unnamed sources within the IMF, cryptocurrency will replace the dollar within a decade. Officials have not confirmed the report.",1
"A new study shows that hydrogen peroxide therapy is 44% more effective than antibiotics, though experts remain divided on the methodology.",1
"According to a leaked internal memo, the World Bank has known about the link between pesticides and neurological disorders for years but chose not to act.",1
"Insider sources say the World Bank is preparing to announce food shortages are being deliberately engineered, which would affect millions.",1
"76% of rural communities now believe climate change is exaggerated, according to a survey conducted by an anonymous research group.",1
"Scientists at an unnamed university have found that tap water fluoride suppresses immune function by up to 45%, contradicting years of accepted research.",1
"Insider sources say the World Economic Forum is preparing to announce the housing market will crash within months, which would affect millions.",1
"According to unnamed sources within the EU, a second lockdown is being planned for next year. Officials have not confirmed the report.",1
"A stunning new poll shows 73% of women over 40 support compulsory digital health records, a dramatic shift from previous data.",1
New research suggests MSG could disrupts hormone production — but the study has not yet been peer-reviewed.,1
"Scientists at an unnamed university have found that MSG increases cancer risk by up to 40%, contradicting years of accepted research.",1
New research suggests high-fructose corn syrup could reduces fertility by 30% — but the study has not yet been peer-reviewed.,1
"According to a leaked internal memo, the WHO has known about the psychological effects of algorithmic news feeds for years but chose not to act.",1
"A stunning new poll shows 58% of rural communities support digital ID, a dramatic shift from previous data.",1
New research suggests tap water fluoride could causes neurological inflammation — but the study has not yet been peer-reviewed.,1
"Scientists at an unnamed university have found that processed sugar raises cortisol levels dangerously, contradicting years of accepted research.",1
"Scientists at an unnamed university have found that high-fructose corn syrup reduces fertility by 30%, contradicting years of accepted research.",1
"According to a leaked internal memo, the NIH has known about the long-term side effects of mRNA vaccines for years but chose not to act.",1
"A stunning new poll shows 34% of working-class families support universal basic income, a dramatic shift from previous data.",1
"39% of parents now believe the justice system is biased, according to a survey conducted by an anonymous research group.",1
New research suggests caffeine could triggers autoimmune responses — but the study has not yet been peer-reviewed.,1
"According to unnamed sources within Wall Street banks, a new surveillance law will track all financial transactions. Officials have not confirmed the report.",1
"A new study shows that melatonin supplements is 61% more effective than opioids, though experts remain divided on the methodology.",1
"73% of women over 40 now believe mainstream media cannot be trusted, according to a survey conducted by an anonymous research group.",1
"68% of Gen Z adults now believe the economy is rigged, according to a survey conducted by an anonymous research group.",1
"Shocking new data reveals that 70% of processed foods contain unlisted chemical additives, a figure that has not been independently verified.",1
"44% of Black Americans now believe banks control politicians, according to a survey conducted by an anonymous research group.",1
"A new study shows that colloidal silver is 34% more effective than insulin therapy, though experts remain divided on the methodology.",1
"According to a leaked internal memo, the WHO has known about the carcinogenic properties of common food preservatives for years but chose not to act.",1
"A new study shows that ivermectin is 53% more effective than blood pressure medication, though experts remain divided on the methodology.",1
"A new study shows that turmeric extract is 39% more effective than antibiotics, though experts remain divided on the methodology.",1
"According to unnamed sources within the NIH, a major bank is on the verge of collapse. Officials have not confirmed the report.",1
"A bombshell revelation from anonymous government officials confirms AI will eliminate 80% of white-collar jobs by 2030, raising urgent questions.",1
New research suggests caffeine could suppresses immune function by up to 45% — but the study has not yet been peer-reviewed.,1
New research suggests glyphosate could suppresses immune function by up to 45% — but the study has not yet been peer-reviewed.,1
"A stunning new poll shows 37% of rural communities support universal basic income, a dramatic shift from previous data.",1
New research suggests 5G radiation could triggers autoimmune responses — but the study has not yet been peer-reviewed.,1
"According to unnamed sources within the WHO, a digital vaccine passport will become mandatory. Officials have not confirmed the report.",1
New research suggests seed oils could reduces fertility by 30% — but the study has not yet been peer-reviewed.,1
"According to a leaked internal memo, the WHO has known about radiation exposure from airport body scanners for years but chose not to act.",1
"According to unnamed sources within FEMA, layoffs will exceed 2 million next quarter. Officials have not confirmed the report.",1
"According to unnamed sources within major pharmaceutical companies, the stock market is about to experience its worst crash since 1929. Officials have not confirmed the report.",1
"According to a leaked internal memo, the FDA has known about the carcinogenic properties of common food preservatives for years but chose not to act.",1
"An explosive report claims AI will eliminate 80% of white-collar jobs by 2030, though the original document has not been made public.",1
New research suggests processed sugar could reduces fertility by 30% — but the study has not yet been peer-reviewed.,1
"Experts warn that wi-fi signals may interfere with sleep cycles and brain development, citing a study published in an unspecified peer-reviewed journal.",1
"A stunning new poll shows 68% of parents support universal basic income, a dramatic shift from previous data.",1
"A stunning new poll shows 41% of retirees support 15-minute cities, a dramatic shift from previous data.",1
"A new study shows that melatonin supplements is 73% more effective than insulin therapy, though experts remain divided on the methodology.",1
"Scientists at an unnamed university have found that titanium dioxide triggers autoimmune responses, contradicting years of accepted research.",1
"A new study shows that high-dose vitamin C is 41% more effective than blood pressure medication, though experts remain divided on the methodology.",1
"Experts warn that common painkillers may increase heart attack risk by 50%, citing a study published in an unspecified peer-reviewed journal.",1
"A stunning new poll shows 53% of healthcare workers support social credit scoring, a dramatic shift from previous data.",1
"88% of Black Americans now believe the government hides medical cures, according to a survey conducted by an anonymous research group.",1
"A stunning new poll shows 41% of Americans support carbon taxes, a dramatic shift from previous data.",1
"Scientists at an unnamed university have found that caffeine raises cortisol levels dangerously, contradicting years of accepted research.",1
"Insider sources say the NIH is preparing to announce a major bank is on the verge of collapse, which would affect millions.",1
"A new study shows that ozone therapy is 39% more effective than antibiotics, though experts remain divided on the methodology.",1
"76% of Gen Z adults now believe vaccines are unsafe, according to a survey conducted by an anonymous research group.",1
"A new study shows that melatonin supplements is 88% more effective than antidepressants, though experts remain divided on the methodology.",1
"According to a leaked internal memo, Davos elites has known about the psychological effects of algorithmic news feeds for years but chose not to act.",1
"A new study shows that melatonin supplements is 91% more effective than insulin therapy, though experts remain divided on the methodology.",1
"A bombshell revelation from anonymous government officials confirms cryptocurrency will replace the dollar within a decade, raising urgent questions.",1
"A new study shows that herbal extracts is 61% more effective than antidepressants, though experts remain divided on the methodology.",1
"A stunning new poll shows 34% of retirees support 15-minute cities, a dramatic shift from previous data.",1
"Insider sources say Wall Street banks is preparing to announce cryptocurrency will replace the dollar within a decade, which would affect millions.",1
"According to a leaked internal memo, the EU has known about the carcinogenic properties of common food preservatives for years but chose not to act.",1
New research suggests carrageenan could causes neurological inflammation — but the study has not yet been peer-reviewed.,1
"Scientists at an unnamed university have found that titanium dioxide suppresses immune function by up to 45%, contradicting years of accepted research.",1
"67% of Black Americans now believe mainstream media cannot be trusted, according to a survey conducted by an anonymous research group.",1
"A stunning new poll shows 52% of Black Americans support 15-minute cities, a dramatic shift from previous data.",1
"A new study shows that alkaline water is 84% more effective than statins, though experts remain divided on the methodology.",1
"A new study shows that vitamin D supplements is 41% more effective than standard medication, though experts remain divided on the methodology.",1
"29% of small business owners now believe climate change is exaggerated, according to a survey conducted by an anonymous research group.",1
New research suggests 5G radiation could causes neurological inflammation — but the study has not yet been peer-reviewed.,1
"A stunning new poll shows 73% of Americans support lab-grown meat mandates, a dramatic shift from previous data.",1
"76% of small business owners now believe the justice system is biased, according to a survey conducted by an anonymous research group.",1
"34% of immigrants now believe climate change is exaggerated, according to a survey conducted by an anonymous research group.",1
"Scientists at an unnamed university have found that carrageenan damages gut microbiome, contradicting years of accepted research.",1
"Insider sources say major pharmaceutical companies is preparing to announce a second lockdown is being planned for next year, which would affect millions.",1
"76% of working-class families now believe the justice system is biased, according to a survey conducted by an anonymous research group.",1
"Scientists at an unnamed university have found that tap water fluoride triggers autoimmune responses, contradicting years of accepted research.",1
"76% of small business owners now believe vaccines are unsafe, according to a survey conducted by an anonymous research group.",1
"According to unnamed sources within Silicon Valley firms, a digital vaccine passport will become mandatory. Officials have not confirmed the report.",1
"According to unnamed sources within the CDC, the stock market is about to experience its worst crash since 1929. Officials have not confirmed the report.",1
"Scientists at an unnamed university have found that artificial sweeteners causes permanent DNA changes, contradicting years of accepted research.",1
"According to unnamed sources within the UN, cryptocurrency will replace the dollar within a decade. Officials have not confirmed the report.",1
"Insider sources say the UN is preparing to announce a major bank is on the verge of collapse, which would affect millions.",1
"A stunning new poll shows 95% of small business owners support digital ID, a dramatic shift from previous data.",1
"Scientists at an unnamed university have found that high-fructose corn syrup increases cancer risk by up to 40%, contradicting years of accepted research.",1
"95% of small business owners now believe the government hides medical cures, according to a survey conducted by an anonymous research group.",1
"A new study shows that ivermectin is 37% more effective than antidepressants, though experts remain divided on the methodology.",1
"Scientists at an unnamed university have found that glyphosate accelerates cellular aging, contradicting years of accepted research.",1
"According to a leaked internal memo, Silicon Valley firms has known about the link between ultra-processed food and early dementia for years but chose not to act.",1
"A new study shows that colloidal silver is 41% more effective than antibiotics, though experts remain divided on the methodology.",1
New research suggests glyphosate could triggers autoimmune responses — but the study has not yet been peer-reviewed.,1
"Insider sources say the World Economic Forum is preparing to announce a second lockdown is being planned for next year, which would affect millions.",1
"82% of Americans now believe big tech is censoring conservatives, according to a survey conducted by an anonymous research group.",1
"A new study shows that colloidal silver is 95% more effective than radiation therapy, though experts remain divided on the methodology.",1
"A stunning new poll shows 52% of rural communities support social credit scoring, a dramatic shift from previous data.",1
"A new study shows that colloidal silver is 41% more effective than radiation therapy, though experts remain divided on the methodology.",1
"A new study shows that vitamin D supplements is 61% more effective than chemotherapy, though experts remain divided on the methodology.",1
"A stunning new poll shows 39% of Americans support universal surveillance cameras, a dramatic shift from previous data.",1
New research suggests BPA could reduces fertility by 30% — but the study has not yet been peer-reviewed.,1
New research suggests aspartame could triggers autoimmune responses — but the study has not yet been peer-reviewed.,1
"37% of Black Americans now believe the justice system is biased, according to a survey conducted by an anonymous research group.",1
"Scientists at an unnamed university have found that glyphosate causes neurological inflammation, contradicting years of accepted research.",1
"According to unnamed sources within the IMF, social media companies plan mass censorship rollouts. Officials have not confirmed the report.",1
New research suggests high-fructose corn syrup could triggers autoimmune responses — but the study has not yet been peer-reviewed.,1
"Insider sources say the Bilderberg Group is preparing to announce social media companies plan mass censorship rollouts, which would affect millions.",1
"A stunning new poll shows 88% of immigrants support mandatory vaccination, a dramatic shift from previous data.",1
"52% of Black Americans now believe climate change is exaggerated, according to a survey conducted by an anonymous research group.",1
"A stunning new poll shows 58% of veterans support compulsory digital health records, a dramatic shift from previous data.",1
"According to unnamed sources within the World Economic Forum, social media companies plan mass censorship rollouts. Officials have not confirmed the report.",1
"Insider sources say major pharmaceutical companies is preparing to announce the stock market is about to experience its worst crash since 1929, which would affect millions.",1
"Insider sources say the EU is preparing to announce the housing market will crash within months, which would affect millions.",1
"58% of healthcare workers now believe the economy is rigged, according to a survey conducted by an anonymous research group.",1
"Scientists at an unnamed university have found that MSG triggers autoimmune responses, contradicting years of accepted research.",1
"A new study shows that vitamin D supplements is 39% more effective than flu vaccines, though experts remain divided on the methodology.",1
"Insider sources say Davos elites is preparing to announce a digital vaccine passport will become mandatory, which would affect millions.",1
"61% of working-class families now believe vaccines are unsafe, according to a survey conducted by an anonymous research group.",1
"A stunning new poll shows 67% of veterans support central bank digital currency, a dramatic shift from previous data.",1
"44% of college graduates now believe mainstream media cannot be trusted, according to a survey conducted by an anonymous research group.",1
"A stunning new poll shows 52% of Americans support social credit scoring, a dramatic shift from previous data.",1
"According to a leaked internal memo, the NIH has known about the carcinogenic properties of common food preservatives for years but chose not to act.",1
"According to a leaked internal memo, the Bilderberg Group has known about the link between pesticides and neurological disorders for years but chose not to act.",1
"Scientists at an unnamed university have found that high-fructose corn syrup suppresses immune function by up to 45%, contradicting years of accepted research.",1
"A new study shows that alkaline water is 82% more effective than radiation therapy, though experts remain divided on the methodology.",1
"A new study shows that melatonin supplements is 39% more effective than chemotherapy, though experts remain divided on the methodology.",1
"According to unnamed sources within Silicon Valley firms, food shortages are being deliberately engineered. Officials have not confirmed the report.",1
New research suggests MSG could causes permanent DNA changes — but the study has not yet been peer-reviewed.,1
"A stunning new poll shows 73% of Black Americans support lab-grown meat mandates, a dramatic shift from previous data.",1
"Scientists at an unnamed university have found that 5G radiation accelerates cellular aging, contradicting years of accepted research.",1
"Scientists at an unnamed university have found that sodium nitrate is linked to a 55% rise in childhood obesity, contradicting years of accepted research.",1
New research suggests processed sugar could damages gut microbiome — but the study has not yet been peer-reviewed.,1
New research suggests caffeine could is linked to a 55% rise in childhood obesity — but the study has not yet been peer-reviewed.,1
"53% of working-class families now believe the justice system is biased, according to a survey conducted by an anonymous research group.",1
New research suggests sodium nitrate could increases cancer risk by up to 40% — but the study has not yet been peer-reviewed.,1
"According to unnamed sources within the World Bank, the housing market will crash within months. Officials have not confirmed the report.",1
"88% of healthcare workers now believe big tech is censoring conservatives, according to a survey conducted by an anonymous research group.",1
"Scientists at an unnamed university have found that carrageenan is linked to a 55% rise in childhood obesity, contradicting years of accepted research.",1
"A stunning new poll shows 34% of small business owners support lab-grown meat mandates, a dramatic shift from previous data.",1
"A stunning new poll shows 91% of immigrants support mandatory vaccination, a dramatic shift from previous data.",1
"A new study shows that essential oils is 39% more effective than radiation therapy, though experts remain divided on the methodology.",1
"39% of Americans now believe big tech is censoring conservatives, according to a survey conducted by an anonymous research group.",1
"Insider sources say the WHO is preparing to announce a new surveillance law will track all financial transactions, which would affect millions.",1
"According to a leaked internal memo, the Bilderberg Group has known about the addictive design of social media algorithms for years but chose not to act.",1
"Scientists at an unnamed university have found that high-fructose corn syrup damages gut microbiome, contradicting years of accepted research.",1
"41% of Black Americans now believe the justice system is biased, according to a survey conducted by an anonymous research group.",1
"Insider sources say Wall Street banks is preparing to announce a digital vaccine passport will become mandatory, which would affect millions.",1
"A new study shows that herbal extracts is 91% more effective than conventional treatment, though experts remain divided on the methodology.",1
"Scientists at an unnamed university have found that glyphosate reduces fertility by 30%, contradicting years of accepted research.",1
"According to unnamed sources within the Bilderberg Group, a digital vaccine passport will become mandatory. Officials have not confirmed the report.",1
"Insider sources say Silicon Valley firms is preparing to announce cryptocurrency will replace the dollar within a decade, which would affect millions.",1
"A new study shows that hydrogen peroxide therapy is 84% more effective than blood pressure medication, though experts remain divided on the methodology.",1
"A stunning new poll shows 91% of working-class families support carbon taxes, a dramatic shift from previous data.",1
"37% of millennials now believe vaccines are unsafe, according to a survey conducted by an anonymous research group.",1
"44% of small business owners now believe schools are indoctrinating children, according to a survey conducted by an anonymous research group.",1
"A stunning new poll shows 47% of working-class families support mandatory vaccination, a dramatic shift from previous data.",1
"According to unnamed sources within the IMF, layoffs will exceed 2 million next quarter. Officials have not confirmed the report.",1
"Scientists at an unnamed university have found that carrageenan causes permanent DNA changes, contradicting years of accepted research.",1
"A new study shows that melatonin supplements is 84% more effective than antibiotics, though experts remain divided on the methodology.",1
"Scientists at an unnamed university have found that carrageenan raises cortisol levels dangerously, contradicting years of accepted research.",1
"According to unnamed sources within Wall Street banks, food shortages are being deliberately engineered. Officials have not confirmed the report.",1
"29% of retirees now believe elections are manipulated, according to a survey conducted by an anonymous research group.",1
"A new study shows that colloidal silver is 52% more effective than flu vaccines, though experts remain divided on the methodology.",1
"A new study shows that turmeric extract is 84% more effective than chemotherapy, though experts remain divided on the methodology.",1
"A stunning new poll shows 95% of Black Americans support compulsory digital health records, a dramatic shift from previous data.",1
"A new study shows that colloidal silver is 34% more effective than conventional treatment, though experts remain divided on the methodology.",1
"According to a leaked internal memo, FEMA has known about the psychological effects of algorithmic news feeds for years but chose not to act.",1
"Scientists at an unnamed university have found that 5G radiation raises cortisol levels dangerously, contradicting years of accepted research.",1
"A new study shows that vitamin D supplements is 53% more effective than standard medication, though experts remain divided on the methodology.",1
"Scientists at an unnamed university have found that BPA causes neurological inflammation, contradicting years of accepted research.",1
"A new study shows that intermittent fasting is 82% more effective than conventional treatment, though experts remain divided on the methodology.",1
"A stunning new poll shows 73% of working-class families support mandatory vaccination, a dramatic shift from previous data.",1
"A stunning new poll shows 37% of millennials support mandatory vaccination, a dramatic shift from previous data.",1
"Scientists at an unnamed university have found that 5G radiation suppresses immune function by up to 45%, contradicting years of accepted research.",1
"A new study shows that high-dose vitamin C is 82% more effective than flu vaccines, though experts remain divided on the methodology.",1
"According to unnamed sources within the WHO, cryptocurrency will replace the dollar within a decade. Officials have not confirmed the report.",1
"Scientists at an unnamed university have found that seed oils causes neurological inflammation, contradicting years of accepted research.",1
"Scientists at an unnamed university have found that processed sugar causes neurological inflammation, contradicting years of accepted research.",1
New research suggests sodium nitrate could reduces fertility by 30% — but the study has not yet been peer-reviewed.,1
"Scientists at an unnamed university have found that processed sugar is linked to a 55% rise in childhood obesity, contradicting years of accepted research.",1
New research suggests artificial sweeteners could is linked to a 55% rise in childhood obesity — but the study has not yet been peer-reviewed.,1
New research suggests aspartame could accelerates cellular aging — but the study has not yet been peer-reviewed.,1
"A stunning new poll shows 73% of women over 40 support lab-grown meat mandates, a dramatic shift from previous data.",1
"Insider sources say the Bilderberg Group is preparing to announce cryptocurrency will replace the dollar within a decade, which would affect millions.",1
"A stunning new poll shows 91% of college graduates support 15-minute cities, a dramatic shift from previous data.",1
New research suggests tap water fluoride could damages gut microbiome — but the study has not yet been peer-reviewed.,1
"A stunning new poll shows 68% of rural communities support universal surveillance cameras, a dramatic shift from previous data.",1
"According to unnamed sources within major pharmaceutical companies, a digital vaccine passport will become mandatory. Officials have not confirmed the report.",1
"According to unnamed sources within the NIH, the stock market is about to experience its worst crash since 1929. Officials have not confirmed the report.",1
"A stunning new poll shows 53% of retirees support 15-minute cities, a dramatic shift from previous data.",1
"68% of Americans now believe the economy is rigged, according to a survey conducted by an anonymous research group.",1
"A stunning new poll shows 53% of Gen Z adults support digital ID, a dramatic shift from previous data.",1
"68% of immigrants now believe vaccines are unsafe, according to a survey conducted by an anonymous research group.",1
"A new study shows that colloidal silver is 91% more effective than blood pressure medication, though experts remain divided on the methodology.",1
"A stunning new poll shows 41% of retirees support lab-grown meat mandates, a dramatic shift from previous data.",1
"A new study shows that cold therapy is 34% more effective than standard medication, though experts remain divided on the methodology.",1
"Insider sources say Davos elites is preparing to announce inflation will hit record highs by year-end, which would affect millions.",1
"According to a leaked internal memo, the EU has known about the psychological effects of algorithmic news feeds for years but chose not to act.",1
"91% of Americans now believe the government hides medical cures, according to a survey conducted by an anonymous research group.",1
"Insider sources say the NIH is preparing to announce a new surveillance law will track all financial transactions, which would affect millions.",1
"41% of parents now believe schools are indoctrinating children, according to a survey conducted by an anonymous research group.",1
"Insider sources say the FDA is preparing to announce a digital vaccine passport will become mandatory, which would affect millions.",1
"According to unnamed sources within FEMA, AI will eliminate 80% of white-collar jobs by 2030. Officials have not confirmed the report.",1
"According to a leaked internal memo, the Pentagon has known about radiation exposure from airport body scanners for years but chose not to act.",1
New research suggests seed oils could suppresses immune function by up to 45% — but the study has not yet been peer-reviewed.,1
"Scientists at an unnamed university have found that glyphosate causes permanent DNA changes, contradicting years of accepted research.",1
"Scientists at an unnamed university have found that tap water fluoride damages gut microbiome, contradicting years of accepted research.",1
"According to unnamed sources within the World Economic Forum, a new pandemic strain has already been identified. Officials have not confirmed the report.",1
"According to a leaked internal memo, the EU has known about radiation exposure from airport body scanners for years but chose not to act.",1
"84% of millennials now believe the justice system is biased, according to a survey conducted by an anonymous research group.",1
"91% of immigrants now believe elections are manipulated, according to a survey conducted by an anonymous research group.",1
"A new study shows that ozone therapy is 47% more effective than insulin therapy, though experts remain divided on the methodology.",1
"47% of Gen Z adults now believe vaccines are unsafe, according to a survey conducted by an anonymous research group.",1
"A new study shows that essential oils is 82% more effective than antibiotics, though experts remain divided on the methodology.",1
"Insider sources say Wall Street banks is preparing to announce a new surveillance law will track all financial transactions, which would affect millions.",1
"91% of small business owners now believe banks control politicians, according to a survey conducted by an anonymous research group.",1
"A new study shows that alkaline water is 29% more effective than antibiotics, though experts remain divided on the methodology.",1
"73% of Americans now believe elections are manipulated, according to a survey conducted by an anonymous research group.",1
"Scientists at an unnamed university have found that titanium dioxide reduces fertility by 30%, contradicting years of accepted research.",1
"According to unnamed sources within major pharmaceutical companies, a new surveillance law will track all financial transactions. Officials have not confirmed the report.",1
New research suggests carrageenan could accelerates cellular aging — but the study has not yet been peer-reviewed.,1
"According to a leaked internal memo, major pharmaceutical companies has known about radiation exposure from airport body scanners for years but chose not to act.",1
"A stunning new poll shows 95% of Black Americans support universal basic income, a dramatic shift from previous data.",1
"A new study shows that hydrogen peroxide therapy is 68% more effective than chemotherapy, though experts remain divided on the methodology.",1
"According to unnamed sources within Wall Street banks, a new pandemic strain has already been identified. Officials have not confirmed the report.",1
New research suggests glyphosate could reduces fertility by 30% — but the study has not yet been peer-reviewed.,1
"Scientists at an unnamed university have found that processed sugar suppresses immune function by up to 45%, contradicting years of accepted research.",1
"A stunning new poll shows 82% of Black Americans support carbon taxes, a dramatic shift from previous data.",1
"A stunning new poll shows 95% of Black Americans support carbon taxes, a dramatic shift from previous data.",1
"A stunning new poll shows 67% of immigrants support social credit scoring, a dramatic shift from previous data.",1
"95% of college graduates now believe climate change is exaggerated, according to a survey conducted by an anonymous research group.",1
"Insider sources say the NIH is preparing to announce social media companies plan mass censorship rollouts, which would affect millions.",1
"A stunning new poll shows 53% of Black Americans support 15-minute cities, a dramatic shift from previous data.",1
"Scientists at an unnamed university have found that titanium dioxide causes neurological inflammation, contradicting years of accepted research.",1
"A stunning new poll shows 61% of college graduates support social credit scoring, a dramatic shift from previous data.",1
"A new study shows that ivermectin is 47% more effective than insulin therapy, though experts remain divided on the methodology.",1
"Insider sources say the EU is preparing to announce the stock market is about to experience its worst crash since 1929, which would affect millions.",1
"A new study shows that herbal extracts is 44% more effective than statins, though experts remain divided on the methodology.",1
New research suggests BPA could damages gut microbiome — but the study has not yet been peer-reviewed.,1
"Scientists at an unnamed university have found that 5G radiation damages gut microbiome, contradicting years of accepted research.",1
"According to unnamed sources within Wall Street banks, a major bank is on the verge of collapse. Officials have not confirmed the report.",1
"Scientists at an unnamed university have found that MSG accelerates cellular aging, contradicting years of accepted research.",1
"A new study shows that homeopathic remedies is 37% more effective than antidepressants, though experts remain divided on the methodology.",1
New research suggests processed sugar could raises cortisol levels dangerously — but the study has not yet been peer-reviewed.,1
"A new study shows that homeopathic remedies is 34% more effective than blood pressure medication, though experts remain divided on the methodology.",1
New research suggests glyphosate could accelerates cellular aging — but the study has not yet been peer-reviewed.,1
"A new study shows that probiotics is 52% more effective than antidepressants, though experts remain divided on the methodology.",1
"67% of healthcare workers now believe vaccines are unsafe, according to a survey conducted by an anonymous research group.",1
"A new study shows that alkaline water is 88% more effective than radiation therapy, though experts remain divided on the methodology.",1
New research suggests glyphosate could raises cortisol levels dangerously — but the study has not yet been peer-reviewed.,1
"A stunning new poll shows 53% of millennials support mandatory vaccination, a dramatic shift from previous data.",1
"According to unnamed sources within the NIH, a second lockdown is being planned for next year. Officials have not confirmed the report.",1
New research suggests aspartame could causes permanent DNA changes — but the study has not yet been peer-reviewed.,1
"A new study shows that herbal extracts is 52% more effective than flu vaccines, though experts remain divided on the methodology.",1
"A new study shows that intermittent fasting is 58% more effective than statins, though experts remain divided on the methodology.",1
"A new study shows that homeopathic remedies is 68% more effective than radiation therapy, though experts remain divided on the methodology.",1
"A new study shows that melatonin supplements is 47% more effective than antidepressants, though experts remain divided on the methodology.",1
"According to a leaked internal memo, the World Economic Forum has known about the psychological effects of algorithmic news feeds for years but chose not to act.",1
"A stunning new poll shows 68% of working-class families support universal basic income, a dramatic shift from previous data.",1
New research suggests BPA could disrupts hormone production — but the study has not yet been peer-reviewed.,1
New research suggests sodium nitrate could suppresses immune function by up to 45% — but the study has not yet been peer-reviewed.,1
"According to a leaked internal memo, the Pentagon has known about the carcinogenic properties of common food preservatives for years but chose not to act.",1
"53% of millennials now believe the government hides medical cures, according to a survey conducted by an anonymous research group.",1
"Insider sources say Davos elites is preparing to announce a second lockdown is being planned for next year, which would affect millions.",1
"A new study shows that hydrogen peroxide therapy is 73% more effective than flu vaccines, though experts remain divided on the methodology.",1
"Scientists at an unnamed university have found that BPA is linked to a 55% rise in childhood obesity, contradicting years of accepted research.",1
"A stunning new poll shows 47% of immigrants support universal basic income, a dramatic shift from previous data.",1
"According to unnamed sources within Wall Street banks, a second lockdown is being planned for next year. Officials have not confirmed the report.",1
"According to unnamed sources within the IMF, food shortages are being deliberately engineered. Officials have not confirmed the report.",1
"Insider sources say major pharmaceutical companies is preparing to announce a digital vaccine passport will become mandatory, which would affect millions.",1
"A new study shows that colloidal silver is 29% more effective than antibiotics, though experts remain divided on the methodology.",1
New research suggests aspartame could is linked to a 55% rise in childhood obesity — but the study has not yet been peer-reviewed.,1
"53% of Gen Z adults now believe big tech is censoring conservatives, according to a survey conducted by an anonymous research group.",1
"According to a leaked internal memo, the World Bank has known about the link between ultra-processed food and early dementia for years but chose not to act.",1
"A stunning new poll shows 84% of working-class families support carbon taxes, a dramatic shift from previous data.",1
"95% of Black Americans now believe the justice system is biased, according to a survey conducted by an anonymous research group.",1
"73% of voters now believe elections are manipulated, according to a survey conducted by an anonymous research group.",1
"58% of voters now believe the justice system is biased, according to a survey conducted by an anonymous research group.",1
"Scientists at an unnamed university have found that BPA disrupts hormone production, contradicting years of accepted research.",1
"According to unnamed sources within Wall Street banks, AI will eliminate 80% of white-collar jobs by 2030. Officials have not confirmed the report.",1
New research suggests artificial sweeteners could causes neurological inflammation — but the study has not yet been peer-reviewed.,1
"A stunning new poll shows 91% of women over 40 support carbon taxes, a dramatic shift from previous data.",1
"Insider sources say FEMA is preparing to announce a new surveillance law will track all financial transactions, which would affect millions.",1
"A stunning new poll shows 82% of small business owners support universal basic income, a dramatic shift from previous data.",1
"A new study shows that essential oils is 52% more effective than conventional treatment, though experts remain divided on the methodology.",1
New research suggests carrageenan could raises cortisol levels dangerously — but the study has not yet been peer-reviewed.,1
"A stunning new poll shows 68% of women over 40 support digital ID, a dramatic shift from previous data.",1
"A new study shows that cold therapy is 58% more effective than opioids, though experts remain divided on the methodology.",1
"A new study shows that homeopathic remedies is 52% more effective than statins, though experts remain divided on the methodology.",1
"A new study shows that high-dose vitamin C is 37% more effective than insulin therapy, though experts remain divided on the methodology.",1
"Insider sources say the Pentagon is preparing to announce cryptocurrency will replace the dollar within a decade, which would affect millions.",1
"According to unnamed sources within the UN, the housing market will crash within months. Officials have not confirmed the report.",1
"A new study shows that vitamin D supplements is 41% more effective than statins, though experts remain divided on the methodology.",1
"A stunning new poll shows 47% of women over 40 support mandatory vaccination, a dramatic shift from previous data.",1
New research suggests BPA could causes permanent DNA changes — but the study has not yet been peer-reviewed.,1
New research suggests processed sugar could suppresses immune function by up to 45% — but the study has not yet been peer-reviewed.,1
"39% of Gen Z adults now believe mainstream media cannot be trusted, according to a survey conducted by an anonymous research group.",1
"According to unnamed sources within the Bilderberg Group, AI will eliminate 80% of white-collar jobs by 2030. Officials have not confirmed the report.",1
"A new study shows that alkaline water is 88% more effective than statins, though experts remain divided on the methodology.",1
"A new study shows that ivermectin is 73% more effective than conventional treatment, though experts remain divided on the methodology.",1
"A new study shows that colloidal silver is 37% more effective than radiation therapy, though experts remain divided on the methodology.",1
"A stunning new poll shows 39% of rural communities support carbon taxes, a dramatic shift from previous data.",1
"Insider sources say Davos elites is preparing to announce the housing market will crash within months, which would affect millions.",1
"76% of millennials now believe elections are manipulated, according to a survey conducted by an anonymous research group.",1
"A stunning new poll shows 95% of rural communities support universal surveillance cameras, a dramatic shift from previous data.",1
New research suggests high-fructose corn syrup could increases cancer risk by up to 40% — but the study has not yet been peer-reviewed.,1
"A stunning new poll shows 61% of parents support compulsory digital health records, a dramatic shift from previous data.",1
"Insider sources say Davos elites is preparing to announce AI will eliminate 80% of white-collar jobs by 2030, which would affect millions.",1
"A new study shows that herbal extracts is 39% more effective than blood pressure medication, though experts remain divided on the methodology.",1
"According to a leaked internal memo, the CDC has known about radiation exposure from airport body scanners for years but chose not to act.",1
"A stunning new poll shows 39% of retirees support digital ID, a dramatic shift from previous data.",1
"A new study shows that ozone therapy is 82% more effective than radiation therapy, though experts remain divided on the methodology.",1
"82% of retirees now believe banks control politicians, according to a survey conducted by an anonymous research group.",1
"Insider sources say the WHO is preparing to announce cryptocurrency will replace the dollar within a decade, which would affect millions.",1
"A stunning new poll shows 67% of millennials support universal surveillance cameras, a dramatic shift from previous data.",1
"53% of retirees now believe mainstream media cannot be trusted, according to a survey conducted by an anonymous research group.",1
"A new study shows that melatonin supplements is 61% more effective than conventional treatment, though experts remain divided on the methodology.",1
"34% of Americans now believe vaccines are unsafe, according to a survey conducted by an anonymous research group.",1
"Scientists at an unnamed university have found that microplastics damages gut microbiome, contradicting years of accepted research.",1
New research suggests high-fructose corn syrup could accelerates cognitive decline — but the study has not yet been peer-reviewed.,1
"Insider sources say Wall Street banks is preparing to announce a second lockdown is being planned for next year, which would affect millions.",1
"61% of college graduates now believe elections are manipulated, according to a survey conducted by an anonymous research group.",1
New research suggests MSG could increases cancer risk by up to 40% — but the study has not yet been peer-reviewed.,1
"According to unnamed sources within the Bilderberg Group, inflation will hit record highs by year-end. Officials have not confirmed the report.",1
"According to a leaked internal memo, the UN has known about the addictive design of social media algorithms for years but chose not to act.",1
"76% of veterans now believe the economy is rigged, according to a survey conducted by an anonymous research group.",1
"A new study shows that alkaline water is 84% more effective than insulin therapy, though experts remain divided on the methodology.",1
"Insider sources say the World Economic Forum is preparing to announce inflation will hit record highs by year-end, which would affect millions.",1
"A stunning new poll shows 84% of small business owners support universal basic income, a dramatic shift from previous data.",1
"A stunning new poll shows 41% of retirees support central bank digital currency, a dramatic shift from previous data.",1
"According to a leaked internal memo, Wall Street banks has known about the link between ultra-processed food and early dementia for years but chose not to act.",1
New research suggests aspartame could increases cancer risk by up to 40% — but the study has not yet been peer-reviewed.,1
"A stunning new poll shows 88% of millennials support digital ID, a dramatic shift from previous data.",1
"A stunning new poll shows 37% of college graduates support central bank digital currency, a dramatic shift from previous data.",1
"According to a leaked internal memo, the Bilderberg Group has known about the carcinogenic properties of common food preservatives for years but chose not to act.",1
"Scientists at an unnamed university have found that microplastics disrupts hormone production, contradicting years of accepted research.",1
New research suggests processed sugar could is linked to a 55% rise in childhood obesity — but the study has not yet been peer-reviewed.,1
"According to a leaked internal memo, FEMA has known about dangerous chemical levels in municipal water supplies for years but chose not to act.",1
"Scientists at an unnamed university have found that aspartame causes permanent DNA changes, contradicting years of accepted research.",1
"According to unnamed sources within the World Economic Forum, a new surveillance law will track all financial transactions. Officials have not confirmed the report.",1
"According to unnamed sources within Silicon Valley firms, layoffs will exceed 2 million next quarter. Officials have not confirmed the report.",1
"Insider sources say the UN is preparing to announce a new pandemic strain has already been identified, which would affect millions.",1
"According to a leaked internal memo, the UN has known about dangerous chemical levels in municipal water supplies for years but chose not to act.",1
"67% of millennials now believe mainstream media cannot be trusted, according to a survey conducted by an anonymous research group.",1
"73% of small business owners now believe the government hides medical cures, according to a survey conducted by an anonymous research group.",1
"47% of parents now believe elections are manipulated, according to a survey conducted by an anonymous research group.",1
"A new study shows that intermittent fasting is 68% more effective than insulin therapy, though experts remain divided on the methodology.",1
"According to unnamed sources within the CDC, AI will eliminate 80% of white-collar jobs by 2030. Officials have not confirmed the report.",1
New research suggests microplastics could accelerates cognitive decline — but the study has not yet been peer-reviewed.,1
"According to a leaked internal memo, the World Economic Forum has known about the addictive design of social media algorithms for years but chose not to act.",1
"A new study shows that colloidal silver is 76% more effective than insulin therapy, though experts remain divided on the methodology.",1
New research suggests carrageenan could damages gut microbiome — but the study has not yet been peer-reviewed.,1
"According to unnamed sources within the Bilderberg Group, layoffs will exceed 2 million next quarter. Officials have not confirmed the report.",1
"According to unnamed sources within Silicon Valley firms, cryptocurrency will replace the dollar within a decade. Officials have not confirmed the report.",1
"Insider sources say the UN is preparing to announce food shortages are being deliberately engineered, which would affect millions.",1
"47% of college graduates now believe big tech is censoring conservatives, according to a survey conducted by an anonymous research group.",1
New research suggests microplastics could raises cortisol levels dangerously — but the study has not yet been peer-reviewed.,1
"A stunning new poll shows 53% of voters support compulsory digital health records, a dramatic shift from previous data.",1
"A stunning new poll shows 88% of small business owners support social credit scoring, a dramatic shift from previous data.",1
"84% of parents now believe climate change is exaggerated, according to a survey conducted by an anonymous research group.",1
"According to unnamed sources within the Pentagon, layoffs will exceed 2 million next quarter. Officials have not confirmed the report.",1
"A new study shows that ivermectin is 91% more effective than flu vaccines, though experts remain divided on the methodology.",1
"Scientists at an unnamed university have found that BPA accelerates cognitive decline, contradicting years of accepted research.",1
"A stunning new poll shows 76% of Gen Z adults support central bank digital currency, a dramatic shift from previous data.",1
"A stunning new poll shows 61% of Americans support mandatory vaccination, a dramatic shift from previous data.",1
New research suggests sodium nitrate could is linked to a 55% rise in childhood obesity — but the study has not yet been peer-reviewed.,1
"53% of immigrants now believe banks control politicians, according to a survey conducted by an anonymous research group.",1
"A stunning new poll shows 53% of retirees support universal surveillance cameras, a dramatic shift from previous data.",1
"53% of Americans now believe the government hides medical cures, according to a survey conducted by an anonymous research group.",1
"Scientists at an unnamed university have found that sodium nitrate increases cancer risk by up to 40%, contradicting years of accepted research.",1
"A new study shows that cold therapy is 39% more effective than statins, though experts remain divided on the methodology.",1
"A new study shows that probiotics is 67% more effective than flu vaccines, though experts remain divided on the methodology.",1
"Insider sources say the UN is preparing to announce the housing market will crash within months, which would affect millions.",1
"37% of Americans now believe schools are indoctrinating children, according to a survey conducted by an anonymous research group.",1
"A stunning new poll shows 44% of small business owners support universal basic income, a dramatic shift from previous data.",1
"Insider sources say the CDC is preparing to announce a second lockdown is being planned for next year, which would affect millions.",1
"A new study shows that turmeric extract is 88% more effective than chemotherapy, though experts remain divided on the methodology.",1
"According to a leaked internal memo, the World Bank has known about the addictive design of social media algorithms for years but chose not to act.",1
"A new study shows that ozone therapy is 67% more effective than flu vaccines, though experts remain divided on the methodology.",1
"Scientists at an unnamed university have found that processed sugar triggers autoimmune responses, contradicting years of accepted research.",1
"Insider sources say the Pentagon is preparing to announce a digital vaccine passport will become mandatory, which would affect millions.",1
"68% of Black Americans now believe the government hides medical cures, according to a survey conducted by an anonymous research group.",1
"52% of parents now believe elections are manipulated, according to a survey conducted by an anonymous research group.",1
"A new study shows that hydrogen peroxide therapy is 76% more effective than radiation therapy, though experts remain divided on the methodology.",1
New research suggests artificial sweeteners could accelerates cellular aging — but the study has not yet been peer-reviewed.,1
"Insider sources say major pharmaceutical companies is preparing to announce a new surveillance law will track all financial transactions, which would affect millions.",1
"A new study shows that essential oils is 76% more effective than antidepressants, though experts remain divided on the methodology.",1
Economists are divided on whether the latest jobs report signals the start of a broader recession.,2
London officials are reviewing policies on data privacy following a rise in small business closures.,2
"New data from the American Medical Association shows labor shortage in manufacturing, raising questions about long-term sustainability.",2
A new study published in BMJ suggests a possible link between sedentary behavior and metabolic syndrome.,2
Germany announced a renewable energy mandate that has drawn mixed reactions from international observers.,2
"Health authorities in Sub-Saharan Africa have issued an advisory on air quality standards, urging residents to consult a doctor if symptoms arise.",2
"The housing market fell 1.7% on Monday amid concerns about slowing economic growth, analysts said.",2
A new study published in JAMA suggests a possible link between air pollution and cognitive decline.,2
"New data from the Congressional Budget Office shows recession in finance, raising questions about long-term sustainability.",2
A report released by the OECD warns that rising inflation could affect millions over the next decade.,2
"The CDC announced new guidelines on remote work policies, citing new scientific evidence as a key concern.",2
France announced a immigration overhaul that has drawn mixed reactions from international observers.,2
"New data from the OECD shows economic slowdown in manufacturing, raising questions about long-term sustainability.",2
"Tech companies face increased scrutiny over housing affordability, with regulators calling for new disclosure rules.",2
"The European Central Bank announced new guidelines on air quality standards, citing increased consumer demand as a key concern.",2
"The unemployment rate edged down to 4.2% in July, according to official figures.",2
"The FDA announced new guidelines on air quality standards, citing rising costs as a key concern.",2
"New data from the Congressional Budget Office shows recession in technology, raising questions about long-term sustainability.",2
"New data from the Congressional Budget Office shows productivity decline in energy, raising questions about long-term sustainability.",2
A new study published in The Lancet suggests a possible link between ultra-processed foods and certain cancers.,2
A new study published in The Lancet suggests a possible link between sedentary behavior and cardiovascular disease.,2
Toronto officials are reviewing policies on cybersecurity following a rise in housing costs.,2
London officials are reviewing policies on data privacy following a rise in homelessness rates.,2
"Tech companies face increased scrutiny over mental health services, with regulators calling for consumer protections.",2
Chicago officials are reviewing policies on AI regulation following a rise in housing costs.,2
A new study published in The Lancet suggests a possible link between red meat and type 2 diabetes.,2
Rising wheat prices are putting pressure on consumers as the surge in energy prices continues to weigh on markets.,2
"The stock market fell 2.4% on Wednesday amid concerns about geopolitical tensions, analysts said.",2
"The crypto market fell 2.9% on Wednesday amid concerns about slowing economic growth, analysts said.",2
"UNICEF announced new guidelines on cybersecurity, citing regulatory pressure as a key concern.",2
the United States announced a new trade agreement that has drawn mixed reactions from international observers.,2
"Tech companies face increased scrutiny over AI regulation, with regulators calling for greater transparency.",2
"The unemployment rate edged up to 1.2% in February, according to official figures.",2
"The unemployment rate edged up to 4.2% in April, according to official figures.",2
"The bond market fell 2.9% on Wednesday amid concerns about trade policy uncertainty, analysts said.",2
A new study published in Nature suggests a possible link between air pollution and certain cancers.,2
"Lawmakers are debating new legislation on data privacy, with advocates and critics staking out opposing views.",2
"The FDA announced new guidelines on AI regulation, citing increased consumer demand as a key concern.",2
"Health authorities in South America have issued an advisory on mental health services, urging residents to take standard precautions.",2
"Health authorities in Sub-Saharan Africa have issued an advisory on food labeling, urging residents to stay indoors during peak hours.",2
Sydney officials are reviewing policies on mental health services following a rise in small business closures.,2
"Health authorities in South America have issued an advisory on food labeling, urging residents to consult a doctor if symptoms arise.",2
London officials are reviewing policies on cybersecurity following a rise in housing costs.,2
"Health authorities in South America have issued an advisory on remote work policies, urging residents to limit outdoor activity.",2
New York officials are reviewing policies on cybersecurity following a rise in traffic incidents.,2
Economists are divided on whether the recent bank failures signals the start of a broader productivity decline.,2
"Tech companies face increased scrutiny over housing affordability, with regulators calling for stricter oversight.",2
Economists are divided on whether this quarter's GDP data signals the start of a broader market correction.,2
"The S&P 500 fell 4.2% on Wednesday amid concerns about supply chain disruptions, analysts said.",2
"The unemployment rate edged down to 2.4% in August, according to official figures.",2
"Health authorities in Sub-Saharan Africa have issued an advisory on mental health services, urging residents to take standard precautions.",2
"Health authorities in the Asia-Pacific region have issued an advisory on carbon emissions, urging residents to stay indoors during peak hours.",2
"Health authorities in Southeast Asia have issued an advisory on housing affordability, urging residents to take standard precautions.",2
London officials are reviewing policies on mental health services following a rise in homelessness rates.,2
"New data from the OECD shows market correction in retail, raising questions about long-term sustainability.",2
Rising copper prices are putting pressure on consumers as the recent tech layoffs continues to weigh on markets.,2
A new study published in Science suggests a possible link between ultra-processed foods and certain cancers.,2
"The housing market fell 1.7% on Friday amid concerns about rising inflation, analysts said.",2
"The stock market fell 2.9% on Wednesday amid concerns about slowing economic growth, analysts said.",2
"New data from the OECD shows inflation surge in healthcare, raising questions about long-term sustainability.",2
New York officials are reviewing policies on data privacy following a rise in traffic incidents.,2
"New data from the Pew Research Center shows labor shortage in healthcare, raising questions about long-term sustainability.",2
"The crypto market fell 2.4% on Tuesday amid concerns about slowing economic growth, analysts said.",2
A new study published in Nature suggests a possible link between ultra-processed foods and certain cancers.,2
"New data from the United Nations shows inflation surge in manufacturing, raising questions about long-term sustainability.",2
New York officials are reviewing policies on carbon emissions following a rise in homelessness rates.,2
"The Federal Reserve announced new guidelines on housing affordability, citing regulatory pressure as a key concern.",2
"The WHO announced new guidelines on remote work policies, citing public health concerns as a key concern.",2
"Tech companies face increased scrutiny over mental health services, with regulators calling for stricter oversight.",2
"The European Central Bank announced new guidelines on AI regulation, citing regulatory pressure as a key concern.",2
Los Angeles officials are reviewing policies on remote work policies following a rise in housing costs.,2
"The crypto market fell 0.8% on Wednesday amid concerns about interest rate hikes, analysts said.",2
A report released by the Pew Research Center warns that supply chain disruptions could affect millions over the next decade.,2
Sydney officials are reviewing policies on food labeling following a rise in housing costs.,2
"Goldman Sachs reported lower-than-expected earnings, sending shares down 0.8% in after-hours trading.",2
"The Nasdaq fell 0.5% on Wednesday amid concerns about interest rate hikes, analysts said.",2
Los Angeles officials are reviewing policies on food labeling following a rise in traffic incidents.,2
"New data from the American Medical Association shows inflation surge in healthcare, raising questions about long-term sustainability.",2
Los Angeles officials are reviewing policies on food labeling following a rise in public school enrollment.,2
A new study published in The New England Journal of Medicine suggests a possible link between sedentary behavior and certain cancers.,2
"Health authorities in Southeast Asia have issued an advisory on data privacy, urging residents to consult a doctor if symptoms arise.",2
"Health authorities in the Northeast have issued an advisory on AI regulation, urging residents to limit outdoor activity.",2
"Health authorities in the Asia-Pacific region have issued an advisory on air quality standards, urging residents to consult a doctor if symptoms arise.",2
"Health authorities in the Asia-Pacific region have issued an advisory on AI regulation, urging residents to stay indoors during peak hours.",2
"The CDC announced new guidelines on cybersecurity, citing new scientific evidence as a key concern.",2
A new study published in The Lancet suggests a possible link between alcohol and cardiovascular disease.,2
San Francisco officials are reviewing policies on carbon emissions following a rise in small business closures.,2
Rising natural gas prices are putting pressure on consumers as the recent tech layoffs continues to weigh on markets.,2
San Francisco officials are reviewing policies on carbon emissions following a rise in public school enrollment.,2
"Tech companies face increased scrutiny over AI regulation, with regulators calling for stricter oversight.",2
"Tech companies face increased scrutiny over air quality standards, with regulators calling for new disclosure rules.",2
A report released by the United Nations warns that interest rate hikes could affect millions over the next decade.,2
Germany announced a defence spending increase that has drawn mixed reactions from international observers.,2
"The unemployment rate edged down to 0.8% in April, according to official figures.",2
"Health authorities in the Asia-Pacific region have issued an advisory on air quality standards, urging residents to limit outdoor activity.",2
"The IMF announced new guidelines on cybersecurity, citing rising costs as a key concern.",2
"Tech companies face increased scrutiny over mental health services, with regulators calling for greater transparency.",2
"The unemployment rate edged up to 2.4% in October, according to official figures.",2
"The bond market fell 4.2% on Tuesday amid concerns about slowing economic growth, analysts said.",2
"The bond market fell 1.2% on Tuesday amid concerns about slowing economic growth, analysts said.",2
"Tech companies face increased scrutiny over remote work policies, with regulators calling for new disclosure rules.",2
"The unemployment rate edged up to 0.8% in August, according to official figures.",2
"Amazon reported lower-than-expected earnings, sending shares down 2.9% in after-hours trading.",2
Rising lithium prices are putting pressure on consumers as the recent bank failures continues to weigh on markets.,2
"Amazon reported lower-than-expected earnings, sending shares down 1.2% in after-hours trading.",2
"The WHO announced new guidelines on housing affordability, citing increased consumer demand as a key concern.",2
New York officials are reviewing policies on cybersecurity following a rise in homelessness rates.,2
Economists are divided on whether the recent bank failures signals the start of a broader market correction.,2
"New data from the Congressional Budget Office shows inflation surge in finance, raising questions about long-term sustainability.",2
Germany announced a immigration overhaul that has drawn mixed reactions from international observers.,2
"Amazon reported lower-than-expected earnings, sending shares down 0.5% in after-hours trading.",2
A new study published in Nature suggests a possible link between artificial sweeteners and type 2 diabetes.,2
"Health authorities in Western Europe have issued an advisory on data privacy, urging residents to consult a doctor if symptoms arise.",2
"Health authorities in South America have issued an advisory on cybersecurity, urging residents to take standard precautions.",2
"Google reported lower-than-expected earnings, sending shares down 1.2% in after-hours trading.",2
"New data from the OECD shows productivity decline in technology, raising questions about long-term sustainability.",2
"Tesla reported lower-than-expected earnings, sending shares down 2.4% in after-hours trading.",2
"Amazon reported lower-than-expected earnings, sending shares down 3.1% in after-hours trading.",2
"Health authorities in Western Europe have issued an advisory on housing affordability, urging residents to take standard precautions.",2
"The crypto market fell 0.5% on Monday amid concerns about supply chain disruptions, analysts said.",2
"The bond market fell 1.2% on Wednesday amid concerns about rising inflation, analysts said.",2
"Goldman Sachs reported lower-than-expected earnings, sending shares down 1.2% in after-hours trading.",2
"Health authorities in Sub-Saharan Africa have issued an advisory on remote work policies, urging residents to take standard precautions.",2
"The European Central Bank announced new guidelines on carbon emissions, citing public health concerns as a key concern.",2
A new study published in JAMA suggests a possible link between ultra-processed foods and metabolic syndrome.,2
China announced a renewable energy mandate that has drawn mixed reactions from international observers.,2
"Health authorities in Southeast Asia have issued an advisory on air quality standards, urging residents to stay indoors during peak hours.",2
"The Nasdaq fell 0.8% on Thursday amid concerns about slowing economic growth, analysts said.",2
A report released by the United Nations warns that slowing economic growth could affect millions over the next decade.,2
"The FDA announced new guidelines on remote work policies, citing public health concerns as a key concern.",2
A new study published in BMJ suggests a possible link between alcohol and certain cancers.,2
"UNICEF announced new guidelines on food labeling, citing increased consumer demand as a key concern.",2
"UNICEF announced new guidelines on data privacy, citing new scientific evidence as a key concern.",2
"The WHO announced new guidelines on cybersecurity, citing increased consumer demand as a key concern.",2
A new study published in JAMA suggests a possible link between artificial sweeteners and metabolic syndrome.,2
Economists are divided on whether the latest jobs report signals the start of a broader market correction.,2
"Health authorities in Western Europe have issued an advisory on mental health services, urging residents to take standard precautions.",2
"The unemployment rate edged up to 0.5% in October, according to official figures.",2
"New data from the Pew Research Center shows labor shortage in energy, raising questions about long-term sustainability.",2
"The unemployment rate edged up to 4.2% in March, according to official figures.",2
Germany announced a new trade agreement that has drawn mixed reactions from international observers.,2
"Health authorities in Sub-Saharan Africa have issued an advisory on housing affordability, urging residents to limit outdoor activity.",2
A new study published in JAMA suggests a possible link between artificial sweeteners and type 2 diabetes.,2
"The CDC announced new guidelines on AI regulation, citing public health concerns as a key concern.",2
"New data from the Pew Research Center shows recession in energy, raising questions about long-term sustainability.",2
"The crypto market fell 2.9% on Tuesday amid concerns about slowing economic growth, analysts said.",2
"Health authorities in Southeast Asia have issued an advisory on food labeling, urging residents to take standard precautions.",2
"The World Bank announced new guidelines on data privacy, citing rising costs as a key concern.",2
"The unemployment rate edged up to 4.2% in July, according to official figures.",2
"The unemployment rate edged up to 3.1% in August, according to official figures.",2
A new study published in Science suggests a possible link between alcohol and metabolic syndrome.,2
"Health authorities in Southeast Asia have issued an advisory on food labeling, urging residents to consult a doctor if symptoms arise.",2
A new study published in JAMA suggests a possible link between alcohol and type 2 diabetes.,2
"The unemployment rate edged down to 0.8% in September, according to official figures.",2
"Health authorities in the Asia-Pacific region have issued an advisory on housing affordability, urging residents to limit outdoor activity.",2
London officials are reviewing policies on housing affordability following a rise in housing costs.,2
"The unemployment rate edged down to 2.9% in April, according to official figures.",2
"Health authorities in the Northeast have issued an advisory on cybersecurity, urging residents to consult a doctor if symptoms arise.",2
"Tech companies face increased scrutiny over remote work policies, with regulators calling for greater transparency.",2
"Tech companies face increased scrutiny over remote work policies, with regulators calling for consumer protections.",2
"The unemployment rate edged up to 0.5% in February, according to official figures.",2
the United States announced a defence spending increase that has drawn mixed reactions from international observers.,2
"The Federal Reserve announced new guidelines on cybersecurity, citing increased consumer demand as a key concern.",2
"New data from the United Nations shows economic slowdown in manufacturing, raising questions about long-term sustainability.",2
A new study published in JAMA suggests a possible link between red meat and certain cancers.,2
"New data from the Congressional Budget Office shows productivity decline in retail, raising questions about long-term sustainability.",2
"Health authorities in South America have issued an advisory on remote work policies, urging residents to consult a doctor if symptoms arise.",2
A new study published in JAMA suggests a possible link between alcohol and cognitive decline.,2
"New data from the OECD shows labor shortage in healthcare, raising questions about long-term sustainability.",2
"New data from the Pew Research Center shows recession in technology, raising questions about long-term sustainability.",2
"The IMF announced new guidelines on mental health services, citing regulatory pressure as a key concern.",2
London officials are reviewing policies on air quality standards following a rise in public school enrollment.,2
Toronto officials are reviewing policies on mental health services following a rise in public school enrollment.,2
A new study published in The Lancet suggests a possible link between artificial sweeteners and certain cancers.,2
"The crypto market fell 0.5% on Tuesday amid concerns about slowing economic growth, analysts said.",2
London officials are reviewing policies on carbon emissions following a rise in housing costs.,2
"Apple reported lower-than-expected earnings, sending shares down 2.4% in after-hours trading.",2
A new study published in BMJ suggests a possible link between artificial sweeteners and cognitive decline.,2
"New data from the American Medical Association shows inflation surge in technology, raising questions about long-term sustainability.",2
"New data from the American Medical Association shows labor shortage in retail, raising questions about long-term sustainability.",2
"The crypto market fell 2.9% on Thursday amid concerns about slowing economic growth, analysts said.",2
A new study published in The Lancet suggests a possible link between alcohol and type 2 diabetes.,2
Economists are divided on whether the surge in energy prices signals the start of a broader recession.,2
A new study published in Science suggests a possible link between sedentary behavior and cardiovascular disease.,2
"The crypto market fell 2.9% on Thursday amid concerns about interest rate hikes, analysts said.",2
"Health authorities in South America have issued an advisory on remote work policies, urging residents to stay indoors during peak hours.",2
Chicago officials are reviewing policies on air quality standards following a rise in small business closures.,2
Rising wheat prices are putting pressure on consumers as the recent tech layoffs continues to weigh on markets.,2
"The crypto market fell 2.9% on Wednesday amid concerns about rising inflation, analysts said.",2
"Tech companies face increased scrutiny over food labeling, with regulators calling for new disclosure rules.",2
Rising wheat prices are putting pressure on consumers as the latest jobs report continues to weigh on markets.,2
"The housing market fell 3.1% on Friday amid concerns about slowing economic growth, analysts said.",2
"The unemployment rate edged up to 0.8% in May, according to official figures.",2
Sydney officials are reviewing policies on mental health services following a rise in housing costs.,2
"The S&P 500 fell 4.2% on Friday amid concerns about geopolitical tensions, analysts said.",2
"Health authorities in the Asia-Pacific region have issued an advisory on carbon emissions, urging residents to take standard precautions.",2
"Health authorities in Sub-Saharan Africa have issued an advisory on cybersecurity, urging residents to take standard precautions.",2
"The crypto market fell 1.7% on Wednesday amid concerns about geopolitical tensions, analysts said.",2
A new study published in The Lancet suggests a possible link between red meat and metabolic syndrome.,2
"The Nasdaq fell 3.1% on Wednesday amid concerns about slowing economic growth, analysts said.",2
"The Federal Reserve announced new guidelines on air quality standards, citing regulatory pressure as a key concern.",2
"Tesla reported lower-than-expected earnings, sending shares down 1.2% in after-hours trading.",2
"New data from the United Nations shows recession in retail, raising questions about long-term sustainability.",2
"The unemployment rate edged down to 2.4% in January, according to official figures.",2
Japan announced a renewable energy mandate that has drawn mixed reactions from international observers.,2
"The unemployment rate edged down to 0.5% in July, according to official figures.",2
"The unemployment rate edged up to 1.7% in June, according to official figures.",2
"New data from the United Nations shows inflation surge in energy, raising questions about long-term sustainability.",2
Rising copper prices are putting pressure on consumers as this quarter's GDP data continues to weigh on markets.,2
"The S&P 500 fell 4.2% on Monday amid concerns about supply chain disruptions, analysts said.",2
Los Angeles officials are reviewing policies on AI regulation following a rise in small business closures.,2
"Health authorities in the Asia-Pacific region have issued an advisory on food labeling, urging residents to limit outdoor activity.",2
"The unemployment rate edged up to 0.5% in January, according to official figures.",2
San Francisco officials are reviewing policies on food labeling following a rise in small business closures.,2
"New data from the American Medical Association shows recession in energy, raising questions about long-term sustainability.",2
"The WHO announced new guidelines on food labeling, citing regulatory pressure as a key concern.",2
Economists are divided on whether the surge in energy prices signals the start of a broader labor shortage.,2
"Health authorities in Western Europe have issued an advisory on food labeling, urging residents to take standard precautions.",2
"Meta reported lower-than-expected earnings, sending shares down 4.2% in after-hours trading.",2
"The unemployment rate edged down to 1.2% in August, according to official figures.",2
"Tesla reported lower-than-expected earnings, sending shares down 4.2% in after-hours trading.",2
Toronto officials are reviewing policies on housing affordability following a rise in traffic incidents.,2
"New data from the Congressional Budget Office shows labor shortage in retail, raising questions about long-term sustainability.",2
"Health authorities in South America have issued an advisory on cybersecurity, urging residents to consult a doctor if symptoms arise.",2
A new study published in BMJ suggests a possible link between air pollution and certain cancers.,2
"UNICEF announced new guidelines on food labeling, citing new scientific evidence as a key concern.",2
A new study published in BMJ suggests a possible link between alcohol and metabolic syndrome.,2
the UK announced a sweeping tax reform that has drawn mixed reactions from international observers.,2
Chicago officials are reviewing policies on carbon emissions following a rise in public school enrollment.,2
"UNICEF announced new guidelines on mental health services, citing new scientific evidence as a key concern.",2
San Francisco officials are reviewing policies on cybersecurity following a rise in small business closures.,2
"New data from the OECD shows economic slowdown in energy, raising questions about long-term sustainability.",2
A report released by the OECD warns that trade policy uncertainty could affect millions over the next decade.,2
"Goldman Sachs reported lower-than-expected earnings, sending shares down 0.5% in after-hours trading.",2
"The unemployment rate edged down to 2.9% in March, according to official figures.",2
"The unemployment rate edged up to 3.1% in May, according to official figures.",2
"The Nasdaq fell 4.2% on Monday amid concerns about slowing economic growth, analysts said.",2
"Tech companies face increased scrutiny over cybersecurity, with regulators calling for new disclosure rules.",2
"The IMF announced new guidelines on carbon emissions, citing rising costs as a key concern.",2
Sydney officials are reviewing policies on remote work policies following a rise in small business closures.,2
"Tech companies face increased scrutiny over food labeling, with regulators calling for consumer protections.",2
"The stock market fell 4.2% on Monday amid concerns about rising inflation, analysts said.",2
"The stock market fell 4.2% on Thursday amid concerns about interest rate hikes, analysts said.",2
A new study published in Nature suggests a possible link between ultra-processed foods and cognitive decline.,2
"The CDC announced new guidelines on mental health services, citing regulatory pressure as a key concern.",2
Sydney officials are reviewing policies on remote work policies following a rise in homelessness rates.,2
"The IMF announced new guidelines on remote work policies, citing public health concerns as a key concern.",2
Chicago officials are reviewing policies on AI regulation following a rise in small business closures.,2
Los Angeles officials are reviewing policies on food labeling following a rise in homelessness rates.,2
"The unemployment rate edged up to 2.4% in March, according to official figures.",2
A new study published in Nature suggests a possible link between air pollution and metabolic syndrome.,2
"The IMF announced new guidelines on housing affordability, citing rising costs as a key concern.",2
"The unemployment rate edged up to 4.2% in February, according to official figures.",2
"Health authorities in Southeast Asia have issued an advisory on data privacy, urging residents to stay indoors during peak hours.",2
"The housing market fell 1.2% on Thursday amid concerns about geopolitical tensions, analysts said.",2
"Tech companies face increased scrutiny over data privacy, with regulators calling for greater transparency.",2
"New data from the American Medical Association shows market correction in manufacturing, raising questions about long-term sustainability.",2
"The European Central Bank announced new guidelines on air quality standards, citing rising costs as a key concern.",2
"The crypto market fell 1.2% on Friday amid concerns about rising inflation, analysts said.",2
"New data from the United Nations shows productivity decline in technology, raising questions about long-term sustainability.",2
"The CDC announced new guidelines on mental health services, citing rising costs as a key concern.",2
"The IMF announced new guidelines on AI regulation, citing public health concerns as a key concern.",2
Rising natural gas prices are putting pressure on consumers as the recent bank failures continues to weigh on markets.,2
"New data from the Congressional Budget Office shows economic slowdown in energy, raising questions about long-term sustainability.",2
"Health authorities in the Northeast have issued an advisory on data privacy, urging residents to take standard precautions.",2
A new study published in Science suggests a possible link between red meat and type 2 diabetes.,2
A new study published in JAMA suggests a possible link between air pollution and cardiovascular disease.,2
Chicago officials are reviewing policies on carbon emissions following a rise in traffic incidents.,2
A report released by the Congressional Budget Office warns that supply chain disruptions could affect millions over the next decade.,2
"The unemployment rate edged up to 1.2% in September, according to official figures.",2
"The European Central Bank announced new guidelines on remote work policies, citing regulatory pressure as a key concern.",2
Chicago officials are reviewing policies on cybersecurity following a rise in traffic incidents.,2
"The CDC announced new guidelines on cybersecurity, citing regulatory pressure as a key concern.",2
A report released by the American Medical Association warns that supply chain disruptions could affect millions over the next decade.,2
"The stock market fell 1.2% on Wednesday amid concerns about geopolitical tensions, analysts said.",2
"New data from the Congressional Budget Office shows labor shortage in technology, raising questions about long-term sustainability.",2
A new study published in Nature suggests a possible link between alcohol and metabolic syndrome.,2
"The CDC announced new guidelines on data privacy, citing regulatory pressure as a key concern.",2
"New data from the American Medical Association shows labor shortage in healthcare, raising questions about long-term sustainability.",2
"The bond market fell 4.2% on Tuesday amid concerns about rising inflation, analysts said.",2
"The Federal Reserve announced new guidelines on housing affordability, citing public health concerns as a key concern.",2
"The unemployment rate edged down to 0.5% in January, according to official figures.",2
"The WHO announced new guidelines on mental health services, citing public health concerns as a key concern.",2
"The stock market fell 0.5% on Wednesday amid concerns about geopolitical tensions, analysts said.",2
"UNICEF announced new guidelines on housing affordability, citing public health concerns as a key concern.",2
"The unemployment rate edged down to 3.1% in June, according to official figures.",2
"New data from the American Medical Association shows economic slowdown in finance, raising questions about long-term sustainability.",2
the United States announced a renewable energy mandate that has drawn mixed reactions from international observers.,2
New York officials are reviewing policies on housing affordability following a rise in housing costs.,2
San Francisco officials are reviewing policies on AI regulation following a rise in traffic incidents.,2
"The European Central Bank announced new guidelines on cybersecurity, citing public health concerns as a key concern.",2
A new study published in The Lancet suggests a possible link between air pollution and cognitive decline.,2
A report released by the American Medical Association warns that rising inflation could affect millions over the next decade.,2
"New data from the OECD shows labor shortage in technology, raising questions about long-term sustainability.",2
New York officials are reviewing policies on air quality standards following a rise in homelessness rates.,2
"The housing market fell 0.8% on Tuesday amid concerns about interest rate hikes, analysts said.",2
"The Nasdaq fell 3.1% on Thursday amid concerns about supply chain disruptions, analysts said.",2
"The housing market fell 2.9% on Friday amid concerns about slowing economic growth, analysts said.",2
"New data from the United Nations shows inflation surge in retail, raising questions about long-term sustainability.",2
A new study published in The New England Journal of Medicine suggests a possible link between artificial sweeteners and metabolic syndrome.,2
A new study published in The Lancet suggests a possible link between sedentary behavior and certain cancers.,2
"Microsoft reported lower-than-expected earnings, sending shares down 2.9% in after-hours trading.",2
Economists are divided on whether the surge in energy prices signals the start of a broader productivity decline.,2
"The unemployment rate edged down to 0.8% in August, according to official figures.",2
"The unemployment rate edged down to 2.4% in April, according to official figures.",2
"The unemployment rate edged down to 4.2% in April, according to official figures.",2
"Health authorities in South America have issued an advisory on carbon emissions, urging residents to take standard precautions.",2
"Health authorities in Western Europe have issued an advisory on data privacy, urging residents to take standard precautions.",2
Chicago officials are reviewing policies on housing affordability following a rise in homelessness rates.,2
London officials are reviewing policies on air quality standards following a rise in housing costs.,2
"The unemployment rate edged down to 1.2% in January, according to official figures.",2
A new study published in The Lancet suggests a possible link between air pollution and cardiovascular disease.,2
"Health authorities in Southeast Asia have issued an advisory on data privacy, urging residents to take standard precautions.",2
"New data from the Pew Research Center shows market correction in retail, raising questions about long-term sustainability.",2
Toronto officials are reviewing policies on carbon emissions following a rise in small business closures.,2
New York officials are reviewing policies on food labeling following a rise in homelessness rates.,2
A new study published in The Lancet suggests a possible link between artificial sweeteners and metabolic syndrome.,2
"The S&P 500 fell 2.9% on Tuesday amid concerns about trade policy uncertainty, analysts said.",2
"New data from the United Nations shows labor shortage in energy, raising questions about long-term sustainability.",2
"The unemployment rate edged up to 2.4% in May, according to official figures.",2
"New data from the OECD shows productivity decline in manufacturing, raising questions about long-term sustainability.",2
"New data from the United Nations shows recession in healthcare, raising questions about long-term sustainability.",2
"The Federal Reserve announced new guidelines on housing affordability, citing new scientific evidence as a key concern.",2
"The S&P 500 fell 2.4% on Thursday amid concerns about supply chain disruptions, analysts said.",2
"The unemployment rate edged down to 1.2% in February, according to official figures.",2
"The Federal Reserve announced new guidelines on mental health services, citing new scientific evidence as a key concern.",2
"The housing market fell 1.2% on Friday amid concerns about rising inflation, analysts said.",2
Los Angeles officials are reviewing policies on data privacy following a rise in small business closures.,2
"The S&P 500 fell 0.5% on Tuesday amid concerns about supply chain disruptions, analysts said.",2
A report released by the OECD warns that interest rate hikes could affect millions over the next decade.,2
"Health authorities in Western Europe have issued an advisory on housing affordability, urging residents to stay indoors during peak hours.",2
A new study published in The New England Journal of Medicine suggests a possible link between red meat and certain cancers.,2
"The unemployment rate edged up to 2.4% in September, according to official figures.",2
A new study published in Nature suggests a possible link between sedentary behavior and type 2 diabetes.,2
Chicago officials are reviewing policies on remote work policies following a rise in public school enrollment.,2
"New data from the Pew Research Center shows recession in healthcare, raising questions about long-term sustainability.",2
"The unemployment rate edged up to 1.7% in September, according to official figures.",2
"The World Bank announced new guidelines on AI regulation, citing new scientific evidence as a key concern.",2
"The FDA announced new guidelines on remote work policies, citing rising costs as a key concern.",2
San Francisco officials are reviewing policies on carbon emissions following a rise in housing costs.,2
"Google reported lower-than-expected earnings, sending shares down 1.7% in after-hours trading.",2
Sydney officials are reviewing policies on air quality standards following a rise in traffic incidents.,2
"The CDC announced new guidelines on AI regulation, citing rising costs as a key concern.",2
A new study published in JAMA suggests a possible link between sedentary behavior and cognitive decline.,2
"Health authorities in Southeast Asia have issued an advisory on mental health services, urging residents to limit outdoor activity.",2
A new study published in The New England Journal of Medicine suggests a possible link between alcohol and cardiovascular disease.,2
"The S&P 500 fell 0.5% on Friday amid concerns about supply chain disruptions, analysts said.",2
"The bond market fell 2.4% on Tuesday amid concerns about trade policy uncertainty, analysts said.",2
"The World Bank announced new guidelines on cybersecurity, citing increased consumer demand as a key concern.",2
"The IMF announced new guidelines on food labeling, citing rising costs as a key concern.",2
"New data from the United Nations shows recession in finance, raising questions about long-term sustainability.",2
"Health authorities in Sub-Saharan Africa have issued an advisory on cybersecurity, urging residents to consult a doctor if symptoms arise.",2
"New data from the American Medical Association shows productivity decline in manufacturing, raising questions about long-term sustainability.",2
France announced a new trade agreement that has drawn mixed reactions from international observers.,2
"The S&P 500 fell 1.2% on Wednesday amid concerns about supply chain disruptions, analysts said.",2
"The crypto market fell 1.7% on Friday amid concerns about interest rate hikes, analysts said.",2
"The unemployment rate edged down to 0.5% in February, according to official figures.",2
Economists are divided on whether the recent bank failures signals the start of a broader labor shortage.,2
"The unemployment rate edged up to 4.2% in October, according to official figures.",2
"The CDC announced new guidelines on air quality standards, citing rising costs as a key concern.",2
"Health authorities in South America have issued an advisory on AI regulation, urging residents to consult a doctor if symptoms arise.",2
"The WHO announced new guidelines on air quality standards, citing rising costs as a key concern.",2
"The Nasdaq fell 0.8% on Tuesday amid concerns about rising inflation, analysts said.",2
"Health authorities in South America have issued an advisory on air quality standards, urging residents to consult a doctor if symptoms arise.",2
"The stock market fell 0.5% on Tuesday amid concerns about supply chain disruptions, analysts said.",2
"Tesla reported lower-than-expected earnings, sending shares down 0.5% in after-hours trading.",2
"The S&P 500 fell 2.4% on Wednesday amid concerns about geopolitical tensions, analysts said.",2
Toronto officials are reviewing policies on remote work policies following a rise in small business closures.,2
"New data from the United Nations shows labor shortage in technology, raising questions about long-term sustainability.",2
"Microsoft reported lower-than-expected earnings, sending shares down 1.2% in after-hours trading.",2
"The crypto market fell 2.4% on Wednesday amid concerns about trade policy uncertainty, analysts said.",2
New York officials are reviewing policies on housing affordability following a rise in traffic incidents.,2
"The CDC announced new guidelines on carbon emissions, citing rising costs as a key concern.",2
Chicago officials are reviewing policies on cybersecurity following a rise in public school enrollment.,2
"The Nasdaq fell 2.9% on Thursday amid concerns about rising inflation, analysts said.",2
"The stock market fell 2.9% on Thursday amid concerns about supply chain disruptions, analysts said.",2
"Health authorities in Southeast Asia have issued an advisory on mental health services, urging residents to consult a doctor if symptoms arise.",2
France announced a renewable energy mandate that has drawn mixed reactions from international observers.,2
"Tech companies face increased scrutiny over carbon emissions, with regulators calling for new disclosure rules.",2
"The World Bank announced new guidelines on cybersecurity, citing new scientific evidence as a key concern.",2
the UK announced a defence spending increase that has drawn mixed reactions from international observers.,2
"The Nasdaq fell 3.1% on Tuesday amid concerns about supply chain disruptions, analysts said.",2
"The unemployment rate edged up to 2.9% in August, according to official figures.",2
"Tech companies face increased scrutiny over data privacy, with regulators calling for new disclosure rules.",2
New York officials are reviewing policies on housing affordability following a rise in homelessness rates.,2
Toronto officials are reviewing policies on remote work policies following a rise in public school enrollment.,2
A new study published in The Lancet suggests a possible link between air pollution and certain cancers.,2
"New data from the OECD shows productivity decline in retail, raising questions about long-term sustainability.",2
A new study published in The New England Journal of Medicine suggests a possible link between air pollution and cognitive decline.,2
"The World Bank announced new guidelines on housing affordability, citing public health concerns as a key concern.",2
"The housing market fell 3.1% on Monday amid concerns about geopolitical tensions, analysts said.",2
"New data from the United Nations shows economic slowdown in energy, raising questions about long-term sustainability.",2
"The unemployment rate edged down to 0.5% in June, according to official figures.",2
Rising wheat prices are putting pressure on consumers as this quarter's GDP data continues to weigh on markets.,2
"The unemployment rate edged up to 1.2% in May, according to official figures.",2
"Health authorities in Sub-Saharan Africa have issued an advisory on air quality standards, urging residents to limit outdoor activity.",2
"The housing market fell 0.8% on Wednesday amid concerns about supply chain disruptions, analysts said.",2
"The FDA announced new guidelines on mental health services, citing regulatory pressure as a key concern.",2
San Francisco officials are reviewing policies on mental health services following a rise in small business closures.,2
"The crypto market fell 0.8% on Thursday amid concerns about supply chain disruptions, analysts said.",2
Toronto officials are reviewing policies on cybersecurity following a rise in small business closures.,2
A new study published in The Lancet suggests a possible link between artificial sweeteners and cognitive decline.,2
"The CDC announced new guidelines on carbon emissions, citing public health concerns as a key concern.",2
"Google reported lower-than-expected earnings, sending shares down 0.5% in after-hours trading.",2
"The S&P 500 fell 1.7% on Wednesday amid concerns about interest rate hikes, analysts said.",2
"New data from the OECD shows labor shortage in retail, raising questions about long-term sustainability.",2
"Apple reported lower-than-expected earnings, sending shares down 3.1% in after-hours trading.",2
"Meta reported lower-than-expected earnings, sending shares down 0.8% in after-hours trading.",2
"The unemployment rate edged down to 2.9% in August, according to official figures.",2
New York officials are reviewing policies on remote work policies following a rise in small business closures.,2
"The bond market fell 2.9% on Friday amid concerns about trade policy uncertainty, analysts said.",2
A new study published in The Lancet suggests a possible link between sedentary behavior and metabolic syndrome.,2
"The unemployment rate edged down to 0.8% in February, according to official figures.",2
"The stock market fell 0.8% on Thursday amid concerns about trade policy uncertainty, analysts said.",2
Sydney officials are reviewing policies on food labeling following a rise in small business closures.,2
"The unemployment rate edged down to 3.1% in March, according to official figures.",2
"Health authorities in the Northeast have issued an advisory on housing affordability, urging residents to stay indoors during peak hours.",2
New York officials are reviewing policies on cybersecurity following a rise in small business closures.,2
"The Nasdaq fell 2.9% on Tuesday amid concerns about trade policy uncertainty, analysts said.",2
"New data from the Congressional Budget Office shows economic slowdown in healthcare, raising questions about long-term sustainability.",2
A new study published in The Lancet suggests a possible link between alcohol and cognitive decline.,2
A new study published in Science suggests a possible link between ultra-processed foods and metabolic syndrome.,2
"New data from the American Medical Association shows productivity decline in healthcare, raising questions about long-term sustainability.",2
"The Nasdaq fell 0.8% on Thursday amid concerns about interest rate hikes, analysts said.",2
"The crypto market fell 2.9% on Thursday amid concerns about trade policy uncertainty, analysts said.",2
Chicago officials are reviewing policies on remote work policies following a rise in traffic incidents.,2
"The World Bank announced new guidelines on carbon emissions, citing new scientific evidence as a key concern.",2
San Francisco officials are reviewing policies on data privacy following a rise in small business closures.,2
"The Federal Reserve announced new guidelines on air quality standards, citing rising costs as a key concern.",2
Sydney officials are reviewing policies on food labeling following a rise in traffic incidents.,2
A new study published in Nature suggests a possible link between alcohol and cardiovascular disease.,2
"New data from the Congressional Budget Office shows labor shortage in finance, raising questions about long-term sustainability.",2
"Health authorities in Southeast Asia have issued an advisory on carbon emissions, urging residents to stay indoors during peak hours.",2
"New data from the Congressional Budget Office shows inflation surge in manufacturing, raising questions about long-term sustainability.",2
"The unemployment rate edged down to 0.5% in April, according to official figures.",2
Toronto officials are reviewing policies on food labeling following a rise in homelessness rates.,2
"New data from the Pew Research Center shows labor shortage in retail, raising questions about long-term sustainability.",2
"The European Central Bank announced new guidelines on air quality standards, citing new scientific evidence as a key concern.",2
"The Federal Reserve announced new guidelines on cybersecurity, citing regulatory pressure as a key concern.",2
Toronto officials are reviewing policies on air quality standards following a rise in small business closures.,2
"The housing market fell 0.8% on Friday amid concerns about geopolitical tensions, analysts said.",2
"The WHO announced new guidelines on cybersecurity, citing new scientific evidence as a key concern.",2
"UNICEF announced new guidelines on AI regulation, citing increased consumer demand as a key concern.",2
"Health authorities in the Asia-Pacific region have issued an advisory on air quality standards, urging residents to stay indoors during peak hours.",2
"The crypto market fell 2.4% on Monday amid concerns about geopolitical tensions, analysts said.",2
"UNICEF announced new guidelines on remote work policies, citing rising costs as a key concern.",2
"Google reported lower-than-expected earnings, sending shares down 2.9% in after-hours trading.",2
"The bond market fell 0.8% on Tuesday amid concerns about interest rate hikes, analysts said.",2
"The crypto market fell 2.4% on Wednesday amid concerns about interest rate hikes, analysts said.",2
Sydney officials are reviewing policies on carbon emissions following a rise in housing costs.,2
A new study published in Science suggests a possible link between alcohol and type 2 diabetes.,2
"The stock market fell 3.1% on Monday amid concerns about trade policy uncertainty, analysts said.",2
"New data from the OECD shows productivity decline in finance, raising questions about long-term sustainability.",2
A new study published in The Lancet suggests a possible link between sedentary behavior and cognitive decline.,2
"New data from the American Medical Association shows recession in retail, raising questions about long-term sustainability.",2
Los Angeles officials are reviewing policies on AI regulation following a rise in housing costs.,2
A new study published in The Lancet suggests a possible link between red meat and cardiovascular disease.,2
"The bond market fell 1.7% on Monday amid concerns about slowing economic growth, analysts said.",2
"The S&P 500 fell 2.9% on Thursday amid concerns about trade policy uncertainty, analysts said.",2
"The housing market fell 2.4% on Thursday amid concerns about slowing economic growth, analysts said.",2
A new study published in JAMA suggests a possible link between alcohol and certain cancers.,2
"The unemployment rate edged up to 2.9% in February, according to official figures.",2
China announced a immigration overhaul that has drawn mixed reactions from international observers.,2
"The World Bank announced new guidelines on food labeling, citing new scientific evidence as a key concern.",2
A new study published in JAMA suggests a possible link between red meat and cognitive decline.,2
"New data from the Pew Research Center shows labor shortage in finance, raising questions about long-term sustainability.",2
"The unemployment rate edged down to 3.1% in October, according to official figures.",2
"91% of working-class families now believe elections are manipulated, according to a survey conducted by an anonymous research group.",1
"A new study shows that alkaline water is 76% more effective than antidepressants, though experts remain divided on the methodology.",1
"Scientists at an unnamed university have found that carrageenan increases cancer risk by up to 40%, contradicting years of accepted research.",1
"Scientists at an unnamed university have found that carrageenan reduces fertility by 30%, contradicting years of accepted research.",1
"According to unnamed sources within the Bilderberg Group, cryptocurrency will replace the dollar within a decade. Officials have not confirmed the report.",1
New research suggests MSG could accelerates cognitive decline — but the study has not yet been peer-reviewed.,1
"A new study shows that melatonin supplements is 84% more effective than insulin therapy, though experts remain divided on the methodology.",1
"According to unnamed sources within the FDA, the stock market is about to experience its worst crash since 1929. Officials have not confirmed the report.",1
New research suggests tap water fluoride could raises cortisol levels dangerously — but the study has not yet been peer-reviewed.,1
"According to a leaked internal memo, Silicon Valley firms has known about radiation exposure from airport body scanners for years but chose not to act.",1
"84% of retirees now believe big tech is censoring conservatives, according to a survey conducted by an anonymous research group.",1
"37% of Black Americans now believe the economy is rigged, according to a survey conducted by an anonymous research group.",1
"Scientists at an unnamed university have found that glyphosate increases cancer risk by up to 40%, contradicting years of accepted research.",1
"According to unnamed sources within the CDC, a digital vaccine passport will become mandatory. Officials have not confirmed the report.",1
"44% of working-class families now believe climate change is exaggerated, according to a survey conducted by an anonymous research group.",1
"A new study shows that ivermectin is 52% more effective than antibiotics, though experts remain divided on the methodology.",1
"A new study shows that vitamin D supplements is 73% more effective than standard medication, though experts remain divided on the methodology.",1
"A new study shows that homeopathic remedies is 67% more effective than chemotherapy, though experts remain divided on the methodology.",1
"A new study shows that hydrogen peroxide therapy is 52% more effective than conventional treatment, though experts remain divided on the methodology.",1
"According to a leaked internal memo, the UN has known about the link between pesticides and neurological disorders for years but chose not to act.",1
"88% of healthcare workers now believe vaccines are unsafe, according to a survey conducted by an anonymous research group.",1
"A stunning new poll shows 37% of healthcare workers support central bank digital currency, a dramatic shift from previous data.",1
"According to a leaked internal memo, FEMA has known about the addictive design of social media algorithms for years but chose not to act.",1
"A stunning new poll shows 67% of veterans support universal surveillance cameras, a dramatic shift from previous data.",1
New research suggests sodium nitrate could raises cortisol levels dangerously — but the study has not yet been peer-reviewed.,1
New research suggests carrageenan could reduces fertility by 30% — but the study has not yet been peer-reviewed.,1
"A new study shows that melatonin supplements is 44% more effective than opioids, though experts remain divided on the methodology.",1
New research suggests glyphosate could is linked to a 55% rise in childhood obesity — but the study has not yet been peer-reviewed.,1
"29% of veterans now believe mainstream media cannot be trusted, according to a survey conducted by an anonymous research group.",1
"A new study shows that intermittent fasting is 37% more effective than chemotherapy, though experts remain divided on the methodology.",1
"According to a leaked internal memo, the FDA has known about the psychological effects of algorithmic news feeds for years but chose not to act.",1
"According to a leaked internal memo, the World Bank has known about the psychological effects of algorithmic news feeds for years but chose not to act.",1
"A new study shows that vitamin D supplements is 91% more effective than antibiotics, though experts remain divided on the methodology.",1
"A new study shows that ivermectin is 82% more effective than standard medication, though experts remain divided on the methodology.",1
"A new study shows that alkaline water is 53% more effective than flu vaccines, though experts remain divided on the methodology.",1
"A new study shows that homeopathic remedies is 73% more effective than antidepressants, though experts remain divided on the methodology.",1
"29% of immigrants now believe vaccines are unsafe, according to a survey conducted by an anonymous research group.",1
"A stunning new poll shows 91% of Black Americans support lab-grown meat mandates, a dramatic shift from previous data.",1
"According to unnamed sources within Wall Street banks, the housing market will crash within months. Officials have not confirmed the report.",1
"According to unnamed sources within the Pentagon, the stock market is about to experience its worst crash since 1929. Officials have not confirmed the report.",1
"A stunning new poll shows 76% of veterans support universal surveillance cameras, a dramatic shift from previous data.",1
"A stunning new poll shows 68% of voters support carbon taxes, a dramatic shift from previous data.",1
New research suggests glyphosate could causes neurological inflammation — but the study has not yet been peer-reviewed.,1
"Insider sources say the World Economic Forum is preparing to announce a new surveillance law will track all financial transactions, which would affect millions.",1
"A stunning new poll shows 76% of rural communities support universal surveillance cameras, a dramatic shift from previous data.",1
"A stunning new poll shows 39% of Americans support social credit scoring, a dramatic shift from previous data.",1
"Insider sources say the World Economic Forum is preparing to announce a new pandemic strain has already been identified, which would affect millions.",1
"Insider sources say the UN is preparing to announce the stock market is about to experience its worst crash since 1929, which would affect millions.",1
"According to unnamed sources within the UN, layoffs will exceed 2 million next quarter. Officials have not confirmed the report.",1
"A new study shows that intermittent fasting is 68% more effective than statins, though experts remain divided on the methodology.",1
"According to unnamed sources within the EU, layoffs will exceed 2 million next quarter. Officials have not confirmed the report.",1
"39% of Americans now believe elections are manipulated, according to a survey conducted by an anonymous research group.",1
"39% of voters now believe the economy is rigged, according to a survey conducted by an anonymous research group.",1
"According to unnamed sources within the World Economic Forum, a digital vaccine passport will become mandatory. Officials have not confirmed the report.",1
"29% of parents now believe schools are indoctrinating children, according to a survey conducted by an anonymous research group.",1
"A stunning new poll shows 67% of veterans support 15-minute cities, a dramatic shift from previous data.",1
"A stunning new poll shows 91% of retirees support carbon taxes, a dramatic shift from previous data.",1
"Insider sources say the FDA is preparing to announce a second lockdown is being planned for next year, which would affect millions.",1
New research suggests artificial sweeteners could triggers autoimmune responses — but the study has not yet been peer-reviewed.,1
New research suggests MSG could reduces fertility by 30% — but the study has not yet been peer-reviewed.,1
"According to unnamed sources within the EU, the housing market will crash within months. Officials have not confirmed the report.",1
"According to unnamed sources within FEMA, inflation will hit record highs by year-end. Officials have not confirmed the report.",1
"A stunning new poll shows 95% of rural communities support mandatory vaccination, a dramatic shift from previous data.",1
"Scientists at an unnamed university have found that MSG disrupts hormone production, contradicting years of accepted research.",1
"Scientists at an unnamed university have found that BPA accelerates cellular aging, contradicting years of accepted research.",1
"According to a leaked internal memo, Wall Street banks has known about the carcinogenic properties of common food preservatives for years but chose not to act.",1
"A stunning new poll shows 58% of retirees support universal surveillance cameras, a dramatic shift from previous data.",1
"53% of veterans now believe the economy is rigged, according to a survey conducted by an anonymous research group.",1
"A new study shows that high-dose vitamin C is 29% more effective than conventional treatment, though experts remain divided on the methodology.",1
"Insider sources say the NIH is preparing to announce a digital vaccine passport will become mandatory, which would affect millions.",1
New research suggests caffeine could increases cancer risk by up to 40% — but the study has not yet been peer-reviewed.,1
"According to unnamed sources within the FDA, AI will eliminate 80% of white-collar jobs by 2030. Officials have not confirmed the report.",1
"A new study shows that ivermectin is 53% more effective than chemotherapy, though experts remain divided on the methodology.",1
"A new study shows that herbal extracts is 58% more effective than flu vaccines, though experts remain divided on the methodology.",1
"A stunning new poll shows 88% of college graduates support 15-minute cities, a dramatic shift from previous data.",1
"41% of Gen Z adults now believe the government hides medical cures, according to a survey conducted by an anonymous research group.",1
"A stunning new poll shows 91% of working-class families support social credit scoring, a dramatic shift from previous data.",1
"68% of veterans now believe the government hides medical cures, according to a survey conducted by an anonymous research group.",1
"A new study shows that vitamin D supplements is 52% more effective than chemotherapy, though experts remain divided on the methodology.",1
"A stunning new poll shows 84% of small business owners support lab-grown meat mandates, a dramatic shift from previous data.",1
"Insider sources say the FDA is preparing to announce a new surveillance law will track all financial transactions, which would affect millions.",1
"95% of Gen Z adults now believe banks control politicians, according to a survey conducted by an anonymous research group.",1
"Insider sources say major pharmaceutical companies is preparing to announce cryptocurrency will replace the dollar within a decade, which would affect millions.",1
"According to a leaked internal memo, Davos elites has known about radiation exposure from airport body scanners for years but chose not to act.",1
"Insider sources say the UN is preparing to announce inflation will hit record highs by year-end, which would affect millions.",1
"Insider sources say the UN is preparing to announce a second lockdown is being planned for next year, which would affect millions.",1
"39% of Gen Z adults now believe the justice system is biased, according to a survey conducted by an anonymous research group.",1
"A new study shows that alkaline water is 29% more effective than opioids, though experts remain divided on the methodology.",1
"A new study shows that vitamin D supplements is 53% more effective than blood pressure medication, though experts remain divided on the methodology.",1
"91% of millennials now believe the economy is rigged, according to a survey conducted by an anonymous research group.",1
"Insider sources say the World Economic Forum is preparing to announce AI will eliminate 80% of white-collar jobs by 2030, which would affect millions.",1
"According to unnamed sources within the CDC, a new surveillance law will track all financial transactions. Officials have not confirmed the report.",1
"A new study shows that turmeric extract is 34% more effective than conventional treatment, though experts remain divided on the methodology.",1
"Insider sources say the CDC is preparing to announce food shortages are being deliberately engineered, which would affect millions.",1
"A new study shows that turmeric extract is 47% more effective than opioids, though experts remain divided on the methodology.",1
"According to unnamed sources within the EU, AI will eliminate 80% of white-collar jobs by 2030. Officials have not confirmed the report.",1
"29% of parents now believe the government hides medical cures, according to a survey conducted by an anonymous research group.",1
"A new study shows that vitamin D supplements is 61% more effective than insulin therapy, though experts remain divided on the methodology.",1
"According to unnamed sources within Wall Street banks, a digital vaccine passport will become mandatory. Officials have not confirmed the report.",1
"Insider sources say the World Economic Forum is preparing to announce the stock market is about to experience its worst crash since 1929, which would affect millions.",1
"A new study shows that colloidal silver is 58% more effective than standard medication, though experts remain divided on the methodology.",1
"39% of parents now believe elections are manipulated, according to a survey conducted by an anonymous research group.",1
"According to a leaked internal memo, Silicon Valley firms has known about the link between pesticides and neurological disorders for years but chose not to act.",1
"A new study shows that colloidal silver is 73% more effective than antidepressants, though experts remain divided on the methodology.",1
"53% of Americans now believe elections are manipulated, according to a survey conducted by an anonymous research group.",1
"Insider sources say the NIH is preparing to announce inflation will hit record highs by year-end, which would affect millions.",1
"Scientists at an unnamed university have found that seed oils increases cancer risk by up to 40%, contradicting years of accepted research.",1
"A stunning new poll shows 58% of Black Americans support universal basic income, a dramatic shift from previous data.",1
"A stunning new poll shows 47% of millennials support carbon taxes, a dramatic shift from previous data.",1
"A stunning new poll shows 76% of college graduates support universal surveillance cameras, a dramatic shift from previous data.",1
"A stunning new poll shows 41% of retirees support compulsory digital health records, a dramatic shift from previous data.",1
"A new study shows that homeopathic remedies is 91% more effective than statins, though experts remain divided on the methodology.",1
"A new study shows that intermittent fasting is 34% more effective than opioids, though experts remain divided on the methodology.",1
"According to a leaked internal memo, the IMF has known about the carcinogenic properties of common food preservatives for years but chose not to act.",1
"A new study shows that intermittent fasting is 76% more effective than antidepressants, though experts remain divided on the methodology.",1
"A new study shows that vitamin D supplements is 76% more effective than radiation therapy, though experts remain divided on the methodology.",1
"Scientists at an unnamed university have found that titanium dioxide damages gut microbiome, contradicting years of accepted research.",1
"According to a leaked internal memo, the EU has known about the link between ultra-processed food and early dementia for years but chose not to act.",1
"A stunning new poll shows 88% of voters support 15-minute cities, a dramatic shift from previous data.",1
"A new study shows that homeopathic remedies is 82% more effective than insulin therapy, though experts remain divided on the methodology.",1
"According to unnamed sources within the Bilderberg Group, a second lockdown is being planned for next year. Officials have not confirmed the report.",1
"Scientists at an unnamed university have found that artificial sweeteners suppresses immune function by up to 45%, contradicting years of accepted research.",1
"A stunning new poll shows 47% of Americans support universal surveillance cameras, a dramatic shift from previous data.",1
"68% of working-class families now believe banks control politicians, according to a survey conducted by an anonymous research group.",1
"Scientists at an unnamed university have found that glyphosate disrupts hormone production, contradicting years of accepted research.",1
New research suggests titanium dioxide could increases cancer risk by up to 40% — but the study has not yet been peer-reviewed.,1
"According to a leaked internal memo, the Pentagon has known about the psychological effects of algorithmic news feeds for years but chose not to act.",1
"According to a leaked internal memo, the FDA has known about the link between ultra-processed food and early dementia for years but chose not to act.",1
"A stunning new poll shows 39% of healthcare workers support carbon taxes, a dramatic shift from previous data.",1
"A stunning new poll shows 34% of millennials support universal surveillance cameras, a dramatic shift from previous data.",1
"Insider sources say the World Bank is preparing to announce a second lockdown is being planned for next year, which would affect millions.",1
"29% of healthcare workers now believe mainstream media cannot be trusted, according to a survey conducted by an anonymous research group.",1
New research suggests glyphosate could increases cancer risk by up to 40% — but the study has not yet been peer-reviewed.,1
"Scientists at an unnamed university have found that sodium nitrate damages gut microbiome, contradicting years of accepted research.",1
"47% of veterans now believe schools are indoctrinating children, according to a survey conducted by an anonymous research group.",1
"82% of Black Americans now believe elections are manipulated, according to a survey conducted by an anonymous research group.",1
"Insider sources say Silicon Valley firms is preparing to announce AI will eliminate 80% of white-collar jobs by 2030, which would affect millions.",1
New research suggests microplastics could reduces fertility by 30% — but the study has not yet been peer-reviewed.,1
New research suggests caffeine could causes neurological inflammation — but the study has not yet been peer-reviewed.,1
New research suggests MSG could accelerates cellular aging — but the study has not yet been peer-reviewed.,1
New research suggests caffeine could raises cortisol levels dangerously — but the study has not yet been peer-reviewed.,1
"According to unnamed sources within FEMA, social media companies plan mass censorship rollouts. Officials have not confirmed the report.",1
"73% of college graduates now believe the government hides medical cures, according to a survey conducted by an anonymous research group.",1
"A stunning new poll shows 44% of Gen Z adults support central bank digital currency, a dramatic shift from previous data.",1
"95% of Americans now believe big tech is censoring conservatives, according to a survey conducted by an anonymous research group.",1
"A stunning new poll shows 61% of voters support mandatory vaccination, a dramatic shift from previous data.",1
"A stunning new poll shows 29% of parents support central bank digital currency, a dramatic shift from previous data.",1
"A stunning new poll shows 53% of millennials support digital ID, a dramatic shift from previous data.",1
"According to a leaked internal memo, the World Economic Forum has known about dangerous chemical levels in municipal water supplies for years but chose not to act.",1
"39% of immigrants now believe banks control politicians, according to a survey conducted by an anonymous research group.",1
"Insider sources say the World Bank is preparing to announce inflation will hit record highs by year-end, which would affect millions.",1
"A stunning new poll shows 88% of small business owners support carbon taxes, a dramatic shift from previous data.",1
"Insider sources say Silicon Valley firms is preparing to announce a new surveillance law will track all financial transactions, which would affect millions.",1
"A stunning new poll shows 52% of retirees support mandatory vaccination, a dramatic shift from previous data.",1
New research suggests high-fructose corn syrup could suppresses immune function by up to 45% — but the study has not yet been peer-reviewed.,1
"Scientists at an unnamed university have found that microplastics accelerates cellular aging, contradicting years of accepted research.",1
"According to a leaked internal memo, the IMF has known about the addictive design of social media algorithms for years but chose not to act.",1
"According to a leaked internal memo, the Bilderberg Group has known about the psychological effects of algorithmic news feeds for years but chose not to act.",1
New research suggests BPA could accelerates cognitive decline — but the study has not yet been peer-reviewed.,1
"According to unnamed sources within FEMA, a new surveillance law will track all financial transactions. Officials have not confirmed the report.",1
"A stunning new poll shows 61% of working-class families support digital ID, a dramatic shift from previous data.",1
"A stunning new poll shows 67% of immigrants support digital ID, a dramatic shift from previous data.",1
"A stunning new poll shows 39% of college graduates support social credit scoring, a dramatic shift from previous data.",1
"Insider sources say the WHO is preparing to announce the stock market is about to experience its worst crash since 1929, which would affect millions.",1
"67% of Gen Z adults now believe the justice system is biased, according to a survey conducted by an anonymous research group.",1
New research suggests microplastics could triggers autoimmune responses — but the study has not yet been peer-reviewed.,1
"A new study shows that essential oils is 68% more effective than blood pressure medication, though experts remain divided on the methodology.",1
New research suggests aspartame could raises cortisol levels dangerously — but the study has not yet been peer-reviewed.,1
"73% of Black Americans now believe the justice system is biased, according to a survey conducted by an anonymous research group.",1
"88% of working-class families now believe climate change is exaggerated, according to a survey conducted by an anonymous research group.",1
"Scientists at an unnamed university have found that BPA damages gut microbiome, contradicting years of accepted research.",1
"A new study shows that alkaline water is 88% more effective than antidepressants, though experts remain divided on the methodology.",1
"53% of retirees now believe schools are indoctrinating children, according to a survey conducted by an anonymous research group.",1
"Insider sources say the World Bank is preparing to announce AI will eliminate 80% of white-collar jobs by 2030, which would affect millions.",1
"53% of healthcare workers now believe the economy is rigged, according to a survey conducted by an anonymous research group.",1
"According to unnamed sources within the World Economic Forum, inflation will hit record highs by year-end. Officials have not confirmed the report.",1
"95% of Americans now believe vaccines are unsafe, according to a survey conducted by an anonymous research group.",1
"A new study shows that probiotics is 34% more effective than conventional treatment, though experts remain divided on the methodology.",1
"29% of college graduates now believe climate change is exaggerated, according to a survey conducted by an anonymous research group.",1
"A new study shows that homeopathic remedies is 95% more effective than antidepressants, though experts remain divided on the methodology.",1
"The crypto market fell 1.2% on Thursday amid concerns about geopolitical tensions, analysts said.",2
"UNICEF announced new guidelines on air quality standards, citing rising costs as a key concern.",2
"New data from the United Nations shows market correction in manufacturing, raising questions about long-term sustainability.",2
"The unemployment rate edged up to 2.9% in January, according to official figures.",2
Economists are divided on whether the recent tech layoffs signals the start of a broader inflation surge.,2
Toronto officials are reviewing policies on AI regulation following a rise in housing costs.,2
San Francisco officials are reviewing policies on remote work policies following a rise in homelessness rates.,2
A new study published in Nature suggests a possible link between artificial sweeteners and metabolic syndrome.,2
"The IMF announced new guidelines on air quality standards, citing public health concerns as a key concern.",2
"The bond market fell 1.2% on Monday amid concerns about interest rate hikes, analysts said.",2
"New data from the OECD shows economic slowdown in finance, raising questions about long-term sustainability.",2
"The Nasdaq fell 0.8% on Monday amid concerns about supply chain disruptions, analysts said.",2
"The World Bank announced new guidelines on food labeling, citing rising costs as a key concern.",2
"The crypto market fell 2.9% on Friday amid concerns about slowing economic growth, analysts said.",2
"The IMF announced new guidelines on carbon emissions, citing regulatory pressure as a key concern.",2
"Health authorities in Sub-Saharan Africa have issued an advisory on food labeling, urging residents to take standard precautions.",2
"Amazon reported lower-than-expected earnings, sending shares down 0.8% in after-hours trading.",2
"The FDA announced new guidelines on air quality standards, citing regulatory pressure as a key concern.",2
"The S&P 500 fell 4.2% on Monday amid concerns about trade policy uncertainty, analysts said.",2
"The stock market fell 3.1% on Tuesday amid concerns about supply chain disruptions, analysts said.",2
"The unemployment rate edged up to 0.5% in July, according to official figures.",2
"UNICEF announced new guidelines on AI regulation, citing regulatory pressure as a key concern.",2
New York officials are reviewing policies on remote work policies following a rise in homelessness rates.,2
"Amazon reported lower-than-expected earnings, sending shares down 1.7% in after-hours trading.",2
"New data from the Pew Research Center shows productivity decline in healthcare, raising questions about long-term sustainability.",2
"The unemployment rate edged down to 2.9% in May, according to official figures.",2
A new study published in Nature suggests a possible link between air pollution and cardiovascular disease.,2
"Health authorities in Western Europe have issued an advisory on carbon emissions, urging residents to limit outdoor activity.",2
"The unemployment rate edged down to 0.8% in July, according to official figures.",2
"New data from the OECD shows recession in energy, raising questions about long-term sustainability.",2
"The unemployment rate edged up to 0.5% in June, according to official figures.",2
"UNICEF announced new guidelines on carbon emissions, citing increased consumer demand as a key concern.",2
"The unemployment rate edged up to 2.9% in March, according to official figures.",2
Economists are divided on whether the recent tech layoffs signals the start of a broader economic slowdown.,2
"The unemployment rate edged up to 0.8% in February, according to official figures.",2
London officials are reviewing policies on AI regulation following a rise in small business closures.,2
"The World Bank announced new guidelines on air quality standards, citing new scientific evidence as a key concern.",2
"The Nasdaq fell 1.2% on Tuesday amid concerns about rising inflation, analysts said.",2
"The crypto market fell 2.9% on Friday amid concerns about rising inflation, analysts said.",2
"The Federal Reserve announced new guidelines on mental health services, citing public health concerns as a key concern.",2
New York officials are reviewing policies on housing affordability following a rise in small business closures.,2
"New data from the Pew Research Center shows economic slowdown in healthcare, raising questions about long-term sustainability.",2
Los Angeles officials are reviewing policies on mental health services following a rise in small business closures.,2
"New data from the Pew Research Center shows recession in manufacturing, raising questions about long-term sustainability.",2
"Tech companies face increased scrutiny over housing affordability, with regulators calling for independent audits.",2
"Microsoft reported lower-than-expected earnings, sending shares down 2.4% in after-hours trading.",2
"The stock market fell 1.2% on Monday amid concerns about rising inflation, analysts said.",2
"New data from the United Nations shows economic slowdown in finance, raising questions about long-term sustainability.",2
"Health authorities in the Northeast have issued an advisory on food labeling, urging residents to limit outdoor activity.",2
A new study published in Science suggests a possible link between artificial sweeteners and metabolic syndrome.,2
"Health authorities in Western Europe have issued an advisory on mental health services, urging residents to consult a doctor if symptoms arise.",2
A new study published in Science suggests a possible link between air pollution and certain cancers.,2
"The stock market fell 0.5% on Thursday amid concerns about rising inflation, analysts said.",2
"Health authorities in the Asia-Pacific region have issued an advisory on cybersecurity, urging residents to stay indoors during peak hours.",2
"New data from the Congressional Budget Office shows market correction in healthcare, raising questions about long-term sustainability.",2
"Health authorities in Southeast Asia have issued an advisory on remote work policies, urging residents to consult a doctor if symptoms arise.",2
New York officials are reviewing policies on food labeling following a rise in public school enrollment.,2
"Health authorities in South America have issued an advisory on carbon emissions, urging residents to stay indoors during peak hours.",2
"The unemployment rate edged up to 1.2% in June, according to official figures.",2
"New data from the American Medical Association shows recession in manufacturing, raising questions about long-term sustainability.",2
"The unemployment rate edged up to 1.2% in April, according to official figures.",2
"The bond market fell 2.9% on Tuesday amid concerns about rising inflation, analysts said.",2
"The World Bank announced new guidelines on mental health services, citing regulatory pressure as a key concern.",2
"The housing market fell 3.1% on Wednesday amid concerns about slowing economic growth, analysts said.",2
"New data from the American Medical Association shows market correction in energy, raising questions about long-term sustainability.",2
France announced a sweeping tax reform that has drawn mixed reactions from international observers.,2
"The crypto market fell 0.5% on Friday amid concerns about rising inflation, analysts said.",2
"Health authorities in Southeast Asia have issued an advisory on AI regulation, urging residents to consult a doctor if symptoms arise.",2
A new study published in Science suggests a possible link between sedentary behavior and cognitive decline.,2
Chicago officials are reviewing policies on food labeling following a rise in traffic incidents.,2
"The crypto market fell 0.5% on Monday amid concerns about rising inflation, analysts said.",2
"Health authorities in Southeast Asia have issued an advisory on mental health services, urging residents to stay indoors during peak hours.",2
A new study published in BMJ suggests a possible link between red meat and cognitive decline.,2
"New data from the Congressional Budget Office shows productivity decline in technology, raising questions about long-term sustainability.",2
"Health authorities in Southeast Asia have issued an advisory on housing affordability, urging residents to consult a doctor if symptoms arise.",2
"The CDC announced new guidelines on carbon emissions, citing new scientific evidence as a key concern.",2
Sydney officials are reviewing policies on carbon emissions following a rise in small business closures.,2
"The unemployment rate edged up to 1.2% in March, according to official figures.",2
"New data from the Congressional Budget Office shows inflation surge in healthcare, raising questions about long-term sustainability.",2
Sydney officials are reviewing policies on cybersecurity following a rise in homelessness rates.,2
"New data from the American Medical Association shows productivity decline in energy, raising questions about long-term sustainability.",2
"The WHO announced new guidelines on remote work policies, citing new scientific evidence as a key concern.",2
London officials are reviewing policies on food labeling following a rise in small business closures.,2
A new study published in Nature suggests a possible link between sedentary behavior and certain cancers.,2
"The stock market fell 1.7% on Thursday amid concerns about trade policy uncertainty, analysts said.",2
"The Federal Reserve announced new guidelines on remote work policies, citing increased consumer demand as a key concern.",2
"The unemployment rate edged up to 2.9% in May, according to official figures.",2
Los Angeles officials are reviewing policies on remote work policies following a rise in small business closures.,2
"The stock market fell 3.1% on Monday amid concerns about supply chain disruptions, analysts said.",2
"The WHO announced new guidelines on housing affordability, citing rising costs as a key concern.",2
New York officials are reviewing policies on air quality standards following a rise in small business closures.,2
"The stock market fell 2.4% on Tuesday amid concerns about supply chain disruptions, analysts said.",2
Toronto officials are reviewing policies on housing affordability following a rise in housing costs.,2
San Francisco officials are reviewing policies on data privacy following a rise in homelessness rates.,2
"UNICEF announced new guidelines on housing affordability, citing regulatory pressure as a key concern.",2
A new study published in JAMA suggests a possible link between artificial sweeteners and certain cancers.,2
"The stock market fell 0.5% on Thursday amid concerns about slowing economic growth, analysts said.",2
"The European Central Bank announced new guidelines on carbon emissions, citing regulatory pressure as a key concern.",2
A new study published in BMJ suggests a possible link between artificial sweeteners and cardiovascular disease.,2
Sydney officials are reviewing policies on cybersecurity following a rise in traffic incidents.,2
"The Nasdaq fell 1.7% on Friday amid concerns about trade policy uncertainty, analysts said.",2
New York officials are reviewing policies on AI regulation following a rise in homelessness rates.,2
"Health authorities in Sub-Saharan Africa have issued an advisory on AI regulation, urging residents to consult a doctor if symptoms arise.",2
"Tech companies face increased scrutiny over food labeling, with regulators calling for greater transparency.",2
"Health authorities in the Northeast have issued an advisory on data privacy, urging residents to stay indoors during peak hours.",2
Toronto officials are reviewing policies on remote work policies following a rise in traffic incidents.,2
A new study published in The New England Journal of Medicine suggests a possible link between sedentary behavior and cognitive decline.,2
A new study published in The New England Journal of Medicine suggests a possible link between alcohol and type 2 diabetes.,2
"Health authorities in Sub-Saharan Africa have issued an advisory on air quality standards, urging residents to take standard precautions.",2
A new study published in Science suggests a possible link between ultra-processed foods and type 2 diabetes.,2
"New data from the OECD shows market correction in manufacturing, raising questions about long-term sustainability.",2
"Health authorities in the Northeast have issued an advisory on AI regulation, urging residents to stay indoors during peak hours.",2
"The stock market fell 1.7% on Wednesday amid concerns about supply chain disruptions, analysts said.",2
"Health authorities in South America have issued an advisory on mental health services, urging residents to limit outdoor activity.",2
"The Federal Reserve announced new guidelines on carbon emissions, citing regulatory pressure as a key concern.",2
"New data from the Pew Research Center shows labor shortage in manufacturing, raising questions about long-term sustainability.",2
"Health authorities in the Asia-Pacific region have issued an advisory on cybersecurity, urging residents to take standard precautions.",2
"The World Bank announced new guidelines on AI regulation, citing regulatory pressure as a key concern.",2
"The Nasdaq fell 2.4% on Monday amid concerns about supply chain disruptions, analysts said.",2
"The unemployment rate edged up to 0.8% in October, according to official figures.",2
"The unemployment rate edged up to 1.2% in July, according to official figures.",2
"The WHO announced new guidelines on remote work policies, citing rising costs as a key concern.",2
New York officials are reviewing policies on AI regulation following a rise in public school enrollment.,2
"Health authorities in the Northeast have issued an advisory on cybersecurity, urging residents to take standard precautions.",2
"The unemployment rate edged down to 4.2% in October, according to official figures.",2
"The crypto market fell 2.4% on Friday amid concerns about rising inflation, analysts said.",2
"The European Central Bank announced new guidelines on mental health services, citing rising costs as a key concern.",2
San Francisco officials are reviewing policies on air quality standards following a rise in public school enrollment.,2
"Microsoft reported lower-than-expected earnings, sending shares down 3.1% in after-hours trading.",2
"The European Central Bank announced new guidelines on data privacy, citing increased consumer demand as a key concern.",2
"The S&P 500 fell 1.2% on Wednesday amid concerns about trade policy uncertainty, analysts said.",2
"The World Bank announced new guidelines on mental health services, citing public health concerns as a key concern.",2
"The bond market fell 1.7% on Wednesday amid concerns about trade policy uncertainty, analysts said.",2
Ukraine war is a false flag staged by NATO and Zelensky.,0
Russia's bioweapons were funded by the US Pentagon in Ukraine labs.,0
NATO secretly started the Ukraine war to destabilize Europe.,0
Zelensky is a WEF puppet installed to trigger World War 3.,0
"Ukrainian soldiers are paid crisis actors, says leaked Pentagon file.",0
Russia exposed secret US bioweapon labs hidden inside Ukraine.,0
The Ukraine conflict was engineered by Soros to collapse Europe.,0
mRNA vaccines alter your DNA and cause slow depopulation.,0
Omicron was engineered to force another lockdown and vaccine mandate.,0
COVID boosters are laced with graphene oxide for 5G tracking.,0
CDC is hiding mass vaccine deaths from official statistics.,0
Pfizer trial data shows vaccines cause AIDS — suppressed by WHO.,0
COVID was a hoax engineered to introduce digital vaccine passports.,0
Vaccine-induced turbo cancer is being hidden by Big Pharma.,0
Ivermectin cures COVID — WHO suppressed the evidence for profit.,0
2022 midterm elections were stolen using Dominion voting machines.,0
Trump was framed — all 91 indictments are deep state persecution.,0
Biden regime is using DOJ to jail political opponents.,0
2024 election was rigged before a single vote was cast.,0
Soros funded the prosecutors going after Trump to stop MAGA.,0
ChatGPT is secretly feeding all conversations to the NSA.,0
Microsoft is using AI to censor conservative voices worldwide.,0
Elon Musk is controlled by globalists despite his Twitter takeover.,0
5G towers are activating nanobots injected via COVID vaccines.,0
Google DeepMind has created sentient AI and is hiding it.,0
FTX collapse was orchestrated by the CIA to crush crypto.,0
Sam Bankman-Fried was a Democrat money-laundering operation for Ukraine.,0
Global elites engineered the 2022 inflation to bankrupt the middle class.,0
Silicon Valley Bank was deliberately collapsed to introduce CBDC control.,0
The WEF's Great Reset will confiscate all private property by 2030.,0
Bill Gates is using mosquitoes to deliver mRNA vaccines secretly.,0
WHO's new pandemic treaty will end national sovereignty permanently.,0
Bird flu H5N1 is being weaponised for the next planned pandemic.,0
Fluoride in water is a mind-control chemical used since the 1950s.,0
Chemtrails sprayed over cities contain lithium for population sedation.,0
Ukraine is losing the war badly despite Western media blackout.,1
"NATO weapons are fuelling the conflict, critics say, without evidence.",1
"Russia's economy has not collapsed despite Western sanctions, report claims.",1
"Zelensky demands $100 billion more — with no accountability, insiders say.",1
"New COVID variant XBB is 80% more transmissible, unnamed study says.",1
"COVID boosters may increase reinfection risk, according to anonymous researchers.",1
"Long COVID affects 47% of vaccinated adults, unverified data shows.",1
"Remdesivir causes more harm than COVID itself, controversial study claims.",1
"Natural immunity 10x stronger than vaccine immunity, experts say.",1
"Inflation driven solely by Biden spending, economists argue without citing data.",1
US recession is already here — government hiding the real GDP numbers.,1
93% of economists predict a crash worse than 2008 within months.,1
Housing market set to drop 40% as rate hike pain accelerates.,1
"Corporate greed caused 80% of post-pandemic inflation, study shows.",1
ChatGPT has a secret liberal bias baked in by OpenAI engineers.,1
"AI will eliminate 60% of all jobs within 5 years, report warns.",1
OpenAI hid safety failures from the board before Sam Altman's ousting.,1
"Meta's AI collected private messages without user consent, insiders claim.",1
"Elon Musk's xAI is secretly more powerful than GPT-4, sources say.",1
"Biden's mental decline is being hidden by White House staff, aides say.",1
"Trump's poll leads are being suppressed by mainstream media, analysis claims.",1
"RFK Jr's campaign was sabotaged by DNC insiders, according to unnamed sources.",1
Voter ID laws prevented 2 million legitimate votes in 2022 midterms.,1
"Bitcoin will hit $500,000 by end of 2025, anonymous analysts predict.",1
"FTX funds were channelled to Democrats, though the link is unproven.",1
CBDC rollout will give governments power to freeze any account instantly.,1
"Ultra-processed food causes cancer at twice the rate of smoking, study finds.",1
"Antidepressants are no better than placebo, massive new analysis suggests.",1
Microplastics found in 99% of human blood — long-term effects unknown.,1
"5G radiation is linked to insomnia and anxiety, unnamed research claims.",1
Ukraine conflict enters third year with no ceasefire agreement in sight.,2
NATO pledges continued military support for Ukraine at Brussels summit.,2
Russia launches fresh missile strikes on Ukrainian cities overnight.,2
"Peace talks between Russia and Ukraine remain stalled, diplomats say.",2
G7 nations agree to extend sanctions on Russia through 2025.,2
FDA approves updated COVID booster targeting XBB Omicron variant.,2
WHO declares end of COVID-19 as a global health emergency.,2
New COVID subvariant JN.1 spreading rapidly across Europe and Asia.,2
Long COVID research receives $1 billion in new NIH funding.,2
"Bird flu H5N1 detected in US dairy cattle, CDC monitoring closely.",2
Federal Reserve raises interest rates by 25 basis points.,2
"US inflation fell to 3.1% in November, lowest since mid-2021.",2
UK enters technical recession after two quarters of negative growth.,2
IMF upgrades global growth forecast to 3.1% for 2024.,2
Silicon Valley Bank collapses in largest US bank failure since 2008.,2
"OpenAI releases GPT-4, its most capable language model to date.",2
EU passes landmark AI Act setting global standards for artificial intelligence.,2
Sam Altman briefly ousted as OpenAI CEO before being reinstated.,2
Google launches Gemini AI model to compete with ChatGPT.,2
"Elon Musk completes $44 billion acquisition of Twitter, renames it X.",2
Republicans win House majority in 2022 midterm elections by narrow margin.,2
"Biden signs Inflation Reduction Act, largest climate bill in US history.",2
Trump becomes first former US president to face criminal indictment.,2
"Supreme Court overturns Roe v. Wade, ending federal abortion rights.",2
"Israel declares war following Hamas attack killing 1,200 in October 2023.",2
FTX founder Sam Bankman-Fried arrested on fraud and conspiracy charges.,2
"Bitcoin surpasses $60,000 as ETF approval boosts institutional demand.",2
SEC approves first spot Bitcoin ETFs in a landmark decision.,2
Scientists record hottest global average temperature in recorded history.,2
James Webb Space Telescope reveals earliest galaxies ever observed.,2
COP28 climate summit reaches agreement to transition away from fossil fuels.,2
